tonearm_spec_id,manufacturer,model_name,field_name,value_num,value_text,unit,raw_value_text,status,confidence,notes,source_name,source_url
385,ADC,ALT-1,effective_length_mm,237.0,,mm,237,parsed,0.6,,BIGLOBE Arm Data,https://www7a.biglobe.ne.jp/~yosh/armdata.htm
1514,ADC,ALT-1,null_alignment_type,,Other,,69.000 / 129.000 mm,derived,0.75,Backfilled from null-point pair proximity to reference alignments; nearest-reference distance 8.638 mm.,BIGLOBE Arm Data,https://www7a.biglobe.ne.jp/~yosh/armdata.htm
389,ADC,ALT-1,null_point_inner_mm,69.0,,mm,69/129,parsed,0.6,,BIGLOBE Arm Data,https://www7a.biglobe.ne.jp/~yosh/armdata.htm
390,ADC,ALT-1,null_point_outer_mm,129.0,,mm,69/129,parsed,0.6,,BIGLOBE Arm Data,https://www7a.biglobe.ne.jp/~yosh/armdata.htm
388,ADC,ALT-1,null_points,,69/129,,69/129,parsed,0.6,,BIGLOBE Arm Data,https://www7a.biglobe.ne.jp/~yosh/armdata.htm
387,ADC,ALT-1,offset_angle_deg,24.6,,deg,24.6,parsed,0.6,,BIGLOBE Arm Data,https://www7a.biglobe.ne.jp/~yosh/armdata.htm
386,ADC,ALT-1,overhang_mm,19.0,,mm,19,parsed,0.6,,BIGLOBE Arm Data,https://www7a.biglobe.ne.jp/~yosh/armdata.htm
2600,ADC,ALT-1,product_lineage,,"ADC ALT-1 is documented by mirrored original-manual support as the low-cost version of the LMF-1 tonearm, fitted with an aluminium arm tube and detachable headshell.",,ALT-1 is low cost version of LMF-1,parsed,0.8,Manual-mirror support for exact model.,ADC ALT-1 Low-Mass Tonearm Manual,https://www.vinylengine.com/library/adc/alt-1.shtml
379,ADC,LMF-1 & LMF-2,effective_length_mm,237.0,,mm,237,parsed,0.6,,BIGLOBE Arm Data,https://www7a.biglobe.ne.jp/~yosh/armdata.htm
1513,ADC,LMF-1 & LMF-2,null_alignment_type,,Other,,60.000 / 114.000 mm,derived,0.75,Backfilled from null-point pair proximity to reference alignments; nearest-reference distance 3.435 mm.,BIGLOBE Arm Data,https://www7a.biglobe.ne.jp/~yosh/armdata.htm
383,ADC,LMF-1 & LMF-2,null_point_inner_mm,60.0,,mm,60/114,parsed,0.6,,BIGLOBE Arm Data,https://www7a.biglobe.ne.jp/~yosh/armdata.htm
384,ADC,LMF-1 & LMF-2,null_point_outer_mm,114.0,,mm,60/114,parsed,0.6,,BIGLOBE Arm Data,https://www7a.biglobe.ne.jp/~yosh/armdata.htm
382,ADC,LMF-1 & LMF-2,null_points,,60/114,,60/114,parsed,0.6,,BIGLOBE Arm Data,https://www7a.biglobe.ne.jp/~yosh/armdata.htm
381,ADC,LMF-1 & LMF-2,offset_angle_deg,21.6,,deg,21.6,parsed,0.6,,BIGLOBE Arm Data,https://www7a.biglobe.ne.jp/~yosh/armdata.htm
380,ADC,LMF-1 & LMF-2,overhang_mm,15.0,,mm,15,parsed,0.6,,BIGLOBE Arm Data,https://www7a.biglobe.ne.jp/~yosh/armdata.htm
2601,ADC,LMF-1 & LMF-2,product_lineage,,Original ADC manufacturer advertisement introduces the LMF carbon fiber tonearms and explicitly distinguishes LMF-1 and LMF-2 variants within the same low-mass family.,,ADC LMF carbon fiber tonearms advertisement,parsed,0.75,Manufacturer-advertisement support for grouped exact models.,"ADC TONEARMS (Advertisement, Sept. 1978)",https://www.gammaelectronics.xyz/audio_09-1978_adc.html
2602,ADC,LMF-1 & LMF-2,product_lineage,,Official Luxman armboard fitment list includes ADC LMF-1 and LMF-2 together as compatible tonearms for the PD310 platform.,,PD310 armboard list includes LMF-1 and LMF-2,parsed,0.7,Official third-party historical support for grouped exact models.,LUXMAN PD310の仕様 ラックスマン,https://audio-heritage.jp/LUXMAN/player/pd310.html
1134,AMG,12JT,arm_mount,,20 mm bushing / 25 mm Viella / 30 mm Viella Forte / 30-48 mm screw circle,,20 mm without adapter socket; 25 mm AMG Viella; 30 mm AMG Viella Forte; 30/48 mm screw circle,parsed,0.9,,AMG 12JT official product page,https://analog-manufaktur-germany.de/en/tonearms/12jt/
1126,AMG,12JT,effective_length_mm,304.8,,mm,304.8 mm,parsed,0.95,,AMG 12JT official product page,https://analog-manufaktur-germany.de/en/tonearms/12jt/
1130,AMG,12JT,effective_mass_g,12.2,,g,12.2 g,parsed,0.95,,AMG 12JT official product page,https://analog-manufaktur-germany.de/en/tonearms/12jt/
1127,AMG,12JT,mounting_distance_mm,291.4,,mm,291.4 mm,parsed,0.95,,AMG 12JT official product page,https://analog-manufaktur-germany.de/en/tonearms/12jt/
1636,AMG,12JT,null_alignment_type,,Baewald,,66.040 / 120.900 mm,derived,0.9,Backfilled from null-point pair proximity to reference alignments; nearest-reference distance 0.040 mm.,AMG 12JT official product page,https://analog-manufaktur-germany.de/en/tonearms/12jt/
1132,AMG,12JT,null_point_inner_mm,66.04,,mm,66.04 mm,parsed,0.95,,AMG 12JT official product page,https://analog-manufaktur-germany.de/en/tonearms/12jt/
1133,AMG,12JT,null_point_outer_mm,120.9,,mm,120.9 mm,parsed,0.95,,AMG 12JT official product page,https://analog-manufaktur-germany.de/en/tonearms/12jt/
1131,AMG,12JT,null_points,,66.04 / 120.9,,66.04 mm / 120.9 mm,parsed,0.95,,AMG 12JT official product page,https://analog-manufaktur-germany.de/en/tonearms/12jt/
1129,AMG,12JT,offset_angle_deg,17.89,,deg,17.89 degrees,parsed,0.95,,AMG 12JT official product page,https://analog-manufaktur-germany.de/en/tonearms/12jt/
1128,AMG,12JT,overhang_mm,13.4,,mm,13.4 mm,parsed,0.95,,AMG 12JT official product page,https://analog-manufaktur-germany.de/en/tonearms/12jt/
1125,AMG,9W2,arm_mount,,20 mm bushing / 25 mm Viella / 30 mm Viella Forte / 30-48 mm screw circle,,20 mm without adapter socket; 25 mm AMG Viella; 30 mm AMG Viella Forte; 30/48 mm screw circle,parsed,0.9,,AMG 9W2 official product page,https://analog-manufaktur-germany.de/en/tonearms/9w2/
1117,AMG,9W2,effective_length_mm,229.0,,mm,229 mm,parsed,0.95,,AMG 9W2 official product page,https://analog-manufaktur-germany.de/en/tonearms/9w2/
1121,AMG,9W2,effective_mass_g,9.1,,g,9.1 g,parsed,0.95,,AMG 9W2 official product page,https://analog-manufaktur-germany.de/en/tonearms/9w2/
1118,AMG,9W2,mounting_distance_mm,211.0,,mm,211 mm,parsed,0.95,,AMG 9W2 official product page,https://analog-manufaktur-germany.de/en/tonearms/9w2/
1635,AMG,9W2,null_alignment_type,,Baewald,,66.040 / 120.900 mm,derived,0.9,Backfilled from null-point pair proximity to reference alignments; nearest-reference distance 0.040 mm.,AMG 9W2 official product page,https://analog-manufaktur-germany.de/en/tonearms/9w2/
1123,AMG,9W2,null_point_inner_mm,66.04,,mm,66.04 mm,parsed,0.95,,AMG 9W2 official product page,https://analog-manufaktur-germany.de/en/tonearms/9w2/
1124,AMG,9W2,null_point_outer_mm,120.9,,mm,120.9 mm,parsed,0.95,,AMG 9W2 official product page,https://analog-manufaktur-germany.de/en/tonearms/9w2/
1122,AMG,9W2,null_points,,66.04 / 120.9,,66.04 mm / 120.9 mm,parsed,0.95,,AMG 9W2 official product page,https://analog-manufaktur-germany.de/en/tonearms/9w2/
1120,AMG,9W2,offset_angle_deg,24.07,,deg,24.07 degrees,parsed,0.95,,AMG 9W2 official product page,https://analog-manufaktur-germany.de/en/tonearms/9w2/
1119,AMG,9W2,overhang_mm,18.1,,mm,18.1 mm,parsed,0.95,,AMG 9W2 official product page,https://analog-manufaktur-germany.de/en/tonearms/9w2/
2282,Acoustic Signature,TA-5000 NEO,arm_size,,9-inch,,Available sizes: 9-inch,parsed,0.9,,Acoustic Signature TA-5000 NEO official page,https://www.acoustic-signature.com/products/tonearms/ta-5000-neo/
2295,Acoustic Signature,TA-5000 NEO,arm_size,,12-inch,,Available sizes: 12-inch,parsed,0.9,,Acoustic Signature TA-5000 NEO official page,https://www.acoustic-signature.com/products/tonearms/ta-5000-neo/
2292,Acoustic Signature,TA-5000 NEO,arm_tube_material,,triple-layer carbon,,Armtube: Triple-layer carbon,parsed,0.9,,Acoustic Signature TA-5000 NEO official page,https://www.acoustic-signature.com/products/tonearms/ta-5000-neo/
2305,Acoustic Signature,TA-5000 NEO,arm_tube_material,,triple-layer carbon,,Armtube: Triple-layer carbon,parsed,0.9,,Acoustic Signature TA-5000 NEO official page,https://www.acoustic-signature.com/products/tonearms/ta-5000-neo/
2294,Acoustic Signature,TA-5000 NEO,bearing_type,,pre-tensioned hybrid ball bearings,,high-precision hybrid ball bearings made of ceramic and stainless steel,parsed,0.9,,Acoustic Signature TA-5000 NEO official page,https://www.acoustic-signature.com/products/tonearms/ta-5000-neo/
2307,Acoustic Signature,TA-5000 NEO,bearing_type,,pre-tensioned hybrid ball bearings,,high-precision hybrid ball bearings made of ceramic and stainless steel,parsed,0.9,,Acoustic Signature TA-5000 NEO official page,https://www.acoustic-signature.com/products/tonearms/ta-5000-neo/
2290,Acoustic Signature,TA-5000 NEO,cartridge_range_high_g,16.0,,g,Cartridge balance range: 6 to 16 g,parsed,0.9,,Acoustic Signature TA-5000 NEO official page,https://www.acoustic-signature.com/products/tonearms/ta-5000-neo/
2303,Acoustic Signature,TA-5000 NEO,cartridge_range_high_g,16.0,,g,Cartridge balance range: 6 to 16 g,parsed,0.9,,Acoustic Signature TA-5000 NEO official page,https://www.acoustic-signature.com/products/tonearms/ta-5000-neo/
2289,Acoustic Signature,TA-5000 NEO,cartridge_range_low_g,6.0,,g,Cartridge balance range: 6 to 16 g,parsed,0.9,,Acoustic Signature TA-5000 NEO official page,https://www.acoustic-signature.com/products/tonearms/ta-5000-neo/
2302,Acoustic Signature,TA-5000 NEO,cartridge_range_low_g,6.0,,g,Cartridge balance range: 6 to 16 g,parsed,0.9,,Acoustic Signature TA-5000 NEO official page,https://www.acoustic-signature.com/products/tonearms/ta-5000-neo/
2284,Acoustic Signature,TA-5000 NEO,effective_length_mm,239.3,,mm,Effective length: 239.3 mm,parsed,0.9,,Acoustic Signature TA-5000 NEO official page,https://www.acoustic-signature.com/products/tonearms/ta-5000-neo/
2297,Acoustic Signature,TA-5000 NEO,effective_length_mm,309.0,,mm,Effective length: 309 mm,parsed,0.9,,Acoustic Signature TA-5000 NEO official page,https://www.acoustic-signature.com/products/tonearms/ta-5000-neo/
2287,Acoustic Signature,TA-5000 NEO,effective_mass_g,12.4,,g,Effective mass: 12.4 g,parsed,0.9,,Acoustic Signature TA-5000 NEO official page,https://www.acoustic-signature.com/products/tonearms/ta-5000-neo/
2300,Acoustic Signature,TA-5000 NEO,effective_mass_g,14.4,,g,Effective mass: 14.4 g,parsed,0.9,,Acoustic Signature TA-5000 NEO official page,https://www.acoustic-signature.com/products/tonearms/ta-5000-neo/
2283,Acoustic Signature,TA-5000 NEO,length_mm,289.0,,mm,Length: 289 mm,parsed,0.9,,Acoustic Signature TA-5000 NEO official page,https://www.acoustic-signature.com/products/tonearms/ta-5000-neo/
2296,Acoustic Signature,TA-5000 NEO,length_mm,362.0,,mm,Length: 362 mm,parsed,0.9,,Acoustic Signature TA-5000 NEO official page,https://www.acoustic-signature.com/products/tonearms/ta-5000-neo/
2285,Acoustic Signature,TA-5000 NEO,mounting_distance_mm,222.0,,mm,Mounting distance: 222 mm,parsed,0.9,,Acoustic Signature TA-5000 NEO official page,https://www.acoustic-signature.com/products/tonearms/ta-5000-neo/
2298,Acoustic Signature,TA-5000 NEO,mounting_distance_mm,295.8,,mm,Mounting distance: 295.8 mm,parsed,0.9,,Acoustic Signature TA-5000 NEO official page,https://www.acoustic-signature.com/products/tonearms/ta-5000-neo/
2291,Acoustic Signature,TA-5000 NEO,mounting_type,,SME style,,Mounting: SME style,parsed,0.9,,Acoustic Signature TA-5000 NEO official page,https://www.acoustic-signature.com/products/tonearms/ta-5000-neo/
2304,Acoustic Signature,TA-5000 NEO,mounting_type,,SME style,,Mounting: SME style,parsed,0.9,,Acoustic Signature TA-5000 NEO official page,https://www.acoustic-signature.com/products/tonearms/ta-5000-neo/
2370,Acoustic Signature,TA-5000 NEO,null_alignment_type,,Unknown,,Unknown,derived,0.4,Defaulted because the current source set does not explicitly specify a null alignment family.,Acoustic Signature TA-5000 NEO official page,https://www.acoustic-signature.com/products/tonearms/ta-5000-neo/
2293,Acoustic Signature,TA-5000 NEO,output_cable,,Atlas Equator phono cable; 5-pin to RCA/ground,,Phono cable: Atlas Equator phono cable; Connectors: 5-pin to RCA/ground connector,parsed,0.9,,Acoustic Signature TA-5000 NEO official page,https://www.acoustic-signature.com/products/tonearms/ta-5000-neo/
2306,Acoustic Signature,TA-5000 NEO,output_cable,,Atlas Equator phono cable; 5-pin to RCA/ground,,Phono cable: Atlas Equator phono cable; Connectors: 5-pin to RCA/ground connector,parsed,0.9,,Acoustic Signature TA-5000 NEO official page,https://www.acoustic-signature.com/products/tonearms/ta-5000-neo/
2288,Acoustic Signature,TA-5000 NEO,overhang_mm,17.3,,mm,Overhang: 17.3 mm,parsed,0.9,,Acoustic Signature TA-5000 NEO official page,https://www.acoustic-signature.com/products/tonearms/ta-5000-neo/
2301,Acoustic Signature,TA-5000 NEO,overhang_mm,13.2,,mm,Overhang: 13.2 mm,parsed,0.9,,Acoustic Signature TA-5000 NEO official page,https://www.acoustic-signature.com/products/tonearms/ta-5000-neo/
2286,Acoustic Signature,TA-5000 NEO,total_weight_g,573.0,,g,Total weight: 573 g,parsed,0.9,,Acoustic Signature TA-5000 NEO official page,https://www.acoustic-signature.com/products/tonearms/ta-5000-neo/
2299,Acoustic Signature,TA-5000 NEO,total_weight_g,687.0,,g,Total weight: 687 g,parsed,0.9,,Acoustic Signature TA-5000 NEO official page,https://www.acoustic-signature.com/products/tonearms/ta-5000-neo/
2322,Acoustic Signature,TA-7000 NEO 12-inch,arm_size,,12-inch,,Available sizes: 12-inch,parsed,0.9,,Acoustic Signature TA-7000 NEO official page,https://www.acoustic-signature.com/products/tonearms/ta-7000-neo/
2333,Acoustic Signature,TA-7000 NEO 12-inch,arm_tube_material,,3D-damped carbon armtube,,Armtube: 3D-damped carbon armtube,parsed,0.9,,Acoustic Signature TA-7000 NEO official page,https://www.acoustic-signature.com/products/tonearms/ta-7000-neo/
2335,Acoustic Signature,TA-7000 NEO 12-inch,bearing_type,,pre-tensioned high-precision ball bearings,,pre-tensioned high-precision ball bearings,parsed,0.9,,Acoustic Signature TA-7000 NEO official page,https://www.acoustic-signature.com/products/tonearms/ta-7000-neo/
2331,Acoustic Signature,TA-7000 NEO 12-inch,cartridge_range_high_g,16.0,,g,Cartridge balance range: 6 to 16 g,parsed,0.9,,Acoustic Signature TA-7000 NEO official page,https://www.acoustic-signature.com/products/tonearms/ta-7000-neo/
2330,Acoustic Signature,TA-7000 NEO 12-inch,cartridge_range_low_g,6.0,,g,Cartridge balance range: 6 to 16 g,parsed,0.9,,Acoustic Signature TA-7000 NEO official page,https://www.acoustic-signature.com/products/tonearms/ta-7000-neo/
2324,Acoustic Signature,TA-7000 NEO 12-inch,effective_length_mm,309.0,,mm,Effective length: 309 mm,parsed,0.9,,Acoustic Signature TA-7000 NEO official page,https://www.acoustic-signature.com/products/tonearms/ta-7000-neo/
2327,Acoustic Signature,TA-7000 NEO 12-inch,effective_mass_g,13.9,,g,Effective mass: 13.9 g,parsed,0.9,,Acoustic Signature TA-7000 NEO official page,https://www.acoustic-signature.com/products/tonearms/ta-7000-neo/
2323,Acoustic Signature,TA-7000 NEO 12-inch,length_mm,358.0,,mm,Length: 358 mm,parsed,0.9,,Acoustic Signature TA-7000 NEO official page,https://www.acoustic-signature.com/products/tonearms/ta-7000-neo/
2325,Acoustic Signature,TA-7000 NEO 12-inch,mounting_distance_mm,295.8,,mm,Mounting distance: 295.8 mm,parsed,0.9,,Acoustic Signature TA-7000 NEO official page,https://www.acoustic-signature.com/products/tonearms/ta-7000-neo/
2332,Acoustic Signature,TA-7000 NEO 12-inch,mounting_type,,SME style,,Mounting: SME style,parsed,0.9,,Acoustic Signature TA-7000 NEO official page,https://www.acoustic-signature.com/products/tonearms/ta-7000-neo/
2372,Acoustic Signature,TA-7000 NEO 12-inch,null_alignment_type,,Unknown,,Unknown,derived,0.4,Defaulted because the current source set does not explicitly specify a null alignment family.,Acoustic Signature TA-7000 NEO official page,https://www.acoustic-signature.com/products/tonearms/ta-7000-neo/
2328,Acoustic Signature,TA-7000 NEO 12-inch,offset_angle_deg,12.1,,deg,Tilt angle: 12.1°,parsed,0.9,Official page labels this value as tilt angle (depends on cartridge); used as published geometric angle field.,Acoustic Signature TA-7000 NEO official page,https://www.acoustic-signature.com/products/tonearms/ta-7000-neo/
2334,Acoustic Signature,TA-7000 NEO 12-inch,output_cable,,1.5 m Atlas Equator phono cable; 5-pin to RCA or XLR/ground,,Phono cable: 1.5 m Atlas Equator phono cable; Connectors: 5-pin to RCA or XLR/ground connector,parsed,0.9,,Acoustic Signature TA-7000 NEO official page,https://www.acoustic-signature.com/products/tonearms/ta-7000-neo/
2329,Acoustic Signature,TA-7000 NEO 12-inch,overhang_mm,13.2,,mm,Overhang: 13.2 mm,parsed,0.9,,Acoustic Signature TA-7000 NEO official page,https://www.acoustic-signature.com/products/tonearms/ta-7000-neo/
2326,Acoustic Signature,TA-7000 NEO 12-inch,total_weight_g,687.0,,g,Total weight: 687 g,parsed,0.9,,Acoustic Signature TA-7000 NEO official page,https://www.acoustic-signature.com/products/tonearms/ta-7000-neo/
2308,Acoustic Signature,TA-7000 NEO 9-inch,arm_size,,9-inch,,Available sizes: 9-inch,parsed,0.9,,Acoustic Signature TA-7000 NEO official page,https://www.acoustic-signature.com/products/tonearms/ta-7000-neo/
2319,Acoustic Signature,TA-7000 NEO 9-inch,arm_tube_material,,3D-damped carbon armtube,,Armtube: 3D-damped carbon armtube,parsed,0.9,,Acoustic Signature TA-7000 NEO official page,https://www.acoustic-signature.com/products/tonearms/ta-7000-neo/
2321,Acoustic Signature,TA-7000 NEO 9-inch,bearing_type,,pre-tensioned high-precision ball bearings,,pre-tensioned high-precision ball bearings,parsed,0.9,,Acoustic Signature TA-7000 NEO official page,https://www.acoustic-signature.com/products/tonearms/ta-7000-neo/
2317,Acoustic Signature,TA-7000 NEO 9-inch,cartridge_range_high_g,16.0,,g,Cartridge balance range: 6 to 16 g,parsed,0.9,,Acoustic Signature TA-7000 NEO official page,https://www.acoustic-signature.com/products/tonearms/ta-7000-neo/
2316,Acoustic Signature,TA-7000 NEO 9-inch,cartridge_range_low_g,6.0,,g,Cartridge balance range: 6 to 16 g,parsed,0.9,,Acoustic Signature TA-7000 NEO official page,https://www.acoustic-signature.com/products/tonearms/ta-7000-neo/
2310,Acoustic Signature,TA-7000 NEO 9-inch,effective_length_mm,239.3,,mm,Effective length: 239.3 mm,parsed,0.9,,Acoustic Signature TA-7000 NEO official page,https://www.acoustic-signature.com/products/tonearms/ta-7000-neo/
2313,Acoustic Signature,TA-7000 NEO 9-inch,effective_mass_g,10.2,,g,Effective mass: 10.2 g,parsed,0.9,,Acoustic Signature TA-7000 NEO official page,https://www.acoustic-signature.com/products/tonearms/ta-7000-neo/
2309,Acoustic Signature,TA-7000 NEO 9-inch,length_mm,289.0,,mm,Length: 289 mm,parsed,0.9,,Acoustic Signature TA-7000 NEO official page,https://www.acoustic-signature.com/products/tonearms/ta-7000-neo/
2311,Acoustic Signature,TA-7000 NEO 9-inch,mounting_distance_mm,222.0,,mm,Mounting distance: 222 mm,parsed,0.9,,Acoustic Signature TA-7000 NEO official page,https://www.acoustic-signature.com/products/tonearms/ta-7000-neo/
2318,Acoustic Signature,TA-7000 NEO 9-inch,mounting_type,,SME style,,Mounting: SME style,parsed,0.9,,Acoustic Signature TA-7000 NEO official page,https://www.acoustic-signature.com/products/tonearms/ta-7000-neo/
2371,Acoustic Signature,TA-7000 NEO 9-inch,null_alignment_type,,Other,,59.282 / 134.618 mm,derived,0.65,"Backfilled from derived null points using effective length, mounting distance/overhang, and offset angle; nearest-reference distance 15.275 mm.",Acoustic Signature TA-7000 NEO official page,https://www.acoustic-signature.com/products/tonearms/ta-7000-neo/
2314,Acoustic Signature,TA-7000 NEO 9-inch,offset_angle_deg,23.9,,deg,Tilt angle: 23.9°,parsed,0.9,Official page labels this value as tilt angle (depends on cartridge); used as published geometric angle field.,Acoustic Signature TA-7000 NEO official page,https://www.acoustic-signature.com/products/tonearms/ta-7000-neo/
2320,Acoustic Signature,TA-7000 NEO 9-inch,output_cable,,1.5 m Atlas Equator phono cable; 5-pin to RCA or XLR/ground,,Phono cable: 1.5 m Atlas Equator phono cable; Connectors: 5-pin to RCA or XLR/ground connector,parsed,0.9,,Acoustic Signature TA-7000 NEO official page,https://www.acoustic-signature.com/products/tonearms/ta-7000-neo/
2315,Acoustic Signature,TA-7000 NEO 9-inch,overhang_mm,17.3,,mm,Overhang: 17.3 mm,parsed,0.9,,Acoustic Signature TA-7000 NEO official page,https://www.acoustic-signature.com/products/tonearms/ta-7000-neo/
2312,Acoustic Signature,TA-7000 NEO 9-inch,total_weight_g,678.0,,g,Total weight: 678 g,parsed,0.9,,Acoustic Signature TA-7000 NEO official page,https://www.acoustic-signature.com/products/tonearms/ta-7000-neo/
2007,Acoustic Solid,WTB 213,arm_tube_material,,"carbon tube, silver or black; can also be painted in color",,"carbon tube silver or black, also painted in color",parsed,0.84,,Kronos AV Acoustic Solid WTB213 Carbon Tonearm page,https://www.kronosav.com/collections/acoustic-solid/products/acoustic-solid-wtb213-carbon-tonearm
2004,Acoustic Solid,WTB 213,arm_type,,radial tonearm,,Construction principle: Radial tonearm,parsed,0.84,,Kronos AV Acoustic Solid WTB213 Carbon Tonearm page,https://www.kronosav.com/collections/acoustic-solid/products/acoustic-solid-wtb213-carbon-tonearm
2016,Acoustic Solid,WTB 213,arm_weight_g,325.0,,g,Weight arm: 325 g (without weight),parsed,0.84,,Kronos AV Acoustic Solid WTB213 Carbon Tonearm page,https://www.kronosav.com/collections/acoustic-solid/products/acoustic-solid-wtb213-carbon-tonearm
2006,Acoustic Solid,WTB 213,bearing_play_adjustment,,fine-adjustable horizontally and vertically,,Bearing play can be finely adjusted both horizontally and vertically,parsed,0.84,,Kronos AV Acoustic Solid WTB213 Carbon Tonearm page,https://www.kronosav.com/collections/acoustic-solid/products/acoustic-solid-wtb213-carbon-tonearm
2005,Acoustic Solid,WTB 213,bearing_system,,Swiss precision steel balls; horizontally and vertically mounted,,mounted horizontally and vertically with Swiss precision steel balls,parsed,0.84,,Kronos AV Acoustic Solid WTB213 Carbon Tonearm page,https://www.kronosav.com/collections/acoustic-solid/products/acoustic-solid-wtb213-carbon-tonearm
2010,Acoustic Solid,WTB 213,cartridge_weight_range_g,,5-20 g,,Pickup weight: 5 – 20g,parsed,0.84,,Kronos AV Acoustic Solid WTB213 Carbon Tonearm page,https://www.kronosav.com/collections/acoustic-solid/products/acoustic-solid-wtb213-carbon-tonearm
2017,Acoustic Solid,WTB 213,counterweight_g,115.0,,g,Balance weight: 115g,parsed,0.84,,Kronos AV Acoustic Solid WTB213 Carbon Tonearm page,https://www.kronosav.com/collections/acoustic-solid/products/acoustic-solid-wtb213-carbon-tonearm
2012,Acoustic Solid,WTB 213,effective_length_mm,233.75,,mm,Effective length: 233.75 mm distance between tonearm pivot point and cartridge tip,parsed,0.84,,Kronos AV Acoustic Solid WTB213 Carbon Tonearm page,https://www.kronosav.com/collections/acoustic-solid/products/acoustic-solid-wtb213-carbon-tonearm
2008,Acoustic Solid,WTB 213,headshell_material,,"aircraft aluminum, hand-polished high gloss",,Headshell and attachments aircraft aluminum polished to a high gloss by hand,parsed,0.84,,Kronos AV Acoustic Solid WTB213 Carbon Tonearm page,https://www.kronosav.com/collections/acoustic-solid/products/acoustic-solid-wtb213-carbon-tonearm
2015,Acoustic Solid,WTB 213,mount_hole_mm,30.0,,mm,Tonearm mounting hole: 30mm,parsed,0.84,,Kronos AV Acoustic Solid WTB213 Carbon Tonearm page,https://www.kronosav.com/collections/acoustic-solid/products/acoustic-solid-wtb213-carbon-tonearm
2011,Acoustic Solid,WTB 213,mounting_distance_mm,216.0,,mm,Fixing distance: 216 mm distance between platter axis and tonearm pivot point,parsed,0.84,,Kronos AV Acoustic Solid WTB213 Carbon Tonearm page,https://www.kronosav.com/collections/acoustic-solid/products/acoustic-solid-wtb213-carbon-tonearm
2026,Acoustic Solid,WTB 213,null_alignment_type,,Baewald,,66.663 / 119.752 mm,derived,0.75,"Backfilled from derived null points using effective length, mounting distance/overhang, and offset angle; nearest-reference distance 1.326 mm.",Kronos AV Acoustic Solid WTB213 Carbon Tonearm page,https://www.kronosav.com/collections/acoustic-solid/products/acoustic-solid-wtb213-carbon-tonearm
2009,Acoustic Solid,WTB 213,offset_angle_deg,23.5,,deg,Offset angle: 23.5°,parsed,0.84,,Kronos AV Acoustic Solid WTB213 Carbon Tonearm page,https://www.kronosav.com/collections/acoustic-solid/products/acoustic-solid-wtb213-carbon-tonearm
2013,Acoustic Solid,WTB 213,overhang_mm,17.75,,mm,overhang: 17.75 mm distance between pickup tip and platter axis,parsed,0.84,,Kronos AV Acoustic Solid WTB213 Carbon Tonearm page,https://www.kronosav.com/collections/acoustic-solid/products/acoustic-solid-wtb213-carbon-tonearm
2533,Acoustic Solid,WTB 213,product_family,,Official Acoustic Solid product page for WTB 213 9-inch tonearm.,,WTB 213 9,parsed,0.6,Official manufacturer URL surfaced directly for the named WTB 213 model even though page body extraction remained limited.,Acoustic Solid WTB 213 9 official product page,https://acoustic-solid.com/produkt/wtb-213-9/
2014,Acoustic Solid,WTB 213,signal_cable,,continuous RCA cable; XLR possible on request,,"Signal cable: Continuously assembled with RCA plugs without interruption, XLR possible on request",parsed,0.84,,Kronos AV Acoustic Solid WTB213 Carbon Tonearm page,https://www.kronosav.com/collections/acoustic-solid/products/acoustic-solid-wtb213-carbon-tonearm
2018,Acoustic Solid,WTB 213,total_weight_g,440.0,,g,Complete weight: 440g,parsed,0.84,,Kronos AV Acoustic Solid WTB213 Carbon Tonearm page,https://www.kronosav.com/collections/acoustic-solid/products/acoustic-solid-wtb213-carbon-tonearm
2002,Acoustic Solid,WTB 313 12-inch,arm_tube_material,,"aircraft-grade aluminum, hand-polished high-gloss",,"Hand-polished high-gloss aircraft-grade aluminum tube, as well as headshell and all attachments",parsed,0.84,,Kronos AV Acoustic Solid 313 12-inch tonearm page,https://www.kronosav.com/products/acoustic-solid-313-12-tonearm
1989,Acoustic Solid,WTB 313 12-inch,arm_type,,radial tonearm,,Construction principle: Radial tonearm,parsed,0.84,,Kronos AV Acoustic Solid 313 12-inch tonearm page,https://www.kronosav.com/products/acoustic-solid-313-12-tonearm
1999,Acoustic Solid,WTB 313 12-inch,arm_weight_g,330.0,,g,Arm weight: 330 g (without weight),parsed,0.84,,Kronos AV Acoustic Solid 313 12-inch tonearm page,https://www.kronosav.com/products/acoustic-solid-313-12-tonearm
1991,Acoustic Solid,WTB 313 12-inch,bearing_play_adjustment,,fine-adjustable horizontally and vertically,,Bearing play: Fine-adjustable both horizontally and vertically,parsed,0.84,,Kronos AV Acoustic Solid 313 12-inch tonearm page,https://www.kronosav.com/products/acoustic-solid-313-12-tonearm
1990,Acoustic Solid,WTB 313 12-inch,bearing_system,,Swiss precision steel ball bearings; horizontally and vertically mounted,,horizontally and vertically mounted on Swiss precision steel ball bearings,parsed,0.84,,Kronos AV Acoustic Solid 313 12-inch tonearm page,https://www.kronosav.com/products/acoustic-solid-313-12-tonearm
1993,Acoustic Solid,WTB 313 12-inch,cartridge_weight_range_g,,8-25 g,,Pickup weight: 8 – 25g,parsed,0.84,,Kronos AV Acoustic Solid 313 12-inch tonearm page,https://www.kronosav.com/products/acoustic-solid-313-12-tonearm
2000,Acoustic Solid,WTB 313 12-inch,counterweight_g,120.0,,g,Counterweight: 120g,parsed,0.84,,Kronos AV Acoustic Solid 313 12-inch tonearm page,https://www.kronosav.com/products/acoustic-solid-313-12-tonearm
1995,Acoustic Solid,WTB 313 12-inch,effective_length_mm,302.9,,mm,Effective length: 302.9 mm distance between tonearm pivot point and pickup tip,parsed,0.84,,Kronos AV Acoustic Solid 313 12-inch tonearm page,https://www.kronosav.com/products/acoustic-solid-313-12-tonearm
1998,Acoustic Solid,WTB 313 12-inch,mount_hole_mm,30.0,,mm,Tonearm mounting hole: 30 mm,parsed,0.84,,Kronos AV Acoustic Solid 313 12-inch tonearm page,https://www.kronosav.com/products/acoustic-solid-313-12-tonearm
1994,Acoustic Solid,WTB 313 12-inch,mounting_distance_mm,287.0,,mm,Mounting distance: 287 mm distance between platter axis and tonearm pivot point,parsed,0.84,,Kronos AV Acoustic Solid 313 12-inch tonearm page,https://www.kronosav.com/products/acoustic-solid-313-12-tonearm
2003,Acoustic Solid,WTB 313 12-inch,null_alignment_type,,Unknown,,Unknown,derived,0.4,Defaulted because the current source set does not explicitly specify a null alignment family.,Kronos AV Acoustic Solid 313 12-inch tonearm page,https://www.kronosav.com/products/acoustic-solid-313-12-tonearm
1992,Acoustic Solid,WTB 313 12-inch,offset_angle_deg,17.3,,deg,Offset angle: 17.3°,parsed,0.84,,Kronos AV Acoustic Solid 313 12-inch tonearm page,https://www.kronosav.com/products/acoustic-solid-313-12-tonearm
1996,Acoustic Solid,WTB 313 12-inch,overhang_mm,15.9,,mm,Overhang: 15.9 mm distance between pickup tip and platter axis,parsed,0.84,,Kronos AV Acoustic Solid 313 12-inch tonearm page,https://www.kronosav.com/products/acoustic-solid-313-12-tonearm
2534,Acoustic Solid,WTB 313 12-inch,product_family,,Official Acoustic Solid tonearm catalogue includes current tonearm lineup including WTB 313 12-inch.,,produkt-kategorie/tonarme,parsed,0.55,Official manufacturer tonearm catalogue page used as family-level support where direct static extraction was limited.,Acoustic Solid tonearms category page,https://acoustic-solid.com/produkt-kategorie/tonarme/
1997,Acoustic Solid,WTB 313 12-inch,signal_cable,,continuous RCA cable; XLR available on request,,"Signal cable: Continuously assembled with RCA plugs without interruption, XLR possible on request",parsed,0.84,,Kronos AV Acoustic Solid 313 12-inch tonearm page,https://www.kronosav.com/products/acoustic-solid-313-12-tonearm
2001,Acoustic Solid,WTB 313 12-inch,total_weight_g,450.0,,g,Total weight: 450g,parsed,0.84,,Kronos AV Acoustic Solid 313 12-inch tonearm page,https://www.kronosav.com/products/acoustic-solid-313-12-tonearm
2020,Acoustic Solid,WTB 370,arm_tube_construction,,"brand new tube with increased rigidity to bearing housing, arm carrier and headshell",,"Featuring a brand new tube with increased rigidity to the bearing housing, arm carrier and headshell",parsed,0.8,,Electronic Depot Acoustic Solid Metal 111 / WTB 370 page,https://www.theelectronicdepot.ca/turntables/acoustic-solid-metal-111-turntable-cartridge.html
2019,Acoustic Solid,WTB 370,arm_type,,low mass arm,,Tonearm: WTB-370 low mass arm,parsed,0.8,,Electronic Depot Acoustic Solid Metal 111 / WTB 370 page,https://www.theelectronicdepot.ca/turntables/acoustic-solid-metal-111-turntable-cartridge.html
2022,Acoustic Solid,WTB 370,bearing_system,,high precision bearing assemblies with almost friction-free movement,,Extreme stability with almost friction free movement from the high precision bearing assemblies,parsed,0.8,,Electronic Depot Acoustic Solid Metal 111 / WTB 370 page,https://www.theelectronicdepot.ca/turntables/acoustic-solid-metal-111-turntable-cartridge.html
2021,Acoustic Solid,WTB 370,mass_distribution,,intelligent redistribution of mass,,coupled with intelligent redistribution of mass,parsed,0.78,,Electronic Depot Acoustic Solid Metal 111 / WTB 370 page,https://www.theelectronicdepot.ca/turntables/acoustic-solid-metal-111-turntable-cartridge.html
2027,Acoustic Solid,WTB 370,null_alignment_type,,Unknown,,Unknown,derived,0.4,Defaulted because the current source set does not explicitly specify a null alignment family.,Electronic Depot Acoustic Solid Metal 111 / WTB 370 page,https://www.theelectronicdepot.ca/turntables/acoustic-solid-metal-111-turntable-cartridge.html
2024,Acoustic Solid,WTB 370,package_role,,Package 1 tonearm; no cartridge included,,Package 1 contains WTB-370 Tonearm Only! No Cartridge!,parsed,0.76,,Vinyl Sound Acoustic Solid Solid 111 Metal page,https://vinylsound.ca/products/acoustic-solid-solid-111-metal-turntable
2025,Acoustic Solid,WTB 370,package_role,,Package 1 tonearm; no cartridge included,,Package 1 contains WTB-370 Tonearm Only! No Cartridge!,parsed,0.76,,Vinyl Sound Acoustic Solid Solid 311 Metal page,https://vinylsound.ca/products/acoustic-solid-solid-311-metal-turntable
2535,Acoustic Solid,WTB 370,product_lineage,,Official Acoustic Solid Solid Edition turntable page references the WTB 370 package arm.,,solid-edition / WTB 370,parsed,0.55,Official manufacturer package page used to corroborate current WTB 370 lineup presence.,Acoustic Solid Solid Edition official product page,https://acoustic-solid.com/produkt/solid-edition/
2536,Acoustic Solid,WTB 370,product_lineage,,Official Acoustic Solid Solid Machine turntable page references the WTB 370 package arm.,,solid-machine / WTB 370,parsed,0.55,Second official manufacturer package page corroborates WTB 370 presence in the current lineup.,Acoustic Solid Solid Machine official product page,https://acoustic-solid.com/produkt/solid-machine/
2023,Acoustic Solid,WTB 370,resonance_control,,fewer possible resonance points,,ensure this arm will exhibit fewer points of possible resonance,parsed,0.78,,Electronic Depot Acoustic Solid Metal 111 / WTB 370 page,https://www.theelectronicdepot.ca/turntables/acoustic-solid-metal-111-turntable-cartridge.html
2387,Acoustical Systems,AQUILAR Reference 10-inch,alignment_geometry,,UNI-DIN,,the design is based on the unique UNI-DIN geometry,parsed,0.9,,Acoustical Systems AQUILAR official page,https://www.acoustical-systems.de/as-tonearms/the-aquilar-10-reference-tonearm/
2386,Acoustical Systems,AQUILAR Reference 10-inch,anti_skating,,non-touch magnetic anti-skating on-the-fly; dynamic following tangential curve,,non-touch magnetic Antiskating on-the-fly; dynamic anti skating following the tangential curve,parsed,0.9,,Acoustical Systems AQUILAR official page,https://www.acoustical-systems.de/as-tonearms/the-aquilar-10-reference-tonearm/
2376,Acoustical Systems,AQUILAR Reference 10-inch,arm_size,,10-inch,,the AQUILAR - 10” reference tonearm,parsed,0.9,,Acoustical Systems AQUILAR official page,https://www.acoustical-systems.de/as-tonearms/the-aquilar-10-reference-tonearm/
2385,Acoustical Systems,AQUILAR Reference 10-inch,arm_tube_material,,titanium/carbon-hybrid arm wand,,unique acoustical-systems non-resonance titanium/carbon-hybrid arm wand,parsed,0.9,,Acoustical Systems AQUILAR official page,https://www.acoustical-systems.de/as-tonearms/the-aquilar-10-reference-tonearm/
2377,Acoustical Systems,AQUILAR Reference 10-inch,arm_type,,pivot tonearm with double nano-gimbal bearing architecture,,The AQUILAR is a pivot tonearm featuring a double nano-gimbal bearing architecture,parsed,0.9,,Acoustical Systems AQUILAR owner manual,https://www.acoustical-systems.de/app/download/31400293/AQ_BDA_02-2020-medium.pdf
2384,Acoustical Systems,AQUILAR Reference 10-inch,cartridge_range_high_g,30.0,,g,Cartridge weight balanced: 5.2 to 30 grams,parsed,0.9,,Acoustical Systems AQUILAR owner manual,https://www.acoustical-systems.de/app/download/31400293/AQ_BDA_02-2020-medium.pdf
2383,Acoustical Systems,AQUILAR Reference 10-inch,cartridge_range_low_g,5.2,,g,Cartridge weight balanced: 5.2 to 30 grams,parsed,0.9,,Acoustical Systems AQUILAR owner manual,https://www.acoustical-systems.de/app/download/31400293/AQ_BDA_02-2020-medium.pdf
2378,Acoustical Systems,AQUILAR Reference 10-inch,effective_length_mm,250.0,,mm,Effective length w/Loefgren A: 10” = 250 mm,parsed,0.9,,Acoustical Systems AQUILAR owner manual,https://www.acoustical-systems.de/app/download/31400293/AQ_BDA_02-2020-medium.pdf
2382,Acoustical Systems,AQUILAR Reference 10-inch,effective_mass_g,11.4,,g,Effective moving mass net: 10” = 11.4 grams,parsed,0.9,,Acoustical Systems AQUILAR owner manual,https://www.acoustical-systems.de/app/download/31400293/AQ_BDA_02-2020-medium.pdf
2379,Acoustical Systems,AQUILAR Reference 10-inch,mounting_distance_mm,238.0,,mm,Pivot to Spindle: 10” = 238 mm,parsed,0.9,,Acoustical Systems AQUILAR owner manual,https://www.acoustical-systems.de/app/download/31400293/AQ_BDA_02-2020-medium.pdf
2389,Acoustical Systems,AQUILAR Reference 10-inch,mounting_type,,flat top mount plate or SME-mounting plate,,available in 2 mounting versions ... flat top mount plate ... or drop-in replacement for any standard SME-mounting plate,parsed,0.9,,Acoustical Systems AQUILAR official page,https://www.acoustical-systems.de/as-tonearms/the-aquilar-10-reference-tonearm/
2411,Acoustical Systems,AQUILAR Reference 10-inch,null_alignment_type,,Baewald,,Effective length w/Loefgren A: 10” = 250 mm,derived,0.95,Backfilled from explicit alignment-language evidence in model metadata or source text.,Acoustical Systems AQUILAR owner manual,https://www.acoustical-systems.de/app/download/31400293/AQ_BDA_02-2020-medium.pdf
2380,Acoustical Systems,AQUILAR Reference 10-inch,offset_angle_deg,,variable approx. 16°-23°,,Offset angle: variable approx. 16° - 23°,parsed,0.9,,Acoustical Systems AQUILAR owner manual,https://www.acoustical-systems.de/app/download/31400293/AQ_BDA_02-2020-medium.pdf
2388,Acoustical Systems,AQUILAR Reference 10-inch,output_cable,,direct-to-phono 1.2 m lead (RCA or XLR) or male DIN 5-pole,,available with 2 terminal options: direct-to-phono 1.2 m length phono lead (RCA or XLR) or male DIN 5-pole connector,parsed,0.9,,Acoustical Systems AQUILAR official page,https://www.acoustical-systems.de/as-tonearms/the-aquilar-10-reference-tonearm/
2381,Acoustical Systems,AQUILAR Reference 10-inch,overhang_mm,,variable approx. 5-16 mm,,Overhang: variable approx. 5 to 16 mm,parsed,0.9,,Acoustical Systems AQUILAR owner manual,https://www.acoustical-systems.de/app/download/31400293/AQ_BDA_02-2020-medium.pdf
2342,Acoustical Systems,AXIOM Reference 12-inch,anti_skating,,dynamic antiskating with exchangeable inserts for tangential curve,,dynamic antiskating w/exchangeable inserts for any tangential curve,parsed,0.9,,Acoustical Systems AXIOM features page,https://www.acoustical-systems.de/as-tonearms/the-axiom-12-reference-tonearm/the-axiom-many-unique-features-several-world-s-1st/
2336,Acoustical Systems,AXIOM Reference 12-inch,arm_size,,12-inch,,"The AXIOM 12"" reference tonearm",parsed,0.9,,Acoustical Systems AXIOM official pages,https://www.acoustical-systems.de/as-tonearms/the-axiom-12-reference-tonearm/
2341,Acoustical Systems,AXIOM Reference 12-inch,arm_tube_material,,carbide hardened titanium / carbon-composite arm pipe with internal liquid damping,,carbide hardend titanium / carbon-composite arm pipe with internal liquid dampening on whole inner surface,parsed,0.9,,Acoustical Systems AXIOM features page,https://www.acoustical-systems.de/as-tonearms/the-axiom-12-reference-tonearm/the-axiom-many-unique-features-several-world-s-1st/
2337,Acoustical Systems,AXIOM Reference 12-inch,arm_type,,full dynamically balanced pivot tonearm,,A dynamically full balanced pivot tonearm,parsed,0.9,,Acoustical Systems AXIOM official pages,https://www.acoustical-systems.de/as-tonearms/the-axiom-12-reference-tonearm/
2338,Acoustical Systems,AXIOM Reference 12-inch,bearing_leveling,,bearing axis precisely levelable independent of plinth level,,the AXIOM and its bearing axis can be precisely leveled on its own,parsed,0.9,,Acoustical Systems AXIOM official pages,https://www.acoustical-systems.de/as-tonearms/the-axiom-12-reference-tonearm/
2339,Acoustical Systems,AXIOM Reference 12-inch,effective_mass_g,22.0,,g,dynamic tunable effective moving mass from 22 gr to 42 gr in fixed mounting version,parsed,0.9,Lower bound of official tunable effective moving mass range for fixed mounting version.,Acoustical Systems AXIOM features page,https://www.acoustical-systems.de/as-tonearms/the-axiom-12-reference-tonearm/the-axiom-many-unique-features-several-world-s-1st/
2340,Acoustical Systems,AXIOM Reference 12-inch,effective_mass_max_g,42.0,,g,dynamic tunable effective moving mass from 22 gr to 42 gr in fixed mounting version,parsed,0.9,Upper bound of official tunable effective moving mass range for fixed mounting version.,Acoustical Systems AXIOM features page,https://www.acoustical-systems.de/as-tonearms/the-axiom-12-reference-tonearm/the-axiom-many-unique-features-several-world-s-1st/
2343,Acoustical Systems,AXIOM Reference 12-inch,mounting_design,,special 12-inch design with 9-10 inch mounting distance,,"The AXIOM is a special 12"" design with mounting distance of 9-10"" tonearm",parsed,0.9,,Acoustical Systems AXIOM features page,https://www.acoustical-systems.de/as-tonearms/the-axiom-12-reference-tonearm/the-axiom-many-unique-features-several-world-s-1st/
2373,Acoustical Systems,AXIOM Reference 12-inch,null_alignment_type,,Unknown,,Unknown,derived,0.4,Defaulted because the current source set does not explicitly specify a null alignment family.,Acoustical Systems AXIOM official pages,https://www.acoustical-systems.de/as-tonearms/the-axiom-12-reference-tonearm/
2762,Air Tangent,2B,arm_type,,air-bearing tangential tonearm,,The Majesty Airtangent 2B air bearing tonearm,parsed,0.86,Exact-model archival support; non-official.,AIRTANGENT 2B,https://www.audioantiquary.com/en-us/airtangent-2b/
2765,Air Tangent,2B,null_alignment_type,,Unknown,,Unknown,derived,0.4,Defaulted because the current source set does not explicitly specify a null alignment family.,AIRTANGENT 2B,https://www.audioantiquary.com/en-us/airtangent-2b/
2761,Air Tangent,2B,product_family,,2-Series,,AIRTANGENT 2B,parsed,0.86,Exact-model archival support; non-official.,AIRTANGENT 2B,https://www.audioantiquary.com/en-us/airtangent-2b/
2763,Air Tangent,2B,product_lineage,,Archival dealer documentation identifies the Airtangent 2B as an air-bearing tangential arm and notes a later magnesium-arm upgrade path.,,upgraded to the latest version (still in production) of the magnesium arm,parsed,0.84,Exact-model archival support; non-official.,AIRTANGENT 2B,https://www.audioantiquary.com/en-us/airtangent-2b/
2764,Air Tangent,2B,product_lineage,,Period Hi-Fi Choice coverage documents the Airtangent family as a Swedish linear tracking air-bearing tonearm with removable arm wand and damping trough.,,the Airtangent is a linear tracking air-bearing tonearm,parsed,0.78,Strong period family support; non-official.,Hi-Fi Choice 1987 Airtangent/Oracle Delphi review,"https://www.worldradiohistory.com/UK/Hi-Fi-Choice/1983-1989/Hi-Fi%20Choice%20Iss.%20048%20Turntables,%20Arms%20&%20Cartridges%201987.pdf"
2776,Air Tangent,2B,product_lineage,,"Archived official Airtangent/Caaltech product-page metadata enumerates 2B among legacy Airtangent model names alongside 10B, Reference, and 1B, providing official later-lineage confirmation that 2B belonged to the Airtangent model family.",,"Air Tangent, airtangent, 2002, turntable, tonearm, record player, 10B, reference, 1B, 2B, linear tonearm, air bearing tonearm",parsed,0.72,Exact-model naming appears in official archived metadata rather than body copy; accepted as official lineage support.,Airtangent 2002MKII product page archive,https://web.archive.org/web/20140605023203/http://www.caaltech.com/airtangent-arms/airtangent-2002.html
2767,Air Tangent,Model 2002,arm_type,,parallel-tracking tonearm,,new Airtangent Model 2002 Tonearm,parsed,0.9,Exact-model official archive support.,Airtangent official website archive,https://web.archive.org/web/20030605103713/http://airtangent.com/
2770,Air Tangent,Model 2002,null_alignment_type,,Unknown,,Unknown,derived,0.4,Defaulted because the current source set does not explicitly specify a null alignment family.,Airtangent official website archive,https://web.archive.org/web/20030605103713/http://airtangent.com/
2766,Air Tangent,Model 2002,product_family,,2000-Series,,Airtangent Model 2002 Tonearm,parsed,0.92,Exact-model official archive support.,Airtangent official website archive,https://web.archive.org/web/20030605103713/http://airtangent.com/
2768,Air Tangent,Model 2002,product_lineage,,Archived official Airtangent homepage presents Model 2002 as the company tonearm offering paired with the Airtangent turntable Model 2001.,,new Airtangent Model 2002 Tonearm and the Airtangent Turntable Model 2001,parsed,0.9,Exact-model official archive support.,Airtangent official website archive,https://web.archive.org/web/20030605103713/http://airtangent.com/
2769,Air Tangent,Model 2002,product_lineage,,Stereophile describes the Airtangent family as an air-bearing parallel-tracking tonearm made in Sweden.,,"Description: Air-bearing, parallel-tracking tonearm. Made in Sweden.",parsed,0.76,Family support.,Airtangent tonearm Specifications,https://www.stereophile.com/content/airtangent-tonearm-specifications
2772,Air Tangent,Reference,arm_type,,tonearm,,new Airtangent Reference Tonearm,parsed,0.88,Exact-model official archive support.,Airtangent official website archive,https://web.archive.org/web/20020530102000/http://airtangent.com/
2775,Air Tangent,Reference,null_alignment_type,,Unknown,,Unknown,derived,0.4,Defaulted because the current source set does not explicitly specify a null alignment family.,Airtangent official website archive,https://web.archive.org/web/20020530102000/http://airtangent.com/
2771,Air Tangent,Reference,product_family,,Reference-Series,,new Airtangent Reference Tonearm,parsed,0.92,Exact-model official archive support.,Airtangent official website archive,https://web.archive.org/web/20020530102000/http://airtangent.com/
2773,Air Tangent,Reference,product_lineage,,Archived official Airtangent homepage presents Reference as the company tonearm offering before the later Model 2002 homepage revision.,,new Airtangent Reference Tonearm - probably the best tonearm in the world,parsed,0.9,Exact-model official archive support.,Airtangent official website archive,https://web.archive.org/web/20020530102000/http://airtangent.com/
2774,Air Tangent,Reference,product_lineage,,Stereophile describes the Airtangent family as an air-bearing parallel-tracking tonearm made in Sweden.,,"Description: Air-bearing, parallel-tracking tonearm. Made in Sweden.",parsed,0.76,Family support.,Airtangent tonearm Specifications,https://www.stereophile.com/content/airtangent-tonearm-specifications
2747,Alphason,HR-100MCS,internal_wiring,,mono crystal silver wiring throughout,,MCS version with mono crystal silver wiring throughout,parsed,0.88,Variant-defining mirrored-library description.,Alphason Designs HR100S Gimbal Bearing Tonearm Manual,https://www.vinylengine.com/library/alphason-designs/hr100s.shtml
2758,Alphason,HR-100MCS,null_alignment_type,,Unknown,,Unknown,derived,0.4,Defaulted because the current source set does not explicitly specify a null alignment family.,Alphason Designs HR100S Gimbal Bearing Tonearm Manual,https://www.vinylengine.com/library/alphason-designs/hr100s.shtml
2746,Alphason,HR-100MCS,product_lineage,,Vinyl Engine mirrored original-library description states the HR100 was also available in the MCS version with mono crystal silver wiring throughout.,,The HR100 was also available in the MCS version with mono crystal silver wiring throughout.,parsed,0.88,Mirrored original-library exact-variant support.,Alphason Designs HR100S Gimbal Bearing Tonearm Manual,https://www.vinylengine.com/library/alphason-designs/hr100s.shtml
2745,Alphason,HR-100S,arm_type,,gimbal bearing tonearm,,Alphason Designs HR100S Gimbal Bearing Tonearm,parsed,0.9,Mirrored manual/library label.,Alphason Designs HR100S Gimbal Bearing Tonearm Manual,https://www.vinylengine.com/library/alphason-designs/hr100s.shtml
2757,Alphason,HR-100S,null_alignment_type,,Unknown,,Unknown,derived,0.4,Defaulted because the current source set does not explicitly specify a null alignment family.,About Us - Alphason Audio,https://alphasonaudio.com/about-us/
2744,Alphason,HR-100S,product_lineage,,Official Alphason history identifies the HR100S as the hugely successful Alphason reference tonearm.,,the hugely successful HR100S reference tone arm,parsed,0.92,Official exact-model lineage support.,About Us - Alphason Audio,https://alphasonaudio.com/about-us/
391,Alphason,Opal/Delta/Xenon/HR100S,effective_length_mm,229.0,,mm,229,parsed,0.6,,BIGLOBE Arm Data,https://www7a.biglobe.ne.jp/~yosh/armdata.htm
1515,Alphason,Opal/Delta/Xenon/HR100S,null_alignment_type,,Baewald,,66.000 / 121.000 mm,derived,0.85,Backfilled from null-point pair proximity to reference alignments; nearest-reference distance 0.100 mm.,BIGLOBE Arm Data,https://www7a.biglobe.ne.jp/~yosh/armdata.htm
395,Alphason,Opal/Delta/Xenon/HR100S,null_point_inner_mm,66.0,,mm,66/121,parsed,0.6,,BIGLOBE Arm Data,https://www7a.biglobe.ne.jp/~yosh/armdata.htm
396,Alphason,Opal/Delta/Xenon/HR100S,null_point_outer_mm,121.0,,mm,66/121,parsed,0.6,,BIGLOBE Arm Data,https://www7a.biglobe.ne.jp/~yosh/armdata.htm
394,Alphason,Opal/Delta/Xenon/HR100S,null_points,,66/121,,66/121,parsed,0.6,,BIGLOBE Arm Data,https://www7a.biglobe.ne.jp/~yosh/armdata.htm
393,Alphason,Opal/Delta/Xenon/HR100S,offset_angle_deg,24.0,,deg,24,parsed,0.6,,BIGLOBE Arm Data,https://www7a.biglobe.ne.jp/~yosh/armdata.htm
392,Alphason,Opal/Delta/Xenon/HR100S,overhang_mm,18.0,,mm,18,parsed,0.6,,BIGLOBE Arm Data,https://www7a.biglobe.ne.jp/~yosh/armdata.htm
2644,Alphason,Opal/Delta/Xenon/HR100S,product_lineage,,Alphason official history identifies the HR-100S as the landmark Alphason tonearm and confirms continuing support for the broader Alphason tonearm family including Opal and Delta derivatives.,,Alphason about-us tonearm history,parsed,0.75,Official family support for grouped row.,About Us - Alphason Audio,https://alphasonaudio.com/about-us/
2645,Alphason,Opal/Delta/Xenon/HR100S,product_lineage,,"The grouped Alphason row includes Xenon, which is documented by mirrored original-manual support in the Vinyl Engine library.",,Alphason Xenon manual page,parsed,0.75,Manual-mirror support inside grouped row.,Alphason Designs Xenon Gimbal Bearing Tonearm Manual,https://www.vinylengine.com/library/alphason-designs/xenon.shtml
1,Audio Craft,AC-30/300/3000/3300,effective_length_mm,237.0,,mm,237,parsed,0.6,,BIGLOBE Arm Data,https://www7a.biglobe.ne.jp/~yosh/armdata.htm
1450,Audio Craft,AC-30/300/3000/3300,null_alignment_type,,Other,,61.000 / 113.000 mm,derived,0.75,Backfilled from null-point pair proximity to reference alignments; nearest-reference distance 4.471 mm.,BIGLOBE Arm Data,https://www7a.biglobe.ne.jp/~yosh/armdata.htm
5,Audio Craft,AC-30/300/3000/3300,null_point_inner_mm,61.0,,mm,61/113 (57/120),parsed,0.6,,BIGLOBE Arm Data,https://www7a.biglobe.ne.jp/~yosh/armdata.htm
6,Audio Craft,AC-30/300/3000/3300,null_point_outer_mm,113.0,,mm,61/113 (57/120),parsed,0.6,,BIGLOBE Arm Data,https://www7a.biglobe.ne.jp/~yosh/armdata.htm
4,Audio Craft,AC-30/300/3000/3300,null_points,,61/113 (57/120),,61/113 (57/120),parsed,0.6,,BIGLOBE Arm Data,https://www7a.biglobe.ne.jp/~yosh/armdata.htm
3,Audio Craft,AC-30/300/3000/3300,offset_angle_deg,21.5,,deg,21.5 (22),parsed,0.6,,BIGLOBE Arm Data,https://www7a.biglobe.ne.jp/~yosh/armdata.htm
2,Audio Craft,AC-30/300/3000/3300,overhang_mm,15.0,,mm,15,parsed,0.6,,BIGLOBE Arm Data,https://www7a.biglobe.ne.jp/~yosh/armdata.htm
2606,Audio Craft,AC-30/300/3000/3300,product_lineage,,"Grouped short-arm Audio Craft row includes AC-300C, documented by official historical specifications as the 237 mm effective length one-point support oil-damped tonearm.",,AC-300C official historical page,parsed,0.75,Official historical support for grouped family member.,AUDIO CRAFT AC-300C/AC-400C,https://audio-heritage.jp/AUDIOCRAFT/etc/ac-400c.html
2607,Audio Craft,AC-30/300/3000/3300,product_lineage,,"Grouped short-arm Audio Craft row includes AC-3000, documented by mirrored original-manual support with 237 mm effective length and 222 mm mounting distance.",,AC-3000 manual page,parsed,0.75,Manual-mirror support for grouped family member.,Audiocraft - Ultracraft AC-3000,https://www.vinylengine.com/library/audiocraft-ultracraft/ac-3000.shtml
2608,Audio Craft,AC-30/300/3000/3300,product_lineage,,"Official historical Audio Craft player page documents AR-110L3000 as fitted with the short-arm AC-3000Silver, supporting later short-arm family continuity within the grouped row.",,AR-110L3000 with AC-3000Silver,parsed,0.65,Official family-lineage support for grouped short-arm row.,AUDIO CRAFT AR-110L,https://audio-heritage.jp/AUDIOCRAFT/player/ar-110l.html
7,Audio Craft,AC-400/4000/4400,effective_length_mm,283.0,,mm,283,parsed,0.6,,BIGLOBE Arm Data,https://www7a.biglobe.ne.jp/~yosh/armdata.htm
1451,Audio Craft,AC-400/4000/4400,null_alignment_type,,Other,,60.000 / 119.000 mm,derived,0.75,Backfilled from null-point pair proximity to reference alignments; nearest-reference distance 1.613 mm.,BIGLOBE Arm Data,https://www7a.biglobe.ne.jp/~yosh/armdata.htm
11,Audio Craft,AC-400/4000/4400,null_point_inner_mm,60.0,,mm,60/119 (78/92),parsed,0.6,,BIGLOBE Arm Data,https://www7a.biglobe.ne.jp/~yosh/armdata.htm
12,Audio Craft,AC-400/4000/4400,null_point_outer_mm,119.0,,mm,60/119 (78/92),parsed,0.6,,BIGLOBE Arm Data,https://www7a.biglobe.ne.jp/~yosh/armdata.htm
10,Audio Craft,AC-400/4000/4400,null_points,,60/119 (78/92),,60/119 (78/92),parsed,0.6,,BIGLOBE Arm Data,https://www7a.biglobe.ne.jp/~yosh/armdata.htm
9,Audio Craft,AC-400/4000/4400,offset_angle_deg,18.5,,deg,18.5 (17.5),parsed,0.6,,BIGLOBE Arm Data,https://www7a.biglobe.ne.jp/~yosh/armdata.htm
8,Audio Craft,AC-400/4000/4400,overhang_mm,13.0,,mm,13,parsed,0.6,,BIGLOBE Arm Data,https://www7a.biglobe.ne.jp/~yosh/armdata.htm
2609,Audio Craft,AC-400/4000/4400,product_lineage,,"Grouped long-arm Audio Craft row includes AC-400C, documented by official historical specifications as the 283 mm effective length one-point support oil-damped tonearm.",,AC-400C official historical page,parsed,0.75,Official historical support for grouped family member.,AUDIO CRAFT AC-300C/AC-400C,https://audio-heritage.jp/AUDIOCRAFT/etc/ac-400c.html
2610,Audio Craft,AC-400/4000/4400,product_lineage,,"Grouped long-arm Audio Craft row includes AC-4000, documented by mirrored original-manual support with 283 mm effective length and 270 mm mounting distance.",,AC-4000 manual page,parsed,0.75,Manual-mirror support for grouped family member.,Audiocraft - Ultracraft AC-4000,https://www.vinylengine.com/library/audiocraft-ultracraft/ac-4000.shtml
2611,Audio Craft,AC-400/4000/4400,product_lineage,,"Official historical Audio Craft player page documents AR-110L4000 as fitted with the long-arm AC-4000Silver, supporting later long-arm family continuity within the grouped row.",,AR-110L4000 with AC-4000Silver,parsed,0.65,Official family-lineage support for grouped long-arm row.,AUDIO CRAFT AR-110L,https://audio-heritage.jp/AUDIOCRAFT/player/ar-110l.html
1964,Audio Creative,Groovemaster 4,anti_skating,,magnetic anti-skate with calibrated on-the-fly adjustment,,Anti-skate is very neatly done magnetically ... clearly calibrated ... adjust it on the fly,parsed,0.86,,The Ear Groovemaster 4 review,https://www.the-ear.net/review-hardware/groovemaster-4-top-banana/
1961,Audio Creative,Groovemaster 4,arm_tube_shape,,banana-shaped; optional S-shaped,,With a banana curve ... can also be specified with S-shaped arm tubes,parsed,0.86,,The Ear Groovemaster 4 review,https://www.the-ear.net/review-hardware/groovemaster-4-top-banana/
1960,Audio Creative,Groovemaster 4,available_lengths,,9-inch; 10-inch; 12-inch,,"available in shorter lengths too, namely 9”, 10” and 12”",parsed,0.86,,The Ear Groovemaster 4 review,https://www.the-ear.net/review-hardware/groovemaster-4-top-banana/
1962,Audio Creative,Groovemaster 4,bearing_system,,single-pivot pillar with high-quality lateral and horizontal half-ceramic bearings,,single-pivot pillar ... lateral and horizontal half-ceramic bearings,parsed,0.86,,The Ear Groovemaster 4 review,https://www.the-ear.net/review-hardware/groovemaster-4-top-banana/
1969,Audio Creative,Groovemaster 4,cartridge_compliance_support,,higher compliance cartridges under 25 µm/mN supported,,"ultra-low-friction bearings ensure effortless tracking, even with higher compliance cartridges (< 25 µm/mN)",parsed,0.75,"Official shop text is for GrooveMaster 3, used here as family-context support only.",Audio Creative Shop GrooveMaster 3 page,https://audio-creativeshop.nl/product/groovemaster-ii-tonearm/
1965,Audio Creative,Groovemaster 4,headshell_connector,,SME 4-pin collar; EMT fixed-shell compatible,,headshell is mounted via ... SME 4-pin collar ... EMT fixed shell cartridges can be used,parsed,0.86,,The Ear Groovemaster 4 review,https://www.the-ear.net/review-hardware/groovemaster-4-top-banana/
1966,Audio Creative,Groovemaster 4,materials,,bronze; titanium; stainless steel,,"Materials used ... mainly bronze, titanium and stainless steel",parsed,0.86,,The Ear Groovemaster 4 review,https://www.the-ear.net/review-hardware/groovemaster-4-top-banana/
1967,Audio Creative,Groovemaster 4,mounting_base,,SME cut-out mount with sliding fore-aft alignment adjustment,,The arm-mount supplied was suitable for an SME cut-out and enables the arm to be eased back and forth to set alignment null points,parsed,0.86,,The Ear Groovemaster 4 review,https://www.the-ear.net/review-hardware/groovemaster-4-top-banana/
1970,Audio Creative,Groovemaster 4,null_alignment_type,,Unknown,,Unknown,derived,0.4,Defaulted because the current source set does not explicitly specify a null alignment family.,The Ear Groovemaster 4 review,https://www.the-ear.net/review-hardware/groovemaster-4-top-banana/
1963,Audio Creative,Groovemaster 4,total_weight_g,950.0,,g,the whole arm weighs in at a staggering 950 grams,parsed,0.86,,The Ear Groovemaster 4 review,https://www.the-ear.net/review-hardware/groovemaster-4-top-banana/
1968,Audio Creative,Groovemaster 4,vta_adjustment,,Rotary VTA Lift; on-the-fly fine adjustment with locking collar,,substantial screw collar ... used to set arm height ... Audio Creative call this the Rotary VTA Lift ... allows VTA to be adjusted on-the-fly,parsed,0.86,,The Ear Groovemaster 4 review,https://www.the-ear.net/review-hardware/groovemaster-4-top-banana/
1974,Audio Note,Arm One/II,anti_skating,,classic falling-weight bias adjustment,,"Bias adjustment is achieved via the classic ""falling weight"" method",parsed,0.88,Official page retrieved without geometry dimensions.,Audio Note Arm One/II official page,https://www.audionote.co.uk/arm-one
1971,Audio Note,Arm One/II,arm_mount,,classic single-hole Rega mounting,,"classic single hole ""Rega"" mounting",parsed,0.88,Official page retrieved without geometry dimensions.,Audio Note Arm One/II official page,https://www.audionote.co.uk/arm-one
1972,Audio Note,Arm One/II,arm_tube_material,,single-billet high-grade aluminium; internally and externally tapered,,arm tube ... machined from a single billet of high-grade aluminium. It is tapered both internally and externally,parsed,0.88,Official page retrieved without geometry dimensions.,Audio Note Arm One/II official page,https://www.audionote.co.uk/arm-one
1973,Audio Note,Arm One/II,bearing_system,,captured unipivot vertical and horizontal bearing arrangement,,vertical and horizontal bearings ... captured unipivot arrangement,parsed,0.88,Official page retrieved without geometry dimensions.,Audio Note Arm One/II official page,https://www.audionote.co.uk/arm-one
1978,Audio Note,Arm One/II,cartridge_compatibility,,"works with almost any cartridge design, from light MM to Audio Note IO models",,work with almost any design of cartridge ... From the lightest tracking moving magnet right up to our own IO models,parsed,0.88,Official page retrieved without geometry dimensions.,Audio Note Arm One/II official page,https://www.audionote.co.uk/arm-one
1976,Audio Note,Arm One/II,internal_wiring,,high purity copper wire,,The Arm One/II uses our own high purity copper wire inside the arm tube,parsed,0.88,Official page retrieved without geometry dimensions.,Audio Note Arm One/II official page,https://www.audionote.co.uk/arm-one
1987,Audio Note,Arm One/II,null_alignment_type,,Unknown,,Unknown,derived,0.4,Defaulted because the current source set does not explicitly specify a null alignment family.,Audio Note Arm One/II official page,https://www.audionote.co.uk/arm-one
1977,Audio Note,Arm One/II,output_cable,,AN-A cable from arm base to phono plugs,,our own AN-A cable from the arm base to the phono plugs,parsed,0.88,Official page retrieved without geometry dimensions.,Audio Note Arm One/II official page,https://www.audionote.co.uk/arm-one
1975,Audio Note,Arm One/II,vta_adjustment,,threaded collar and locking nut for precise stylus rake angle adjustment,,"adjusting the arm height via a threaded collar and locking nut, allowing the stylus rake angle to be precisely adjusted",parsed,0.88,Official page retrieved without geometry dimensions.,Audio Note Arm One/II official page,https://www.audionote.co.uk/arm-one
1982,Audio Note,Arm Three/II,anti_skating,,classic falling-weight bias adjustment,,"Bias adjustment is achieved via the classic ""falling weight"" method",parsed,0.88,Official page retrieved without geometry dimensions.,Audio Note Arm Three/II official page,https://www.audionote.co.uk/arm-three
1979,Audio Note,Arm Three/II,arm_mount,,classic single-hole Rega mounting,,"classic single hole ""Rega"" mounting",parsed,0.88,Official page retrieved without geometry dimensions.,Audio Note Arm Three/II official page,https://www.audionote.co.uk/arm-three
1980,Audio Note,Arm Three/II,arm_tube_material,,single-billet high-grade aluminium; internally and externally tapered,,arm tube ... machined from a single billet of high-grade aluminium. It is tapered both internally and externally,parsed,0.88,Official page retrieved without geometry dimensions.,Audio Note Arm Three/II official page,https://www.audionote.co.uk/arm-three
1981,Audio Note,Arm Three/II,bearing_system,,captured unipivot vertical and horizontal bearing arrangement,,vertical and horizontal bearings ... captured unipivot arrangement,parsed,0.88,Official page retrieved without geometry dimensions.,Audio Note Arm Three/II official page,https://www.audionote.co.uk/arm-three
1986,Audio Note,Arm Three/II,cartridge_compatibility,,"works with almost any cartridge design, from light MM to Audio Note IO models",,work with almost any design of cartridge ... From the lightest tracking moving magnet right up to our own IO models,parsed,0.88,Official page retrieved without geometry dimensions.,Audio Note Arm Three/II official page,https://www.audionote.co.uk/arm-three
1984,Audio Note,Arm Three/II,internal_wiring,,high purity silver litz wire,,The Arm Three/II uses our own high purity silver Litz wire inside the arm tube,parsed,0.88,Official page retrieved without geometry dimensions.,Audio Note Arm Three/II official page,https://www.audionote.co.uk/arm-three
1988,Audio Note,Arm Three/II,null_alignment_type,,Unknown,,Unknown,derived,0.4,Defaulted because the current source set does not explicitly specify a null alignment family.,Audio Note Arm Three/II official page,https://www.audionote.co.uk/arm-three
1985,Audio Note,Arm Three/II,output_cable,,AN-Vx silver cable from arm base to phono plugs,,our own AN-Vx silver cable from the arm base to the phono plugs,parsed,0.88,Official page retrieved without geometry dimensions.,Audio Note Arm Three/II official page,https://www.audionote.co.uk/arm-three
1983,Audio Note,Arm Three/II,vta_adjustment,,threaded collar and locking nut for precise stylus rake angle adjustment,,"adjusting the arm height via a threaded collar and locking nut, allowing the stylus rake angle to be precisely adjusted",parsed,0.88,Official page retrieved without geometry dimensions.,Audio Note Arm Three/II official page,https://www.audionote.co.uk/arm-three
2970,Audio Origami,PU7,arm_type,,precision-machined hand-built tonearm,,The Audio Origami PU7 GTS is precision-machined and hand-built in Scotland to deliver highly accurate analogue playback with exceptional value.,parsed,0.84,Official product description.,Audio Origami PU7 GTS official page,https://www.audioorigami.co.uk/pu7-gts-tonearm
2972,Audio Origami,PU7,null_alignment_type,,Unknown,,Unknown,derived,0.4,Defaulted because the current source set does not explicitly specify a null alignment family.,Audio Origami PU7 GTS official page,https://www.audioorigami.co.uk/pu7-gts-tonearm
2971,Audio Origami,PU7,product_family,,Available with Rega or Linn mounts and multiple lengths from 9-inch to 13-inch.,,Available with Rega or Linn mounts and in lengths from 9” to 13”.,parsed,0.8,Official range support from current PU7 page.,Audio Origami PU7 GTS official page,https://www.audioorigami.co.uk/pu7-gts-tonearm
2969,Audio Origami,PU7,product_lineage,,Current official PU7 GTS page representing the PU7 tonearm family.,,For more than a decade the PU7 has earned a reputation as one of the most capable tonearms in its class.,parsed,0.88,Exact family continuity from official PU7 GTS page.,Audio Origami PU7 GTS official page,https://www.audioorigami.co.uk/pu7-gts-tonearm
1818,Audio-Technica,AT-1001/1005II/1007/1009,anti_skating,,yes,,Antiskatingeinrichtung: ja,parsed,0.8,"Common trait shown across AT-1005 II, AT-1007, and AT-1009 pages.",hifi-wiki Audio-Technica AT exact-model pages,https://hifi-wiki.com/index.php/Audio_Technica_AT_1007
1816,Audio-Technica,AT-1001/1005II/1007/1009,arm_material,,light metal,,Material des Tonarms: Leichtmetall,parsed,0.8,"Common trait shown across AT-1005 II, AT-1007, and AT-1009 pages.",hifi-wiki Audio-Technica AT exact-model pages,https://hifi-wiki.com/index.php/Audio_Technica_AT_1005_II
43,Audio-Technica,AT-1001/1005II/1007/1009,effective_length_mm,240.0,,mm,240,parsed,0.6,,BIGLOBE Arm Data,https://www7a.biglobe.ne.jp/~yosh/armdata.htm
1815,Audio-Technica,AT-1001/1005II/1007/1009,family_reference,,"AT-1005 II, AT-1007, and AT-1009 exact reference pages support this grouped AT-1000 family row.",,AT-1005 II / AT-1007 / AT-1009 listed as same series,parsed,0.8,Grouped row retained because current DB family also includes AT-1001 and exact variants have small spec differences.,hifi-wiki Audio-Technica AT exact-model pages,https://hifi-wiki.com/index.php/Audio_Technica_AT_1005_II
1819,Audio-Technica,AT-1001/1005II/1007/1009,headshell_standard,,international standard cartridge / headshell support,,Tonarmkopf eignet sich zum Einbau international genormter Tonabnehmer: ja,parsed,0.8,Common trait shown across exact family pages.,hifi-wiki Audio-Technica AT exact-model pages,https://hifi-wiki.com/index.php/Audio_Technica_AT_1009
1457,Audio-Technica,AT-1001/1005II/1007/1009,null_alignment_type,,Stevenson,,60.000 / 116.000 mm,derived,0.85,Backfilled from null-point pair proximity to reference alignments; nearest-reference distance 1.457 mm.,BIGLOBE Arm Data,https://www7a.biglobe.ne.jp/~yosh/armdata.htm
47,Audio-Technica,AT-1001/1005II/1007/1009,null_point_inner_mm,60.0,,mm,60/116,parsed,0.6,,BIGLOBE Arm Data,https://www7a.biglobe.ne.jp/~yosh/armdata.htm
48,Audio-Technica,AT-1001/1005II/1007/1009,null_point_outer_mm,116.0,,mm,60/116,parsed,0.6,,BIGLOBE Arm Data,https://www7a.biglobe.ne.jp/~yosh/armdata.htm
46,Audio-Technica,AT-1001/1005II/1007/1009,null_points,,60/116,,60/116,parsed,0.6,,BIGLOBE Arm Data,https://www7a.biglobe.ne.jp/~yosh/armdata.htm
45,Audio-Technica,AT-1001/1005II/1007/1009,offset_angle_deg,21.5,,deg,21.5,parsed,0.6,,BIGLOBE Arm Data,https://www7a.biglobe.ne.jp/~yosh/armdata.htm
44,Audio-Technica,AT-1001/1005II/1007/1009,overhang_mm,15.0,,mm,15,parsed,0.6,,BIGLOBE Arm Data,https://www7a.biglobe.ne.jp/~yosh/armdata.htm
2549,Audio-Technica,AT-1001/1005II/1007/1009,product_lineage,,"Official Audio-Technica brochure scan documents AT-1001, AT-1005 II, and AT-1007 within the grouped AT-1000 family row; AT-1009 is supported by a separate official local brochure scan.",,AT-1001 / AT-1005 II / AT-1007 family page,parsed,0.75,Used as official brochure support for grouped family row without changing grouped geometry.,Audio-Technica tonearm brochure scan (AT-1001/1005II/1007/AT-1500 series),file:///Users/mamsterla/projects/wallyanalyzer/tmp_at_imgs/AT_ad.jpg
1817,Audio-Technica,AT-1001/1005II/1007/1009,tracking_force_adjustment,,by weight,,Feinregulierung der Auflagekraft: durch Gewicht,parsed,0.8,"Common trait shown across AT-1005 II, AT-1007, and AT-1009 pages.",hifi-wiki Audio-Technica AT exact-model pages,https://hifi-wiki.com/index.php/Audio_Technica_AT_1005_II
1871,Audio-Technica,AT-1005 II,anti_skating,,yes,,Antiskatingeinrichtung: ja,parsed,0.9,,hifi-wiki Audio-Technica exact model page,https://hifi-wiki.com/index.php/Audio_Technica_AT_1005_II
1868,Audio-Technica,AT-1005 II,arm_material,,light metal,,Material des Tonarms: Leichtmetall,parsed,0.9,,hifi-wiki Audio-Technica exact model page,https://hifi-wiki.com/index.php/Audio_Technica_AT_1005_II
1865,Audio-Technica,AT-1005 II,effective_length_mm,240.0,,mm,Länge des Tonarms von Lagerachse bis Abtastspitze: 240 mm,parsed,0.9,,hifi-wiki Audio-Technica exact model page,https://hifi-wiki.com/index.php/Audio_Technica_AT_1005_II
1872,Audio-Technica,AT-1005 II,headshell_standard,,international standard cartridge support,,Tonarmkopf eignet sich zum Einbau international genormter Tonabnehmer: ja,parsed,0.9,,hifi-wiki Audio-Technica exact model page,https://hifi-wiki.com/index.php/Audio_Technica_AT_1005_II
1870,Audio-Technica,AT-1005 II,min_tracking_force_g,0.5,,g,"Mindestauflagekraft: 0,5 p",parsed,0.82,Recorded as gram-equivalent from source notation.,hifi-wiki Audio-Technica exact model page,https://hifi-wiki.com/index.php/Audio_Technica_AT_1005_II
1901,Audio-Technica,AT-1005 II,null_alignment_type,,Other,,56.619 / 123.192 mm,derived,0.65,"Backfilled from derived null points using effective length, mounting distance/overhang, and offset angle; nearest-reference distance 6.860 mm.",hifi-wiki Audio-Technica exact model page,https://hifi-wiki.com/index.php/Audio_Technica_AT_1005_II
1867,Audio-Technica,AT-1005 II,offset_angle_deg,22.0,,deg,Kröpfungswinkel: 22°,parsed,0.9,,hifi-wiki Audio-Technica exact model page,https://hifi-wiki.com/index.php/Audio_Technica_AT_1005_II
1866,Audio-Technica,AT-1005 II,overhang_mm,15.0,,mm,Überhang: 15 mm justierbar,parsed,0.9,,hifi-wiki Audio-Technica exact model page,https://hifi-wiki.com/index.php/Audio_Technica_AT_1005_II
2550,Audio-Technica,AT-1005 II,product_lineage,,"Official Audio-Technica brochure scan identifies AT-1005 II as a standard arm with 240 mm length, 15 mm adjustable overhang, and 22 degree offset.",,AT-1005 II brochure page,parsed,0.8,Exact local official brochure scan.,Audio-Technica AT-1005 II brochure scan,file:///Users/mamsterla/projects/wallyanalyzer/tmp_at_imgs/AT1005II.jpg
1869,Audio-Technica,AT-1005 II,tracking_force_adjustment,,by weight,,Feinregulierung der Auflagekraft: durch Gewicht,parsed,0.9,,hifi-wiki Audio-Technica exact model page,https://hifi-wiki.com/index.php/Audio_Technica_AT_1005_II
1879,Audio-Technica,AT-1007,anti_skating,,yes,,Antiskatingeinrichtung: ja,parsed,0.9,,hifi-wiki Audio-Technica exact model page,https://hifi-wiki.com/index.php/Audio_Technica_AT_1007
1876,Audio-Technica,AT-1007,arm_material,,light metal,,Material des Tonarms: Leichtmetall,parsed,0.9,,hifi-wiki Audio-Technica exact model page,https://hifi-wiki.com/index.php/Audio_Technica_AT_1007
1873,Audio-Technica,AT-1007,effective_length_mm,240.0,,mm,Länge des Tonarms von Lagerachse bis Abtastspitze: 240 mm,parsed,0.9,,hifi-wiki Audio-Technica exact model page,https://hifi-wiki.com/index.php/Audio_Technica_AT_1007
1880,Audio-Technica,AT-1007,headshell_standard,,international standard cartridge support,,Tonarmkopf eignet sich zum Einbau international genormter Tonabnehmer: ja,parsed,0.9,,hifi-wiki Audio-Technica exact model page,https://hifi-wiki.com/index.php/Audio_Technica_AT_1007
1878,Audio-Technica,AT-1007,min_tracking_force_g,0.25,,g,"Mindestauflagekraft: 0,25 p",parsed,0.82,Recorded as gram-equivalent from source notation.,hifi-wiki Audio-Technica exact model page,https://hifi-wiki.com/index.php/Audio_Technica_AT_1007
1902,Audio-Technica,AT-1007,null_alignment_type,,Other,,56.619 / 123.192 mm,derived,0.65,"Backfilled from derived null points using effective length, mounting distance/overhang, and offset angle; nearest-reference distance 6.860 mm.",hifi-wiki Audio-Technica exact model page,https://hifi-wiki.com/index.php/Audio_Technica_AT_1007
1875,Audio-Technica,AT-1007,offset_angle_deg,22.0,,deg,Kröpfungswinkel: 22°,parsed,0.9,,hifi-wiki Audio-Technica exact model page,https://hifi-wiki.com/index.php/Audio_Technica_AT_1007
1874,Audio-Technica,AT-1007,overhang_mm,15.0,,mm,Überhang: 15 mm justierbar,parsed,0.9,,hifi-wiki Audio-Technica exact model page,https://hifi-wiki.com/index.php/Audio_Technica_AT_1007
2551,Audio-Technica,AT-1007,product_lineage,,"Official Audio-Technica brochure scan identifies AT-1007 as a tapered-pipe arm with 240 mm length, 15 mm adjustable overhang, and 22 degree offset.",,AT-1007 brochure page,parsed,0.8,Exact local official brochure scan.,Audio-Technica AT-1007 brochure scan,file:///Users/mamsterla/projects/wallyanalyzer/tmp_at_imgs/AT1007.jpg
1881,Audio-Technica,AT-1007,special_features,,conical light-metal tonearm; hydraulically damped lift; micro-balancer tracking-force setting,,Besonderheiten: Konisch geformter Leichtmetall-Tonarm. Hydraulisch gedämpfter Lift; optimale Auflagekraft-Einstellung durch Micro-Balancer.,parsed,0.86,,hifi-wiki Audio-Technica exact model page,https://hifi-wiki.com/index.php/Audio_Technica_AT_1007
1877,Audio-Technica,AT-1007,tracking_force_adjustment,,by weight,,Feinregulierung der Auflagekraft: durch Gewicht,parsed,0.9,,hifi-wiki Audio-Technica exact model page,https://hifi-wiki.com/index.php/Audio_Technica_AT_1007
1888,Audio-Technica,AT-1009,anti_skating,,yes,,Antiskatingeinrichtung: Ja,parsed,0.9,,hifi-wiki Audio-Technica exact model page,https://hifi-wiki.com/index.php/Audio_Technica_AT_1009
1885,Audio-Technica,AT-1009,arm_material,,light metal,,Material des Tonarms: Leichtmetall,parsed,0.9,,hifi-wiki Audio-Technica exact model page,https://hifi-wiki.com/index.php/Audio_Technica_AT_1009
1882,Audio-Technica,AT-1009,effective_length_mm,240.0,,mm,Länge des Tonarms: 240 mm,parsed,0.9,,hifi-wiki Audio-Technica exact model page,https://hifi-wiki.com/index.php/Audio_Technica_AT_1009
1889,Audio-Technica,AT-1009,headshell_standard,,international standard cartridge support,,Tonarmkopf eignet sich zum Einbau international genormter Tonabnehmer: Ja,parsed,0.9,,hifi-wiki Audio-Technica exact model page,https://hifi-wiki.com/index.php/Audio_Technica_AT_1009
1887,Audio-Technica,AT-1009,min_tracking_force_g,0.35,,g,"Mindestauflagekraft: 0,35 p",parsed,0.82,Recorded as gram-equivalent from source notation.,hifi-wiki Audio-Technica exact model page,https://hifi-wiki.com/index.php/Audio_Technica_AT_1009
1903,Audio-Technica,AT-1009,null_alignment_type,,Other,,60.356 / 115.565 mm,derived,0.65,"Backfilled from derived null points using effective length, mounting distance/overhang, and offset angle; nearest-reference distance 1.855 mm.",hifi-wiki Audio-Technica exact model page,https://hifi-wiki.com/index.php/Audio_Technica_AT_1009
1884,Audio-Technica,AT-1009,offset_angle_deg,21.5,,deg,"Kröpfungswinkel: 21,5°",parsed,0.9,,hifi-wiki Audio-Technica exact model page,https://hifi-wiki.com/index.php/Audio_Technica_AT_1009
1883,Audio-Technica,AT-1009,overhang_mm,15.0,,mm,Überhang: 15 mm justierbar,parsed,0.9,,hifi-wiki Audio-Technica exact model page,https://hifi-wiki.com/index.php/Audio_Technica_AT_1009
2552,Audio-Technica,AT-1009,product_lineage,,"Official Audio-Technica brochure scan identifies AT-1009 with hydraulic cueing, 240 mm length, 15 mm adjustable overhang, and 21.5 degree offset.",,AT-1009 brochure page,parsed,0.8,Exact local official brochure scan.,Audio-Technica AT-1009 brochure scan,file:///Users/mamsterla/projects/wallyanalyzer/tmp_at_imgs/AT1009.jpg
1890,Audio-Technica,AT-1009,special_features,,remote-controlled hydraulically damped cueing; new anti-skating adjustment; low-resonance headshell; micro-balancer tracking-force setting,,"Besonderheiten: Fernbedienbare hydraulisch gedämpfte Aufsetzhilfe, neuartige Antiskating-Einstellung, resonanzarmer Tonkopf, optimale Auflagekraft-Einstellung durch Micro-Balancer.",parsed,0.86,,hifi-wiki Audio-Technica exact model page,https://hifi-wiki.com/index.php/Audio_Technica_AT_1009
1886,Audio-Technica,AT-1009,tracking_force_adjustment,,by weight,,Feinregulierung der Auflagekraft: durch Gewicht,parsed,0.9,,hifi-wiki Audio-Technica exact model page,https://hifi-wiki.com/index.php/Audio_Technica_AT_1009
1897,Audio-Technica,AT-1100,anti_skating,,by weight,,Antiskatingeinrichtung Durch Gewicht,parsed,0.9,,hifi-wiki Audio-Technica exact model page,https://hifi-wiki.com/index.php/Audio_Technica_AT_1100
1894,Audio-Technica,AT-1100,arm_material,,hardened ultraduraluminium,,Material des Tonarms Gehärtetes Ultraduraluminium,parsed,0.9,,hifi-wiki Audio-Technica exact model page,https://hifi-wiki.com/index.php/Audio_Technica_AT_1100
1899,Audio-Technica,AT-1100,connector_type,,Cinch,,Anschlußkabel und -stecker Cinch,parsed,0.9,,hifi-wiki Audio-Technica exact model page,https://hifi-wiki.com/index.php/Audio_Technica_AT_1100
1891,Audio-Technica,AT-1100,effective_length_mm,240.0,,mm,Länge des Tonarms 240 mm,parsed,0.9,,hifi-wiki Audio-Technica exact model page,https://hifi-wiki.com/index.php/Audio_Technica_AT_1100
1898,Audio-Technica,AT-1100,headshell_standard,,international standard cartridge support,,Tonarmkopf eignet sich zum Einbau international genormter Tonabnehmer Ja,parsed,0.9,,hifi-wiki Audio-Technica exact model page,https://hifi-wiki.com/index.php/Audio_Technica_AT_1100
1896,Audio-Technica,AT-1100,min_tracking_force_mN,1.0,,mN,Mindestauflagekraft 1 mN,parsed,0.8,,hifi-wiki Audio-Technica exact model page,https://hifi-wiki.com/index.php/Audio_Technica_AT_1100
1904,Audio-Technica,AT-1100,null_alignment_type,,Other,,60.356 / 115.565 mm,derived,0.65,"Backfilled from derived null points using effective length, mounting distance/overhang, and offset angle; nearest-reference distance 1.855 mm.",hifi-wiki Audio-Technica exact model page,https://hifi-wiki.com/index.php/Audio_Technica_AT_1100
1893,Audio-Technica,AT-1100,offset_angle_deg,21.5,,deg,"Kröpfungswinkel 21,5°",parsed,0.9,,hifi-wiki Audio-Technica exact model page,https://hifi-wiki.com/index.php/Audio_Technica_AT_1100
1892,Audio-Technica,AT-1100,overhang_mm,15.0,,mm,"Überhang 15 mm, justierbar",parsed,0.9,,hifi-wiki Audio-Technica exact model page,https://hifi-wiki.com/index.php/Audio_Technica_AT_1100
2553,Audio-Technica,AT-1100,product_lineage,,"Official Audio-Technica brochure scan identifies AT-1100 as a DTS-point tonearm with 240 mm length, 15 mm adjustable overhang, and 21.5 degree offset.",,AT-1100 brochure page,parsed,0.8,Exact local official brochure scan.,Audio-Technica AT-1100 brochure scan,file:///Users/mamsterla/projects/wallyanalyzer/tmp_at_imgs/AT1100.jpg
1900,Audio-Technica,AT-1100,special_features,,DTS-Arm; counterweight at stylus height; constant tracking force on warped records; silicone-oil damped; arm resonance 10 Hz,,"Besonderheiten: Neueste Spitzentonarm-Entwicklung von AT, DTS-Arm: Gegengewicht sitzt nicht auf der Verlängerung des Tonarmrohres, sondern auf der Höhe der Abtastnadel. Dadurch ist auch bei welligen Platten eine konstante Auflagekraft gewährleistet. Silikonöl-bedämpft. Eigenresonanz exakt bei 10 Hz",parsed,0.86,,hifi-wiki Audio-Technica exact model page,https://hifi-wiki.com/index.php/Audio_Technica_AT_1100
1895,Audio-Technica,AT-1100,tracking_force_adjustment,,by rotating weight,,Feineinstellung der Auflagekraft Durch Drehgewicht,parsed,0.9,,hifi-wiki Audio-Technica exact model page,https://hifi-wiki.com/index.php/Audio_Technica_AT_1100
1823,Audio-Technica,AT-1100/1010/1120,anti_skating,,by weight,,Antiskatingeinrichtung: Durch Gewicht,parsed,0.8,Exact AT-1100 reference within grouped family.,hifi-wiki Audio-Technica AT exact-model pages,https://hifi-wiki.com/index.php/Audio_Technica_AT_1100
1821,Audio-Technica,AT-1100/1010/1120,arm_material,,hardened ultraduraluminium,,Material des Tonarms: Gehärtetes Ultraduraluminium,parsed,0.8,Exact AT-1100 reference within grouped family.,hifi-wiki Audio-Technica AT exact-model pages,https://hifi-wiki.com/index.php/Audio_Technica_AT_1100
1824,Audio-Technica,AT-1100/1010/1120,connector_type,,Cinch,,Anschlußkabel und -stecker: Cinch,parsed,0.8,Exact AT-1100 reference within grouped family.,hifi-wiki Audio-Technica AT exact-model pages,https://hifi-wiki.com/index.php/Audio_Technica_AT_1100
37,Audio-Technica,AT-1100/1010/1120,effective_length_mm,240.0,,mm,240,parsed,0.6,,BIGLOBE Arm Data,https://www7a.biglobe.ne.jp/~yosh/armdata.htm
1820,Audio-Technica,AT-1100/1010/1120,family_reference,,AT-1100 exact reference page supports this grouped AT-1100/1010/1120 family row.,,AT 1100 exact page; AT 1010 and AT 1120 pages exist but are sparse placeholders,parsed,0.8,Grouped row retained because AT-1010 and AT-1120 exact public specs remain thin.,hifi-wiki Audio-Technica AT exact-model pages,https://hifi-wiki.com/index.php/Audio_Technica_AT_1100
1456,Audio-Technica,AT-1100/1010/1120,null_alignment_type,,Stevenson,,60.000 / 116.000 mm,derived,0.85,Backfilled from null-point pair proximity to reference alignments; nearest-reference distance 1.457 mm.,BIGLOBE Arm Data,https://www7a.biglobe.ne.jp/~yosh/armdata.htm
41,Audio-Technica,AT-1100/1010/1120,null_point_inner_mm,60.0,,mm,60/116,parsed,0.6,,BIGLOBE Arm Data,https://www7a.biglobe.ne.jp/~yosh/armdata.htm
42,Audio-Technica,AT-1100/1010/1120,null_point_outer_mm,116.0,,mm,60/116,parsed,0.6,,BIGLOBE Arm Data,https://www7a.biglobe.ne.jp/~yosh/armdata.htm
40,Audio-Technica,AT-1100/1010/1120,null_points,,60/116,,60/116,parsed,0.6,,BIGLOBE Arm Data,https://www7a.biglobe.ne.jp/~yosh/armdata.htm
39,Audio-Technica,AT-1100/1010/1120,offset_angle_deg,21.5,,deg,21.5,parsed,0.6,,BIGLOBE Arm Data,https://www7a.biglobe.ne.jp/~yosh/armdata.htm
38,Audio-Technica,AT-1100/1010/1120,overhang_mm,15.0,,mm,15,parsed,0.6,,BIGLOBE Arm Data,https://www7a.biglobe.ne.jp/~yosh/armdata.htm
2554,Audio-Technica,AT-1100/1010/1120,product_lineage,,"Grouped straight-arm family row includes AT-1100, documented in an official Audio-Technica brochure scan as a DTS-point tonearm.",,AT-1100 brochure page,parsed,0.7,Official support for one member of grouped AT-1100/1010/1120 row.,Audio-Technica AT-1100 brochure scan,file:///Users/mamsterla/projects/wallyanalyzer/tmp_at_imgs/AT1100.jpg
2555,Audio-Technica,AT-1100/1010/1120,product_lineage,,"Grouped straight-arm family row includes AT-1010, documented by mirrored legacy library support for original Audio-Technica documentation.",,AT-1010 library entry,parsed,0.65,Used as official-manual support via mirrored library index.,Vinyl Engine Audio Technica AT-1010 library,https://www.vinylengine.com/library/audio-technica/at-1010.shtml
2556,Audio-Technica,AT-1100/1010/1120,product_lineage,,"Grouped straight-arm family row includes AT-1120, documented by mirrored legacy library support for original Audio-Technica documentation.",,AT-1120 library entry,parsed,0.65,Used as official-manual support via mirrored library index.,Vinyl Engine Audio Technica AT-1120 library,https://www.vinylengine.com/library/audio-technica/at-1120.shtml
1825,Audio-Technica,AT-1100/1010/1120,special_features,,DTS-Arm; silicone-oil damped; arm resonance 10 Hz,,DTS-Arm ... Silikonöl-bedämpft. Eigenresonanz exakt bei 10 Hz,parsed,0.8,Exact AT-1100 reference within grouped family.,hifi-wiki Audio-Technica AT exact-model pages,https://hifi-wiki.com/index.php/Audio_Technica_AT_1100
1822,Audio-Technica,AT-1100/1010/1120,tracking_force_adjustment,,by rotating weight,,Feineinstellung der Auflagekraft: Durch Drehgewicht,parsed,0.8,Exact AT-1100 reference within grouped family.,hifi-wiki Audio-Technica AT exact-model pages,https://hifi-wiki.com/index.php/Audio_Technica_AT_1100
1905,Audio-Technica,AT-1501,arm_type,,professional transcription tonearm,,プロ用トランスクリプション・アーム,parsed,0.86,,hifi-wiki AT series advertisement scan,https://hifi-wiki.com/images/4/42/AT.jpg
1907,Audio-Technica,AT-1501,nominal_length_cm,40.0,,cm,AT-1501(40cm型),parsed,0.86,,hifi-wiki AT series advertisement scan,https://hifi-wiki.com/images/4/42/AT.jpg
1915,Audio-Technica,AT-1501,null_alignment_type,,Unknown,,Unknown,derived,0.4,Defaulted because the current source set does not explicitly specify a null alignment family.,hifi-wiki AT series advertisement scan,https://hifi-wiki.com/images/4/42/AT.jpg
1909,Audio-Technica,AT-1501,original_price_dm,500.0,,DM,500 DM,parsed,0.86,Approximate original price listed on hifi-wiki Sound Arms page.,hifi-wiki Audio Technica Sound Arms,https://hifi-wiki.com/index.php/Audio_Technica_Sound_Arms
1908,Audio-Technica,AT-1501,original_price_jpy,12600.0,,JPY,¥12600,parsed,0.86,,hifi-wiki AT series advertisement scan,https://hifi-wiki.com/images/4/42/AT.jpg
2557,Audio-Technica,AT-1501,product_lineage,,Official Audio-Technica brochure scan identifies AT-1501 as the 40 cm member of the AT-1500 pro transcription arm series.,,AT-1501 listed in AT-1500 series brochure page,parsed,0.75,Official family page names exact model.,Audio-Technica tonearm brochure scan (AT-1001/1005II/1007/AT-1500 series),file:///Users/mamsterla/projects/wallyanalyzer/tmp_at_imgs/AT_ad.jpg
1906,Audio-Technica,AT-1501,series_reference,,AT-1500 series,,AT-1500シリーズ,parsed,0.86,,hifi-wiki AT series advertisement scan,https://hifi-wiki.com/images/4/42/AT.jpg
13,Audio-Technica,AT-1501II,effective_length_mm,282.0,,mm,282,parsed,0.6,,BIGLOBE Arm Data,https://www7a.biglobe.ne.jp/~yosh/armdata.htm
1452,Audio-Technica,AT-1501II,null_alignment_type,,Other,,56.000 / 118.000 mm,derived,0.75,Backfilled from null-point pair proximity to reference alignments; nearest-reference distance 4.364 mm.,BIGLOBE Arm Data,https://www7a.biglobe.ne.jp/~yosh/armdata.htm
17,Audio-Technica,AT-1501II,null_point_inner_mm,56.0,,mm,56/118,parsed,0.6,,BIGLOBE Arm Data,https://www7a.biglobe.ne.jp/~yosh/armdata.htm
18,Audio-Technica,AT-1501II,null_point_outer_mm,118.0,,mm,56/118,parsed,0.6,,BIGLOBE Arm Data,https://www7a.biglobe.ne.jp/~yosh/armdata.htm
16,Audio-Technica,AT-1501II,null_points,,56/118,,56/118,parsed,0.6,,BIGLOBE Arm Data,https://www7a.biglobe.ne.jp/~yosh/armdata.htm
15,Audio-Technica,AT-1501II,offset_angle_deg,18.0,,deg,18,parsed,0.6,,BIGLOBE Arm Data,https://www7a.biglobe.ne.jp/~yosh/armdata.htm
14,Audio-Technica,AT-1501II,overhang_mm,12.0,,mm,12,parsed,0.6,,BIGLOBE Arm Data,https://www7a.biglobe.ne.jp/~yosh/armdata.htm
2558,Audio-Technica,AT-1501II,product_lineage,,AT-1501II belongs to the long-running AT-1500 transcription family documented by the official Audio-Technica brochure scan naming AT-1501 as the 40 cm family member.,,AT-1501 family brochure page,parsed,0.65,Conservative family-lineage support for later AT-1501II row.,Audio-Technica tonearm brochure scan (AT-1001/1005II/1007/AT-1500 series),file:///Users/mamsterla/projects/wallyanalyzer/tmp_at_imgs/AT_ad.jpg
19,Audio-Technica,"AT-1501III, IV",effective_length_mm,285.0,,mm,285,parsed,0.6,,BIGLOBE Arm Data,https://www7a.biglobe.ne.jp/~yosh/armdata.htm
1453,Audio-Technica,"AT-1501III, IV",null_alignment_type,,Other,,56.000 / 121.000 mm,derived,0.75,Backfilled from null-point pair proximity to reference alignments; nearest-reference distance 5.614 mm.,BIGLOBE Arm Data,https://www7a.biglobe.ne.jp/~yosh/armdata.htm
23,Audio-Technica,"AT-1501III, IV",null_point_inner_mm,56.0,,mm,56/121,parsed,0.6,,BIGLOBE Arm Data,https://www7a.biglobe.ne.jp/~yosh/armdata.htm
24,Audio-Technica,"AT-1501III, IV",null_point_outer_mm,121.0,,mm,56/121,parsed,0.6,,BIGLOBE Arm Data,https://www7a.biglobe.ne.jp/~yosh/armdata.htm
22,Audio-Technica,"AT-1501III, IV",null_points,,56/121,,56/121,parsed,0.6,,BIGLOBE Arm Data,https://www7a.biglobe.ne.jp/~yosh/armdata.htm
21,Audio-Technica,"AT-1501III, IV",offset_angle_deg,18.0,,deg,18,parsed,0.6,,BIGLOBE Arm Data,https://www7a.biglobe.ne.jp/~yosh/armdata.htm
20,Audio-Technica,"AT-1501III, IV",overhang_mm,12.0,,mm,12,parsed,0.6,,BIGLOBE Arm Data,https://www7a.biglobe.ne.jp/~yosh/armdata.htm
2559,Audio-Technica,"AT-1501III, IV",product_lineage,,AT-1501III and AT-1501IV continue the long-arm AT-1500 transcription family documented by the official Audio-Technica brochure scan naming AT-1501 as the 40 cm family member.,,AT-1501 family brochure page,parsed,0.65,Conservative family-lineage support for later AT-1501 variants.,Audio-Technica tonearm brochure scan (AT-1001/1005II/1007/AT-1500 series),file:///Users/mamsterla/projects/wallyanalyzer/tmp_at_imgs/AT_ad.jpg
1910,Audio-Technica,AT-1503,arm_type,,professional transcription tonearm,,プロ用トランスクリプション・アーム,parsed,0.86,,hifi-wiki AT series advertisement scan,https://hifi-wiki.com/images/4/42/AT.jpg
1912,Audio-Technica,AT-1503,nominal_length_cm,35.0,,cm,AT-1503(35cm型),parsed,0.86,,hifi-wiki AT series advertisement scan,https://hifi-wiki.com/images/4/42/AT.jpg
1916,Audio-Technica,AT-1503,null_alignment_type,,Unknown,,Unknown,derived,0.4,Defaulted because the current source set does not explicitly specify a null alignment family.,hifi-wiki AT series advertisement scan,https://hifi-wiki.com/images/4/42/AT.jpg
1914,Audio-Technica,AT-1503,original_price_dm,460.0,,DM,460 DM,parsed,0.86,Approximate original price listed on hifi-wiki Sound Arms page.,hifi-wiki Audio Technica Sound Arms,https://hifi-wiki.com/index.php/Audio_Technica_Sound_Arms
1913,Audio-Technica,AT-1503,original_price_jpy,11800.0,,JPY,¥11800,parsed,0.86,,hifi-wiki AT series advertisement scan,https://hifi-wiki.com/images/4/42/AT.jpg
2560,Audio-Technica,AT-1503,product_lineage,,Official Audio-Technica brochure scan identifies AT-1503 as the 35 cm member of the AT-1500 pro transcription arm series.,,AT-1503 listed in AT-1500 series brochure page,parsed,0.75,Official family page names exact model.,Audio-Technica tonearm brochure scan (AT-1001/1005II/1007/AT-1500 series),file:///Users/mamsterla/projects/wallyanalyzer/tmp_at_imgs/AT_ad.jpg
1911,Audio-Technica,AT-1503,series_reference,,AT-1500 series,,AT-1500シリーズ,parsed,0.86,,hifi-wiki AT series advertisement scan,https://hifi-wiki.com/images/4/42/AT.jpg
25,Audio-Technica,AT-1503II,effective_length_mm,254.0,,mm,254,parsed,0.6,,BIGLOBE Arm Data,https://www7a.biglobe.ne.jp/~yosh/armdata.htm
1454,Audio-Technica,AT-1503II,null_alignment_type,,Other,,61.000 / 121.000 mm,derived,0.75,Backfilled from null-point pair proximity to reference alignments; nearest-reference distance 3.643 mm.,BIGLOBE Arm Data,https://www7a.biglobe.ne.jp/~yosh/armdata.htm
29,Audio-Technica,AT-1503II,null_point_inner_mm,61.0,,mm,61/121,parsed,0.6,,BIGLOBE Arm Data,https://www7a.biglobe.ne.jp/~yosh/armdata.htm
30,Audio-Technica,AT-1503II,null_point_outer_mm,121.0,,mm,61/121,parsed,0.6,,BIGLOBE Arm Data,https://www7a.biglobe.ne.jp/~yosh/armdata.htm
28,Audio-Technica,AT-1503II,null_points,,61/121,,61/121,parsed,0.6,,BIGLOBE Arm Data,https://www7a.biglobe.ne.jp/~yosh/armdata.htm
27,Audio-Technica,AT-1503II,offset_angle_deg,21.0,,deg,21,parsed,0.6,,BIGLOBE Arm Data,https://www7a.biglobe.ne.jp/~yosh/armdata.htm
26,Audio-Technica,AT-1503II,overhang_mm,15.0,,mm,15,parsed,0.6,,BIGLOBE Arm Data,https://www7a.biglobe.ne.jp/~yosh/armdata.htm
2561,Audio-Technica,AT-1503II,product_lineage,,AT-1503II belongs to the AT-1500 transcription family documented by the official Audio-Technica brochure scan naming AT-1503 as the 35 cm family member.,,AT-1503 family brochure page,parsed,0.65,Conservative family-lineage support for later AT-1503II row.,Audio-Technica tonearm brochure scan (AT-1001/1005II/1007/AT-1500 series),file:///Users/mamsterla/projects/wallyanalyzer/tmp_at_imgs/AT_ad.jpg
31,Audio-Technica,"AT-1503III, IV, IIIa",effective_length_mm,257.0,,mm,257,parsed,0.6,,BIGLOBE Arm Data,https://www7a.biglobe.ne.jp/~yosh/armdata.htm
1455,Audio-Technica,"AT-1503III, IV, IIIa",null_alignment_type,,Other,,61.000 / 124.000 mm,derived,0.75,Backfilled from null-point pair proximity to reference alignments; nearest-reference distance 5.883 mm.,BIGLOBE Arm Data,https://www7a.biglobe.ne.jp/~yosh/armdata.htm
35,Audio-Technica,"AT-1503III, IV, IIIa",null_point_inner_mm,61.0,,mm,61/124,parsed,0.6,,BIGLOBE Arm Data,https://www7a.biglobe.ne.jp/~yosh/armdata.htm
36,Audio-Technica,"AT-1503III, IV, IIIa",null_point_outer_mm,124.0,,mm,61/124,parsed,0.6,,BIGLOBE Arm Data,https://www7a.biglobe.ne.jp/~yosh/armdata.htm
34,Audio-Technica,"AT-1503III, IV, IIIa",null_points,,61/124,,61/124,parsed,0.6,,BIGLOBE Arm Data,https://www7a.biglobe.ne.jp/~yosh/armdata.htm
33,Audio-Technica,"AT-1503III, IV, IIIa",offset_angle_deg,21.0,,deg,21,parsed,0.6,,BIGLOBE Arm Data,https://www7a.biglobe.ne.jp/~yosh/armdata.htm
32,Audio-Technica,"AT-1503III, IV, IIIa",overhang_mm,15.0,,mm,15,parsed,0.6,,BIGLOBE Arm Data,https://www7a.biglobe.ne.jp/~yosh/armdata.htm
2562,Audio-Technica,"AT-1503III, IV, IIIa",product_lineage,,Official Audio-Technica corporate history documents limited release of AT1503IIIa as the revived broadcast tonearm in 2002; this supports the later AT-1503 family row that includes IIIa.,,AT1503IIIa official history entry,parsed,0.75,Exact official site support for IIIa member of grouped later-family row.,Audio-Technica corporate history page for AT1503IIIa,https://www.audio-technica.co.jp/corp/history-2000/
397,AudioQuest,PT-6/7/8/9,effective_length_mm,229.0,,mm,229,parsed,0.6,,BIGLOBE Arm Data,https://www7a.biglobe.ne.jp/~yosh/armdata.htm
1516,AudioQuest,PT-6/7/8/9,null_alignment_type,,Baewald,,66.000 / 121.000 mm,derived,0.85,Backfilled from null-point pair proximity to reference alignments; nearest-reference distance 0.100 mm.,BIGLOBE Arm Data,https://www7a.biglobe.ne.jp/~yosh/armdata.htm
401,AudioQuest,PT-6/7/8/9,null_point_inner_mm,66.0,,mm,66/121,parsed,0.6,,BIGLOBE Arm Data,https://www7a.biglobe.ne.jp/~yosh/armdata.htm
402,AudioQuest,PT-6/7/8/9,null_point_outer_mm,121.0,,mm,66/121,parsed,0.6,,BIGLOBE Arm Data,https://www7a.biglobe.ne.jp/~yosh/armdata.htm
400,AudioQuest,PT-6/7/8/9,null_points,,66/121,,66/121,parsed,0.6,,BIGLOBE Arm Data,https://www7a.biglobe.ne.jp/~yosh/armdata.htm
399,AudioQuest,PT-6/7/8/9,offset_angle_deg,24.0,,deg,24,parsed,0.6,,BIGLOBE Arm Data,https://www7a.biglobe.ne.jp/~yosh/armdata.htm
398,AudioQuest,PT-6/7/8/9,overhang_mm,18.0,,mm,18,parsed,0.6,,BIGLOBE Arm Data,https://www7a.biglobe.ne.jp/~yosh/armdata.htm
2646,AudioQuest,PT-6/7/8/9,product_lineage,,AudioQuest PT-6 is documented by mirrored original-manual support and belongs to the grouped PT-6/7/8/9 family row.,,AudioQuest PT6 manual page,parsed,0.75,Manual-mirror support for grouped row.,Audioquest PT6 Japanese Manufactured Tonearm Manual,https://www.vinylengine.com/library/audioquest/pt6.shtml
2647,AudioQuest,PT-6/7/8/9,product_lineage,,AudioQuest PT-7 is documented by mirrored original-manual support and shares the same grouped PT family row.,,AudioQuest PT7 manual page,parsed,0.75,Manual-mirror support for grouped row.,Audioquest PT7 High Quality Japanese Made Tonearm Manual,https://www.vinylengine.com/library/audioquest/pt7.shtml
2648,AudioQuest,PT-6/7/8/9,product_lineage,,"The AudioQuest PT-9 manual explicitly references the PT-6/7/8/9 base plate and template, supporting the grouped PT family row.",,PT-9 manual references PT-6/7/8/9 base plate,parsed,0.8,Manual-mirror family support covering PT-8 and PT-9 lineage.,AUDIOQUEST PT-9 EXTREME USER MANUAL,https://www.manualslib.com/manual/1560530/Audioquest-Pt-9-Extreme.html
1164,Audiomods,Series Six 10.5-inch,effective_length_mm,254.0,,mm,254 mm,parsed,0.95,,Audiomods Series Six dimensions PDF,http://www.audiomods.co.uk/downloads/micArmDimensionsS6.pdf
1168,Audiomods,Series Six 10.5-inch,effective_mass_g,,Variable 8-22 g depending on cartridge plate and counterweight,g,Variable from 8-22 g depending on cartridge plate and counterweight,raw_only,0.85,,Audiomods Series Six dimensions PDF,http://www.audiomods.co.uk/downloads/micArmDimensionsS6.pdf
1165,Audiomods,Series Six 10.5-inch,mounting_distance_mm,239.0,,mm,239 mm centres,parsed,0.95,,Audiomods Series Six dimensions PDF,http://www.audiomods.co.uk/downloads/micArmDimensionsS6.pdf
1643,Audiomods,Series Six 10.5-inch,null_alignment_type,,Other,,61.182 / 120.869 mm,derived,0.65,"Backfilled from derived null points using effective length, mounting distance/overhang, and offset angle; nearest-reference distance 3.554 mm.",Audiomods Series Six dimensions PDF,http://www.audiomods.co.uk/downloads/micArmDimensionsS6.pdf
1167,Audiomods,Series Six 10.5-inch,offset_angle_deg,21.0,,deg,21 degrees,parsed,0.95,,Audiomods Series Six dimensions PDF,http://www.audiomods.co.uk/downloads/micArmDimensionsS6.pdf
1166,Audiomods,Series Six 10.5-inch,overhang_mm,15.0,,mm,15 mm,parsed,0.95,,Audiomods Series Six dimensions PDF,http://www.audiomods.co.uk/downloads/micArmDimensionsS6.pdf
1163,Audiomods,Series Six 9-inch Linn,arm_mount,,Linn fitting,,Linn fitting,parsed,0.95,,Audiomods Series Six dimensions PDF,http://www.audiomods.co.uk/downloads/micArmDimensionsS6.pdf
1158,Audiomods,Series Six 9-inch Linn,effective_length_mm,229.0,,mm,229 mm,parsed,0.95,,Audiomods Series Six dimensions PDF,http://www.audiomods.co.uk/downloads/micArmDimensionsS6.pdf
1162,Audiomods,Series Six 9-inch Linn,effective_mass_g,,Variable 8-22 g depending on cartridge plate and counterweight,g,Variable from 8-22 g depending on cartridge plate and counterweight,raw_only,0.85,,Audiomods Series Six dimensions PDF,http://www.audiomods.co.uk/downloads/micArmDimensionsS6.pdf
1159,Audiomods,Series Six 9-inch Linn,mounting_distance_mm,211.0,,mm,211 mm centres,parsed,0.95,,Audiomods Series Six dimensions PDF,http://www.audiomods.co.uk/downloads/micArmDimensionsS6.pdf
1642,Audiomods,Series Six 9-inch Linn,null_alignment_type,,Baewald,,65.655 / 120.630 mm,derived,0.85,"Backfilled from derived null points using effective length, mounting distance/overhang, and offset angle; nearest-reference distance 0.438 mm.",Audiomods Series Six dimensions PDF,http://www.audiomods.co.uk/downloads/micArmDimensionsS6.pdf
1161,Audiomods,Series Six 9-inch Linn,offset_angle_deg,24.0,,deg,24 degrees,parsed,0.95,,Audiomods Series Six dimensions PDF,http://www.audiomods.co.uk/downloads/micArmDimensionsS6.pdf
1160,Audiomods,Series Six 9-inch Linn,overhang_mm,18.0,,mm,18 mm,parsed,0.95,,Audiomods Series Six dimensions PDF,http://www.audiomods.co.uk/downloads/micArmDimensionsS6.pdf
1157,Audiomods,Series Six 9-inch Rega,arm_mount,,Rega fitting,,Rega fitting,parsed,0.95,,Audiomods Series Six dimensions PDF,http://www.audiomods.co.uk/downloads/micArmDimensionsS6.pdf
1152,Audiomods,Series Six 9-inch Rega,effective_length_mm,239.0,,mm,239 mm,parsed,0.95,,Audiomods Series Six dimensions PDF,http://www.audiomods.co.uk/downloads/micArmDimensionsS6.pdf
1156,Audiomods,Series Six 9-inch Rega,effective_mass_g,,Variable 8-22 g depending on cartridge plate and counterweight,g,Variable from 8-22 g depending on cartridge plate and counterweight,raw_only,0.85,,Audiomods Series Six dimensions PDF,http://www.audiomods.co.uk/downloads/micArmDimensionsS6.pdf
1153,Audiomods,Series Six 9-inch Rega,mounting_distance_mm,222.0,,mm,222 mm centres,parsed,0.95,,Audiomods Series Six dimensions PDF,http://www.audiomods.co.uk/downloads/micArmDimensionsS6.pdf
1641,Audiomods,Series Six 9-inch Rega,null_alignment_type,,Other,,63.657 / 123.112 mm,derived,0.65,"Backfilled from derived null points using effective length, mounting distance/overhang, and offset angle; nearest-reference distance 3.222 mm.",Audiomods Series Six dimensions PDF,http://www.audiomods.co.uk/downloads/micArmDimensionsS6.pdf
1155,Audiomods,Series Six 9-inch Rega,offset_angle_deg,23.0,,deg,23 degrees,parsed,0.95,,Audiomods Series Six dimensions PDF,http://www.audiomods.co.uk/downloads/micArmDimensionsS6.pdf
1154,Audiomods,Series Six 9-inch Rega,overhang_mm,17.3,,mm,17.3 mm,parsed,0.95,,Audiomods Series Six dimensions PDF,http://www.audiomods.co.uk/downloads/micArmDimensionsS6.pdf
2974,Avid,Nexus,arm_type,,precision tonearm with bespoke titanium arm tube,,"The Nexus features a bespoke titanium arm tube, manufactured to stringent precision standards.",parsed,0.84,Official construction description.,AVID Nexus official page,https://www.avidhifi.com/tonearms/nexus
2976,Avid,Nexus,null_alignment_type,,Unknown,,Unknown,derived,0.4,Defaulted because the current source set does not explicitly specify a null alignment family.,AVID Nexus official page,https://www.avidhifi.com/tonearms/nexus
2975,Avid,Nexus,product_family,,AVID manually constructed tonearm range,,All AVID tonearms undergo meticulous manual construction and individual testing to ensure optimal performance.,parsed,0.8,Official family support from AVID tonearm engineering text.,AVID Nexus official page,https://www.avidhifi.com/tonearms/nexus
2973,Avid,Nexus,product_lineage,,Current official AVID Nexus tonearm page; latest model supersedes the previous version.,,"Our latest model, featuring this revolutionary advancement in bias control technology supersedes the previous version, setting a new benchmark for precision and performance in vinyl playback.",parsed,0.87,Exact Nexus official continuity support.,AVID Nexus official page,https://www.avidhifi.com/tonearms/nexus
49,Azden,PU-402 (SYNTEC S-220),effective_length_mm,220.0,,mm,220,parsed,0.6,,BIGLOBE Arm Data,https://www7a.biglobe.ne.jp/~yosh/armdata.htm
2546,Azden,PU-402 (SYNTEC S-220),model_notes,,Syntec S-220 equivalent documented through Vinyl Engine mirrored library support.,,Syntec S-220 library entry,parsed,0.65,Used as official-manual support for same underlying arm family and equivalence already encoded in model name.,Vinyl Engine Syntec S-220 library,https://www.vinylengine.com/library/syntec/s-220.shtml
1458,Azden,PU-402 (SYNTEC S-220),null_alignment_type,,Other,,62.000 / 103.000 mm,derived,0.75,Backfilled from null-point pair proximity to reference alignments; nearest-reference distance 14.517 mm.,BIGLOBE Arm Data,https://www7a.biglobe.ne.jp/~yosh/armdata.htm
53,Azden,PU-402 (SYNTEC S-220),null_point_inner_mm,62.0,,mm,62/103,parsed,0.6,,BIGLOBE Arm Data,https://www7a.biglobe.ne.jp/~yosh/armdata.htm
54,Azden,PU-402 (SYNTEC S-220),null_point_outer_mm,103.0,,mm,62/103,parsed,0.6,,BIGLOBE Arm Data,https://www7a.biglobe.ne.jp/~yosh/armdata.htm
52,Azden,PU-402 (SYNTEC S-220),null_points,,62/103,,62/103,parsed,0.6,,BIGLOBE Arm Data,https://www7a.biglobe.ne.jp/~yosh/armdata.htm
51,Azden,PU-402 (SYNTEC S-220),offset_angle_deg,22.0,,deg,22,parsed,0.6,,BIGLOBE Arm Data,https://www7a.biglobe.ne.jp/~yosh/armdata.htm
50,Azden,PU-402 (SYNTEC S-220),overhang_mm,15.0,,mm,15,parsed,0.6,,BIGLOBE Arm Data,https://www7a.biglobe.ne.jp/~yosh/armdata.htm
2545,Azden,PU-402 (SYNTEC S-220),product_lineage,,PU-402 is represented in Vinyl Engine under Japan Piezo with original library documentation for this legacy arm family.,,Japan Piezo PU-402 library entry,parsed,0.65,Used as official-manual support via mirrored library index for legacy OEM lineage.,Vinyl Engine Japan Piezo PU-402 library,https://www.vinylengine.com/library/japan-piezo/pu-402.shtml
55,Azden,PU-547 & PU-550,effective_length_mm,237.0,,mm,237,parsed,0.6,,BIGLOBE Arm Data,https://www7a.biglobe.ne.jp/~yosh/armdata.htm
1459,Azden,PU-547 & PU-550,null_alignment_type,,Other,,61.000 / 113.000 mm,derived,0.75,Backfilled from null-point pair proximity to reference alignments; nearest-reference distance 4.471 mm.,BIGLOBE Arm Data,https://www7a.biglobe.ne.jp/~yosh/armdata.htm
59,Azden,PU-547 & PU-550,null_point_inner_mm,61.0,,mm,61/113,parsed,0.6,,BIGLOBE Arm Data,https://www7a.biglobe.ne.jp/~yosh/armdata.htm
60,Azden,PU-547 & PU-550,null_point_outer_mm,113.0,,mm,61/113,parsed,0.6,,BIGLOBE Arm Data,https://www7a.biglobe.ne.jp/~yosh/armdata.htm
58,Azden,PU-547 & PU-550,null_points,,61/113,,61/113,parsed,0.6,,BIGLOBE Arm Data,https://www7a.biglobe.ne.jp/~yosh/armdata.htm
57,Azden,PU-547 & PU-550,offset_angle_deg,21.5,,deg,21.5,parsed,0.6,,BIGLOBE Arm Data,https://www7a.biglobe.ne.jp/~yosh/armdata.htm
56,Azden,PU-547 & PU-550,overhang_mm,15.0,,mm,15,parsed,0.6,,BIGLOBE Arm Data,https://www7a.biglobe.ne.jp/~yosh/armdata.htm
2547,Azden,PU-547 & PU-550,product_lineage,,Azden library index provides mirrored legacy-manual support for PU-547 and PU-550 family documentation.,,Azden library index,parsed,0.55,Used conservatively to add official-manual lineage support without changing numeric geometry.,Vinyl Engine Azden library,https://www.vinylengine.com/library/azden.shtml
61,Azden,PU-549,effective_length_mm,244.0,,mm,244,parsed,0.6,,BIGLOBE Arm Data,https://www7a.biglobe.ne.jp/~yosh/armdata.htm
1460,Azden,PU-549,null_alignment_type,,Other,,64.000 / 111.000 mm,derived,0.75,Backfilled from null-point pair proximity to reference alignments; nearest-reference distance 7.397 mm.,BIGLOBE Arm Data,https://www7a.biglobe.ne.jp/~yosh/armdata.htm
65,Azden,PU-549,null_point_inner_mm,64.0,,mm,64/111,parsed,0.6,,BIGLOBE Arm Data,https://www7a.biglobe.ne.jp/~yosh/armdata.htm
66,Azden,PU-549,null_point_outer_mm,111.0,,mm,64/111,parsed,0.6,,BIGLOBE Arm Data,https://www7a.biglobe.ne.jp/~yosh/armdata.htm
64,Azden,PU-549,null_points,,64/111,,64/111,parsed,0.6,,BIGLOBE Arm Data,https://www7a.biglobe.ne.jp/~yosh/armdata.htm
63,Azden,PU-549,offset_angle_deg,21.0,,deg,21,parsed,0.6,,BIGLOBE Arm Data,https://www7a.biglobe.ne.jp/~yosh/armdata.htm
62,Azden,PU-549,overhang_mm,15.0,,mm,15,parsed,0.6,,BIGLOBE Arm Data,https://www7a.biglobe.ne.jp/~yosh/armdata.htm
2548,Azden,PU-549,product_lineage,,Azden library index provides mirrored legacy-manual support for PU-549 documentation.,,Azden library index,parsed,0.55,Used conservatively to add official-manual lineage support without changing numeric geometry.,Vinyl Engine Azden library,https://www.vinylengine.com/library/azden.shtml
1173,Basis Audio,Vector 4,arm_mount,,Basis mount; optional flange for non-Basis turntables,,Optional mounting flange for non-Basis turntables,parsed,0.8,,Basis Audio Vector 4 official product page,https://www.basisaudio.com/tonearm/vector-4/
1169,Basis Audio,Vector 4,effective_length_mm,239.0,,mm,239 mm,parsed,0.9,,Basis Audio Vector 4 official product page,https://www.basisaudio.com/tonearm/vector-4/
1172,Basis Audio,Vector 4,effective_mass_g,,11-15 grams,g,11-15 grams,raw_only,0.85,Effective mass published as a range.,Basis Audio Vector 4 official product page,https://www.basisaudio.com/tonearm/vector-4/
1170,Basis Audio,Vector 4,mounting_distance_mm,222.0,,mm,222 mm,parsed,0.9,,Basis Audio Vector 4 official product page,https://www.basisaudio.com/tonearm/vector-4/
1644,Basis Audio,Vector 4,null_alignment_type,,Unknown,,Unknown,derived,0.4,Defaulted because the current source set does not explicitly specify a null alignment family.,Basis Audio Vector 4 official product page,https://www.basisaudio.com/tonearm/vector-4/
1171,Basis Audio,Vector 4,overhang_mm,17.0,,mm,Derived from 239 mm effective length and 222 mm pivot to spindle distance,derived,0.85,,Basis Audio Vector 4 official product page,https://www.basisaudio.com/tonearm/vector-4/
403,Belcanto,"Unipivot 10""",effective_length_mm,243.0,,mm,243,parsed,0.6,,BIGLOBE Arm Data,https://www7a.biglobe.ne.jp/~yosh/armdata.htm
1517,Belcanto,"Unipivot 10""",null_alignment_type,,Other,,66.000 / 114.000 mm,derived,0.75,Backfilled from null-point pair proximity to reference alignments; nearest-reference distance 5.015 mm.,BIGLOBE Arm Data,https://www7a.biglobe.ne.jp/~yosh/armdata.htm
407,Belcanto,"Unipivot 10""",null_point_inner_mm,66.0,,mm,66/114,parsed,0.6,,BIGLOBE Arm Data,https://www7a.biglobe.ne.jp/~yosh/armdata.htm
408,Belcanto,"Unipivot 10""",null_point_outer_mm,114.0,,mm,66/114,parsed,0.6,,BIGLOBE Arm Data,https://www7a.biglobe.ne.jp/~yosh/armdata.htm
406,Belcanto,"Unipivot 10""",null_points,,66/114,,66/114,parsed,0.6,,BIGLOBE Arm Data,https://www7a.biglobe.ne.jp/~yosh/armdata.htm
405,Belcanto,"Unipivot 10""",offset_angle_deg,21.75,,deg,21.75,parsed,0.6,,BIGLOBE Arm Data,https://www7a.biglobe.ne.jp/~yosh/armdata.htm
404,Belcanto,"Unipivot 10""",overhang_mm,16.0,,mm,16,parsed,0.6,,BIGLOBE Arm Data,https://www7a.biglobe.ne.jp/~yosh/armdata.htm
2678,Belcanto,"Unipivot 10""",product_lineage,,"Belcanto is present in the Vinyl Engine manufacturer library, providing mirrored legacy manual/library support for the Belcanto unipivot family including the 10-inch arm row.",,Belcanto Vinyl Engine manufacturer library presence,parsed,0.6,Conservative manual-library family support for grouped legacy row.,Belcanto Manuals | Vinyl Engine,https://www.vinylengine.com/library/belcanto.shtml
409,Belcanto,"Unipivot 12""",effective_length_mm,307.0,,mm,307,parsed,0.6,,BIGLOBE Arm Data,https://www7a.biglobe.ne.jp/~yosh/armdata.htm
1518,Belcanto,"Unipivot 12""",null_alignment_type,,Other,,66.000 / 127.000 mm,derived,0.75,Backfilled from null-point pair proximity to reference alignments; nearest-reference distance 6.100 mm.,BIGLOBE Arm Data,https://www7a.biglobe.ne.jp/~yosh/armdata.htm
413,Belcanto,"Unipivot 12""",null_point_inner_mm,66.0,,mm,66/127,parsed,0.6,,BIGLOBE Arm Data,https://www7a.biglobe.ne.jp/~yosh/armdata.htm
414,Belcanto,"Unipivot 12""",null_point_outer_mm,127.0,,mm,66/127,parsed,0.6,,BIGLOBE Arm Data,https://www7a.biglobe.ne.jp/~yosh/armdata.htm
412,Belcanto,"Unipivot 12""",null_points,,66/127,,66/127,parsed,0.6,,BIGLOBE Arm Data,https://www7a.biglobe.ne.jp/~yosh/armdata.htm
411,Belcanto,"Unipivot 12""",offset_angle_deg,18.35,,deg,18.35,parsed,0.6,,BIGLOBE Arm Data,https://www7a.biglobe.ne.jp/~yosh/armdata.htm
410,Belcanto,"Unipivot 12""",overhang_mm,14.0,,mm,14,parsed,0.6,,BIGLOBE Arm Data,https://www7a.biglobe.ne.jp/~yosh/armdata.htm
2679,Belcanto,"Unipivot 12""",product_lineage,,"Belcanto is present in the Vinyl Engine manufacturer library, providing mirrored legacy manual/library support for the Belcanto unipivot family including the 12-inch arm row.",,Belcanto Vinyl Engine manufacturer library presence,parsed,0.6,Conservative manual-library family support for grouped legacy row.,Belcanto Manuals | Vinyl Engine,https://www.vinylengine.com/library/belcanto.shtml
415,Breuer,Type 5A,effective_length_mm,228.0,,mm,228,parsed,0.6,,BIGLOBE Arm Data,https://www7a.biglobe.ne.jp/~yosh/armdata.htm
1519,Breuer,Type 5A,null_alignment_type,,Other,,68.000 / 128.000 mm,derived,0.75,Backfilled from null-point pair proximity to reference alignments; nearest-reference distance 7.376 mm.,BIGLOBE Arm Data,https://www7a.biglobe.ne.jp/~yosh/armdata.htm
419,Breuer,Type 5A,null_point_inner_mm,68.0,,mm,68/128,parsed,0.6,,BIGLOBE Arm Data,https://www7a.biglobe.ne.jp/~yosh/armdata.htm
420,Breuer,Type 5A,null_point_outer_mm,128.0,,mm,68/128,parsed,0.6,,BIGLOBE Arm Data,https://www7a.biglobe.ne.jp/~yosh/armdata.htm
418,Breuer,Type 5A,null_points,,68/128,,68/128,parsed,0.6,,BIGLOBE Arm Data,https://www7a.biglobe.ne.jp/~yosh/armdata.htm
417,Breuer,Type 5A,offset_angle_deg,25.5,,deg,25.5,parsed,0.6,,BIGLOBE Arm Data,https://www7a.biglobe.ne.jp/~yosh/armdata.htm
416,Breuer,Type 5A,overhang_mm,20.0,,mm,20,parsed,0.6,,BIGLOBE Arm Data,https://www7a.biglobe.ne.jp/~yosh/armdata.htm
2682,Breuer,Type 5A,product_lineage,,"Breuer Dynamic appears in the Vinyl Engine library manufacturer archive, providing mirrored legacy manual/library support for the Breuer arm family including Type 5A.",,Vinyl Engine library manufacturer list includes Breuer Dynamic,parsed,0.55,Conservative manual-library family support for hard legacy row.,Library | Vinyl Engine,https://www.vinylengine.com/library.shtml
2683,Breuer,Type 5A,product_lineage,,"Secondary historical coverage documents the Breuer Dynamic Type 5A and describes subsequent development of Type 6, Type 7, and Type 8 variants.",,Breuer Dynamic Type 5A historical review,parsed,0.75,Supplemental historical evidence only.,The Breuer Dynamic Type 5A pickup arm.,http://www.adventuresinhifiaudio.com/03/12/2013/the-breuer-dynamic-type-5a-pickup-arm/
421,Breuer,Type 6A,effective_length_mm,262.0,,mm,262,parsed,0.6,,BIGLOBE Arm Data,https://www7a.biglobe.ne.jp/~yosh/armdata.htm
1520,Breuer,Type 6A,null_alignment_type,,Other,,68.000 / 128.000 mm,derived,0.75,Backfilled from null-point pair proximity to reference alignments; nearest-reference distance 7.376 mm.,BIGLOBE Arm Data,https://www7a.biglobe.ne.jp/~yosh/armdata.htm
425,Breuer,Type 6A,null_point_inner_mm,68.0,,mm,68/128,parsed,0.6,,BIGLOBE Arm Data,https://www7a.biglobe.ne.jp/~yosh/armdata.htm
426,Breuer,Type 6A,null_point_outer_mm,128.0,,mm,68/128,parsed,0.6,,BIGLOBE Arm Data,https://www7a.biglobe.ne.jp/~yosh/armdata.htm
424,Breuer,Type 6A,null_points,,68/128,,68/128,parsed,0.6,,BIGLOBE Arm Data,https://www7a.biglobe.ne.jp/~yosh/armdata.htm
423,Breuer,Type 6A,offset_angle_deg,22.0,,deg,22,parsed,0.6,,BIGLOBE Arm Data,https://www7a.biglobe.ne.jp/~yosh/armdata.htm
422,Breuer,Type 6A,overhang_mm,17.2,,mm,17.2,parsed,0.6,,BIGLOBE Arm Data,https://www7a.biglobe.ne.jp/~yosh/armdata.htm
2684,Breuer,Type 6A,product_lineage,,"Breuer Dynamic appears in the Vinyl Engine library manufacturer archive, providing mirrored legacy manual/library support for the Breuer arm family including Type 6A.",,Vinyl Engine library manufacturer list includes Breuer Dynamic,parsed,0.55,Conservative manual-library family support for hard legacy row.,Library | Vinyl Engine,https://www.vinylengine.com/library.shtml
2685,Breuer,Type 6A,product_lineage,,"Secondary historical coverage states that after the Type 5A, Breuer developed the Type 6 with longer effective length and related low-mass geometry.",,Breuer model evolution includes Type 6,parsed,0.7,Supplemental historical evidence only.,The Breuer Dynamic Type 5A pickup arm.,http://www.adventuresinhifiaudio.com/03/12/2013/the-breuer-dynamic-type-5a-pickup-arm/
427,Breuer,Type 7 & 8,effective_length_mm,249.44,,mm,249.44?,parsed,0.6,,BIGLOBE Arm Data,https://www7a.biglobe.ne.jp/~yosh/armdata.htm
1521,Breuer,Type 7 & 8,null_alignment_type,,Other,,68.000 / 128.000 mm,derived,0.75,Backfilled from null-point pair proximity to reference alignments; nearest-reference distance 7.376 mm.,BIGLOBE Arm Data,https://www7a.biglobe.ne.jp/~yosh/armdata.htm
431,Breuer,Type 7 & 8,null_point_inner_mm,68.0,,mm,68/128,parsed,0.6,,BIGLOBE Arm Data,https://www7a.biglobe.ne.jp/~yosh/armdata.htm
432,Breuer,Type 7 & 8,null_point_outer_mm,128.0,,mm,68/128,parsed,0.6,,BIGLOBE Arm Data,https://www7a.biglobe.ne.jp/~yosh/armdata.htm
430,Breuer,Type 7 & 8,null_points,,68/128,,68/128,parsed,0.6,,BIGLOBE Arm Data,https://www7a.biglobe.ne.jp/~yosh/armdata.htm
429,Breuer,Type 7 & 8,offset_angle_deg,23.1,,deg,23.1?,parsed,0.6,,BIGLOBE Arm Data,https://www7a.biglobe.ne.jp/~yosh/armdata.htm
428,Breuer,Type 7 & 8,overhang_mm,18.0,,mm,18?,parsed,0.6,,BIGLOBE Arm Data,https://www7a.biglobe.ne.jp/~yosh/armdata.htm
2686,Breuer,Type 7 & 8,product_lineage,,"Breuer Dynamic appears in the Vinyl Engine library manufacturer archive, providing mirrored legacy manual/library support for the Breuer arm family including Type 7 and Type 8.",,Vinyl Engine library manufacturer list includes Breuer Dynamic,parsed,0.55,Conservative manual-library family support for hard legacy row.,Library | Vinyl Engine,https://www.vinylengine.com/library.shtml
2687,Breuer,Type 7 & 8,product_lineage,,Secondary historical coverage states that both the Type 7 and Type 8 followed the original Breuer Dynamic design and shared the later 249 mm effective-length branch of the family.,,Breuer model evolution includes Type 7 and Type 8,parsed,0.7,Supplemental historical evidence only.,The Breuer Dynamic Type 5A pickup arm.,http://www.adventuresinhifiaudio.com/03/12/2013/the-breuer-dynamic-type-5a-pickup-arm/
2246,Brinkmann,10.5,anti_skating,,magnetic anti-skating,,Skating is compensated for without any contact by magnetic force,parsed,0.9,,Brinkmann 10.5 official product page,https://www.brinkmann-audio.de/main.php?prod=tonarm105&lang=en
2236,Brinkmann,10.5,arm_tube_material,,aluminum and stainless steel with high tech synthetic material,,made from aluminum and stainless steel; a high tech synthetic material is also used,parsed,0.9,,Brinkmann 10.5 official product page,https://www.brinkmann-audio.de/main.php?prod=tonarm105&lang=en
2234,Brinkmann,10.5,arm_type,,double gimballed tonearm,,"A double gimballed suspension, with precision ball bearings free of play",parsed,0.9,,Brinkmann 10.5 official product page,https://www.brinkmann-audio.de/main.php?prod=tonarm105&lang=en
2247,Brinkmann,10.5,azimuth_adjustment,,±5° infinitely variable,,The headshell can be rotated by about ± 5°,parsed,0.9,,Brinkmann 10.5 official product page,https://www.brinkmann-audio.de/main.php?prod=tonarm105&lang=en
2235,Brinkmann,10.5,bearing_type,,double gimballed precision ball bearings,,"A double gimballed suspension, with precision ball bearings free of play",parsed,0.9,,Brinkmann 10.5 official product page,https://www.brinkmann-audio.de/main.php?prod=tonarm105&lang=en
2243,Brinkmann,10.5,cartridge_range_high_g,16.0,,g,"Cartridge weight min. 4, max. 16 g",parsed,0.9,,Brinkmann 10.5 official product page,https://www.brinkmann-audio.de/main.php?prod=tonarm105&lang=en
2242,Brinkmann,10.5,cartridge_range_low_g,4.0,,g,"Cartridge weight min. 4, max. 16 g",parsed,0.9,,Brinkmann 10.5 official product page,https://www.brinkmann-audio.de/main.php?prod=tonarm105&lang=en
433,Brinkmann,10.5,effective_length_mm,266.7,,mm,266.7,parsed,0.6,,BIGLOBE Arm Data,https://www7a.biglobe.ne.jp/~yosh/armdata.htm
2238,Brinkmann,10.5,effective_length_mm,259.8,,mm,Effective length 259.8 mm,parsed,0.9,,Brinkmann 10.5 official product page,https://www.brinkmann-audio.de/main.php?prod=tonarm105&lang=en
2241,Brinkmann,10.5,effective_mass_g,12.0,,g,Dynamic mass ca. 12 g,parsed,0.9,,Brinkmann 10.5 official product page,https://www.brinkmann-audio.de/main.php?prod=tonarm105&lang=en
2237,Brinkmann,10.5,headshell_material,,non-detachable headshell,,the headshell is nondetachable,parsed,0.9,,Brinkmann 10.5 official product page,https://www.brinkmann-audio.de/main.php?prod=tonarm105&lang=en
2245,Brinkmann,10.5,mounting_depth_mm,30.0,,mm,Mounting depth 30 mm,parsed,0.9,,Brinkmann 10.5 official product page,https://www.brinkmann-audio.de/main.php?prod=tonarm105&lang=en
2239,Brinkmann,10.5,mounting_distance_mm,244.0,,mm,Distance platter center to tonearm bearing center 244 mm,parsed,0.9,,Brinkmann 10.5 official product page,https://www.brinkmann-audio.de/main.php?prod=tonarm105&lang=en
2244,Brinkmann,10.5,mounting_height_min_mm,25.0,,mm,Minimum distance between mounting surface and platter top 25 mm,parsed,0.9,,Brinkmann 10.5 official product page,https://www.brinkmann-audio.de/main.php?prod=tonarm105&lang=en
1522,Brinkmann,10.5,null_alignment_type,,Baewald,,66.000 / 121.000 mm,derived,0.85,Backfilled from null-point pair proximity to reference alignments; nearest-reference distance 0.100 mm.,BIGLOBE Arm Data,https://www7a.biglobe.ne.jp/~yosh/armdata.htm
437,Brinkmann,10.5,null_point_inner_mm,66.0,,mm,66/121,parsed,0.6,,BIGLOBE Arm Data,https://www7a.biglobe.ne.jp/~yosh/armdata.htm
438,Brinkmann,10.5,null_point_outer_mm,121.0,,mm,66/121,parsed,0.6,,BIGLOBE Arm Data,https://www7a.biglobe.ne.jp/~yosh/armdata.htm
436,Brinkmann,10.5,null_points,,66/121,,66/121,parsed,0.6,,BIGLOBE Arm Data,https://www7a.biglobe.ne.jp/~yosh/armdata.htm
435,Brinkmann,10.5,offset_angle_deg,20.5,,deg,20.5,parsed,0.6,,BIGLOBE Arm Data,https://www7a.biglobe.ne.jp/~yosh/armdata.htm
2248,Brinkmann,10.5,output_connector,,standard 5-pin connector (SME type),,tonearm with standard 5-pin connector (SME type),parsed,0.9,,Brinkmann 10.5 official product page,https://www.brinkmann-audio.de/main.php?prod=tonarm105&lang=en
434,Brinkmann,10.5,overhang_mm,15.4,,mm,15.4,parsed,0.6,,BIGLOBE Arm Data,https://www7a.biglobe.ne.jp/~yosh/armdata.htm
2240,Brinkmann,10.5,overhang_mm,15.8,,mm,Overhang 15.8 mm,parsed,0.9,,Brinkmann 10.5 official product page,https://www.brinkmann-audio.de/main.php?prod=tonarm105&lang=en
2249,Brinkmann,10.5,total_weight_g,300.0,,g,Total weight ca. 300 g,parsed,0.9,,Brinkmann 10.5 official product page,https://www.brinkmann-audio.de/main.php?prod=tonarm105&lang=en
2852,Clearaudio,Clarify,effective_length_mm,239.25,,mm,239.25mm,parsed,0.84,Exact model dealer spec.,James Morrow Clearaudio Clarify page,https://james-morrow.com/products/cla-clrfy-tnarm
2851,Clearaudio,Clarify,mounting_distance_mm,222.0,,mm,222.00mm,parsed,0.84,Exact model dealer spec.,James Morrow Clearaudio Clarify page,https://james-morrow.com/products/cla-clrfy-tnarm
2859,Clearaudio,Clarify,null_alignment_type,,Unknown,,Unknown,derived,0.4,Defaulted because the current source set does not explicitly specify a null alignment family.,Clearaudio official homepage,https://www.clearaudio.de/en/
2847,Clearaudio,Clarify,product_family,,Clearaudio tonearm line includes magnetic-bearing designs to reduce friction and microvibrations.,,The mechanical guidance of the stylus is a highly sensitive point when it comes to microvibrations. clearaudio minimises these disruptive factors at source by drastically reducing bearing friction. Whether through the use of ultra-precise mechanical sapphire bearings or by completely eliminating physical contact via magnetic force.,parsed,0.62,"Official manufacturer family-level support, not exact-model geometry.",Clearaudio official homepage,https://www.clearaudio.de/en/
2850,Clearaudio,Clarify,product_lineage,,Clarify uses magnetic bearings and is completely frictionless.,,The Clarify tonearm uses magnetic bearings and is therefore completely frictionless.,parsed,0.86,Exact model dealer description.,Analogue Seduction Clearaudio Clarify page,https://www.analogueseduction.net/tonearms/clearaudio-clarify-tonearm.html
2863,Clearaudio,Concept,bearing_type,,friction-free magnetic bearing,,proven friction-free magnetic bearing technology,parsed,0.88,Exact official-distributor bearing description.,Musical Surroundings Clearaudio Concept Tonearm page,https://www.musicalsurroundings.com/products/clearaudio-concept-tonearm
2864,Clearaudio,Concept,internal_wiring,,Direct Wire tonearm cable,,Clearaudio’s hardwired Direct Wire tonearm cable assures signal integrity,parsed,0.87,Exact official-distributor cable detail.,Musical Surroundings Clearaudio Concept Tonearm page,https://www.musicalsurroundings.com/products/clearaudio-concept-tonearm
2888,Clearaudio,Concept,null_alignment_type,,Unknown,,Unknown,derived,0.4,Defaulted because the current source set does not explicitly specify a null alignment family.,Musical Surroundings Clearaudio Concept Tonearm page,https://www.musicalsurroundings.com/products/clearaudio-concept-tonearm
2862,Clearaudio,Concept,product_lineage,,Clearaudio’s most affordable tonearm with friction-free magnetic bearing technology.,,The Concept tonearm is Clearaudio’s most affordable tonearm ... It features our proven friction-free magnetic bearing technology,parsed,0.9,Exact official-distributor model description.,Musical Surroundings Clearaudio Concept Tonearm page,https://www.musicalsurroundings.com/products/clearaudio-concept-tonearm
2868,Clearaudio,Magnify,effective_length_mm,239.3,,mm,239.3 mm,parsed,0.84,Exact dealer spec.,Auditorium Clearaudio Magnify page,https://www.auditorium.de/en/vinyl/components/tonearms/clearaudio-magnify-tonearm
2867,Clearaudio,Magnify,mounting_distance_mm,222.0,,mm,222 mm,parsed,0.84,Exact dealer spec.,Auditorium Clearaudio Magnify page,https://www.auditorium.de/en/vinyl/components/tonearms/clearaudio-magnify-tonearm
2889,Clearaudio,Magnify,null_alignment_type,,Unknown,,Unknown,derived,0.4,Defaulted because the current source set does not explicitly specify a null alignment family.,Clearaudio official homepage,https://www.clearaudio.de/en/
2865,Clearaudio,Magnify,product_family,,Clearaudio tonearm line uses magnetic force and ultra-precise bearing systems to reduce friction and microvibrations.,,Whether through the use of ultra-precise mechanical sapphire bearings or by completely eliminating physical contact via magnetic force,parsed,0.62,Official manufacturer family-level support.,Clearaudio official homepage,https://www.clearaudio.de/en/
2866,Clearaudio,Magnify,product_lineage,,Hybrid ball-bearing and magnet Clearaudio tonearm with optional VTA lifter.,,Its hybrid storage on high-precision balls and magnets make the Clearaudio Magnify tonearm something special,parsed,0.86,Exact dealer model description.,Auditorium Clearaudio Magnify page,https://www.auditorium.de/en/vinyl/components/tonearms/clearaudio-magnify-tonearm
2872,Clearaudio,Satisfy Kardan,effective_length_mm,239.12,,mm,239.12mm,parsed,0.84,Exact dealer spec.,Noteworthy Audio Clearaudio Satisfy Kardan page,https://www.noteworthyaudio.com/products/clearaudio-satisfy-kardan-series-tonearm
2871,Clearaudio,Satisfy Kardan,mounting_distance_mm,222.0,,mm,222.00mm,parsed,0.84,Exact dealer spec.,Noteworthy Audio Clearaudio Satisfy Kardan page,https://www.noteworthyaudio.com/products/clearaudio-satisfy-kardan-series-tonearm
2890,Clearaudio,Satisfy Kardan,null_alignment_type,,Unknown,,Unknown,derived,0.4,Defaulted because the current source set does not explicitly specify a null alignment family.,Musical Surroundings Clearaudio Satisfy Black page,https://www.musicalsurroundings.com/products/clearaudio-satisfy-tonearm
2869,Clearaudio,Satisfy Kardan,product_family,,Satisfy tonearm family uses handmade Swiss sapphire-and-tungsten bearings and magnetic anti-skating.,,"The Satisfy Black tonearm features high-quality, handmade Swiss vertical and lateral bearings composed of tungsten steel and polished sapphire. Anti-skating control is applied by an innovative magnetic system",parsed,0.8,Official distributor family-level support for Satisfy line.,Musical Surroundings Clearaudio Satisfy Black page,https://www.musicalsurroundings.com/products/clearaudio-satisfy-tonearm
2870,Clearaudio,Satisfy Kardan,product_lineage,,Direct-wired radial tonearm with magnetic anti-skating and sapphire/tungsten/ceramic bearing structure.,,The new Clearaudio Satisfy tonearm features direct wiring ... Magnetically adjusted ... vertical bearing features a polished tungsten spindle ... horizontal bearings are crafted using ... ceramic material,parsed,0.87,Exact dealer model description.,Noteworthy Audio Clearaudio Satisfy Kardan page,https://www.noteworthyaudio.com/products/clearaudio-satisfy-kardan-series-tonearm
2860,Clearaudio,Tracer,null_alignment_type,,Unknown,,Unknown,derived,0.4,Defaulted because the current source set does not explicitly specify a null alignment family.,Clearaudio official homepage,https://www.clearaudio.de/en/
2855,Clearaudio,Tracer,offset_angle_deg,25.54,,deg,25.54 °,parsed,0.84,Exact model dealer spec.,Analogue Seduction Clearaudio Tracer page,https://www.analogueseduction.net/tonearms/clearaudio-tracer-tonearm.html
2854,Clearaudio,Tracer,overhang_mm,16.5,,mm,16.5 mm,parsed,0.84,Exact model dealer spec.,Analogue Seduction Clearaudio Tracer page,https://www.analogueseduction.net/tonearms/clearaudio-tracer-tonearm.html
2848,Clearaudio,Tracer,product_family,,Clearaudio tonearm line includes ultra-precise mechanical sapphire-bearing designs to reduce friction and microvibrations.,,The mechanical guidance of the stylus is a highly sensitive point when it comes to microvibrations. clearaudio minimises these disruptive factors at source by drastically reducing bearing friction. Whether through the use of ultra-precise mechanical sapphire bearings or by completely eliminating physical contact via magnetic force.,parsed,0.62,"Official manufacturer family-level support, not exact-model geometry.",Clearaudio official homepage,https://www.clearaudio.de/en/
2853,Clearaudio,Tracer,product_lineage,,Minimalist radial tonearm with high-precision low-friction jewelled bearing and carbon arm tube.,,"The Tracer radial tonearm ... features a high-precision, lowfriction jewelled bearing ... Constructed from carbon",parsed,0.86,Exact model dealer description.,Analogue Seduction Clearaudio Tracer page,https://www.analogueseduction.net/tonearms/clearaudio-tracer-tonearm.html
2252,Clearaudio,Tracer Black Carbon Fiber,arm_tube_material,,"aluminium, stainless steel, carbon tonearm tube",,"MATERIAL: Aluminium, Edelstahl, Karbon Tonarmrohr",parsed,0.9,Official page describes silver/black carbon variants; mapped to queued model Tracer Black Carbon Fiber.,Clearaudio Tracer official product page,https://www.clearaudio.de/produkt-tonarm-tracer/
2250,Clearaudio,Tracer Black Carbon Fiber,arm_type,,radial tonearm,,KONSTRUKTIONSPRINZIP: Radial-Tonarm,parsed,0.9,,Clearaudio Tracer official product page,https://www.clearaudio.de/produkt-tonarm-tracer/
2251,Clearaudio,Tracer Black Carbon Fiber,bearing_type,,horizontal sapphire bearing and vertical ball bearing,,KONSTRUKTIONSPRINZIP: Horizontale Saphirlagerung und vertikale Kugellagerung,parsed,0.9,,Clearaudio Tracer official product page,https://www.clearaudio.de/produkt-tonarm-tracer/
2254,Clearaudio,Tracer Black Carbon Fiber,cartridge_range_high_g,17.0,,g,"JUSTIERBARE TONABNEHMER: 3,5 g – 17 g",parsed,0.9,,Clearaudio Tracer official product page,https://www.clearaudio.de/produkt-tonarm-tracer/
2253,Clearaudio,Tracer Black Carbon Fiber,cartridge_range_low_g,3.5,,g,"JUSTIERBARE TONABNEHMER: 3,5 g – 17 g",parsed,0.9,,Clearaudio Tracer official product page,https://www.clearaudio.de/produkt-tonarm-tracer/
2256,Clearaudio,Tracer Black Carbon Fiber,effective_length_mm,239.12,,mm,"EFFEKTIVE LÄNGE: 239,12 mm",parsed,0.9,,Clearaudio Tracer official product page,https://www.clearaudio.de/produkt-tonarm-tracer/
2257,Clearaudio,Tracer Black Carbon Fiber,mounting_distance_mm,222.0,,mm,MONTAGE ABSTAND: 222 mm,parsed,0.9,,Clearaudio Tracer official product page,https://www.clearaudio.de/produkt-tonarm-tracer/
2261,Clearaudio,Tracer Black Carbon Fiber,null_alignment_type,,Other,,52.910 / 149.202 mm,derived,0.65,"Backfilled from derived null points using effective length, mounting distance/overhang, and offset angle; nearest-reference distance 31.183 mm.",Clearaudio Tracer official product page,https://www.clearaudio.de/produkt-tonarm-tracer/
2258,Clearaudio,Tracer Black Carbon Fiber,offset_angle_deg,25.0,,deg,"KRÖPFUNGSWINKEL: 25,00°",parsed,0.9,,Clearaudio Tracer official product page,https://www.clearaudio.de/produkt-tonarm-tracer/
2259,Clearaudio,Tracer Black Carbon Fiber,output_cable,,1.1 m Super Sixstream with RCA,,"SIGNALKABEL: 1,1 m Super Sixstream konfektioniert mit Cinch",parsed,0.9,,Clearaudio Tracer official product page,https://www.clearaudio.de/produkt-tonarm-tracer/
2255,Clearaudio,Tracer Black Carbon Fiber,overhang_mm,17.12,,mm,"ÜBERHANG: 17,12 mm",parsed,0.9,,Clearaudio Tracer official product page,https://www.clearaudio.de/produkt-tonarm-tracer/
2260,Clearaudio,Tracer Black Carbon Fiber,total_weight_g,500.0,,g,GEWICHT: ca. 500 g (inkl. Gegengewicht),parsed,0.9,,Clearaudio Tracer official product page,https://www.clearaudio.de/produkt-tonarm-tracer/
2875,Clearaudio,"Unify 10""",effective_length_mm,254.0,,mm,254.00 mm,parsed,0.84,Exact dealer geometry for listed Unify length.,Auditorium Clearaudio Unify page,https://www.auditorium.de/en/vinyl/components/tonearms/clearaudio-unify-carbon-black-tonearm-tonearm-length-9-inches
2891,Clearaudio,"Unify 10""",null_alignment_type,,Unknown,,Unknown,derived,0.4,Defaulted because the current source set does not explicitly specify a null alignment family.,Clearaudio official homepage,https://www.clearaudio.de/en/
2873,Clearaudio,"Unify 10""",product_family,,Clearaudio tonearm line reduces friction and microvibrations through bearing design and magnetic-force approaches.,,Whether through the use of ultra-precise mechanical sapphire bearings or by completely eliminating physical contact via magnetic force,parsed,0.62,Official manufacturer family-level support.,Clearaudio official homepage,https://www.clearaudio.de/en/
2874,Clearaudio,"Unify 10""",product_lineage,,"Single-point design with sapphire bearing, polished steel tip, carbon arm tube, and Sixstream cable.",,"A sapphire bearing and a hardened, polished precision steel tip are at the heart of a tonearm ... arm made of carbon ... SIXSTREAM PLUS TONE ARM CABLE",parsed,0.86,Dealer page describes exact Unify family construction.,Auditorium Clearaudio Unify page,https://www.auditorium.de/en/vinyl/components/tonearms/clearaudio-unify-carbon-black-tonearm-tonearm-length-9-inches
2878,Clearaudio,"Unify 12""",effective_length_mm,316.86,,mm,316.86 mm,parsed,0.84,Exact dealer geometry for listed Unify length.,Auditorium Clearaudio Unify page,https://www.auditorium.de/en/vinyl/components/tonearms/clearaudio-unify-carbon-black-tonearm-tonearm-length-9-inches
2892,Clearaudio,"Unify 12""",null_alignment_type,,Unknown,,Unknown,derived,0.4,Defaulted because the current source set does not explicitly specify a null alignment family.,Clearaudio official homepage,https://www.clearaudio.de/en/
2876,Clearaudio,"Unify 12""",product_family,,Clearaudio tonearm line reduces friction and microvibrations through bearing design and magnetic-force approaches.,,Whether through the use of ultra-precise mechanical sapphire bearings or by completely eliminating physical contact via magnetic force,parsed,0.62,Official manufacturer family-level support.,Clearaudio official homepage,https://www.clearaudio.de/en/
2877,Clearaudio,"Unify 12""",product_lineage,,"Single-point design with sapphire bearing, polished steel tip, carbon arm tube, and Sixstream cable.",,"A sapphire bearing and a hardened, polished precision steel tip are at the heart of a tonearm ... arm made of carbon ... SIXSTREAM PLUS TONE ARM CABLE",parsed,0.86,Dealer page describes exact Unify family construction.,Auditorium Clearaudio Unify page,https://www.auditorium.de/en/vinyl/components/tonearms/clearaudio-unify-carbon-black-tonearm-tonearm-length-9-inches
2881,Clearaudio,"Unify 14""",effective_length_mm,338.98,,mm,338.98 mm,parsed,0.84,Exact dealer geometry for listed Unify length.,Auditorium Clearaudio Unify page,https://www.auditorium.de/en/vinyl/components/tonearms/clearaudio-unify-carbon-black-tonearm-tonearm-length-9-inches
2893,Clearaudio,"Unify 14""",null_alignment_type,,Unknown,,Unknown,derived,0.4,Defaulted because the current source set does not explicitly specify a null alignment family.,Clearaudio official homepage,https://www.clearaudio.de/en/
2879,Clearaudio,"Unify 14""",product_family,,Clearaudio tonearm line reduces friction and microvibrations through bearing design and magnetic-force approaches.,,Whether through the use of ultra-precise mechanical sapphire bearings or by completely eliminating physical contact via magnetic force,parsed,0.62,Official manufacturer family-level support.,Clearaudio official homepage,https://www.clearaudio.de/en/
2880,Clearaudio,"Unify 14""",product_lineage,,"Single-point design with sapphire bearing, polished steel tip, carbon arm tube, and Sixstream cable.",,"A sapphire bearing and a hardened, polished precision steel tip are at the heart of a tonearm ... arm made of carbon ... SIXSTREAM PLUS TONE ARM CABLE",parsed,0.86,Dealer page describes exact Unify family construction.,Auditorium Clearaudio Unify page,https://www.auditorium.de/en/vinyl/components/tonearms/clearaudio-unify-carbon-black-tonearm-tonearm-length-9-inches
2213,Clearaudio,"Unify 9""",arm_tube_material,,"aluminium, stainless steel, carbon tonearm tube",,"MATERIAL: Aluminium, Edelstahl, Karbon Tonarmrohr",parsed,0.9,,Clearaudio Unify official product page,https://www.clearaudio.de/produkt-tonarm-unify/
2211,Clearaudio,"Unify 9""",arm_type,,radial tonearm,,KONSTRUKTIONSPRINZIP: Radial-Tonarm,parsed,0.9,,Clearaudio Unify official product page,https://www.clearaudio.de/produkt-tonarm-unify/
2212,Clearaudio,"Unify 9""",bearing_type,,single-point sapphire bearing,,KONSTRUKTIONSPRINZIP: Einpunkt-Saphir-Lager,parsed,0.9,,Clearaudio Unify official product page,https://www.clearaudio.de/produkt-tonarm-unify/
2215,Clearaudio,"Unify 9""",cartridge_range_high_g,17.0,,g,"JUSTIERBARE TONABNEHMER: 2,5 g – 17,0 g",parsed,0.9,,Clearaudio Unify official product page,https://www.clearaudio.de/produkt-tonarm-unify/
2214,Clearaudio,"Unify 9""",cartridge_range_low_g,2.5,,g,"JUSTIERBARE TONABNEHMER: 2,5 g – 17,0 g",parsed,0.9,,Clearaudio Unify official product page,https://www.clearaudio.de/produkt-tonarm-unify/
439,Clearaudio,"Unify 9""",effective_length_mm,239.3,,mm,239.3,parsed,0.6,,BIGLOBE Arm Data,https://www7a.biglobe.ne.jp/~yosh/armdata.htm
2217,Clearaudio,"Unify 9""",effective_length_mm,238.93,,mm,"EFFEKTIVE LÄNGE: 238,93 mm",parsed,0.9,,Clearaudio Unify official product page,https://www.clearaudio.de/produkt-tonarm-unify/
2218,Clearaudio,"Unify 9""",mounting_distance_mm,222.0,,mm,MONTAGE ABSTAND: 222 mm,parsed,0.9,,Clearaudio Unify official product page,https://www.clearaudio.de/produkt-tonarm-unify/
1523,Clearaudio,"Unify 9""",null_alignment_type,,Other,,57.779 / 135.060 mm,derived,0.65,"Backfilled from derived null points using effective length, mounting distance/overhang, and offset angle; nearest-reference distance 16.373 mm.",Clearaudio Unify official product page,https://www.clearaudio.de/produkt-tonarm-unify/
443,Clearaudio,"Unify 9""",null_point_inner_mm,66.0,,mm,66/121,parsed,0.6,,BIGLOBE Arm Data,https://www7a.biglobe.ne.jp/~yosh/armdata.htm
444,Clearaudio,"Unify 9""",null_point_outer_mm,121.0,,mm,66/121,parsed,0.6,,BIGLOBE Arm Data,https://www7a.biglobe.ne.jp/~yosh/armdata.htm
442,Clearaudio,"Unify 9""",null_points,,66/121,,66/121,parsed,0.6,,BIGLOBE Arm Data,https://www7a.biglobe.ne.jp/~yosh/armdata.htm
441,Clearaudio,"Unify 9""",offset_angle_deg,23.0,,deg,23,parsed,0.6,,BIGLOBE Arm Data,https://www7a.biglobe.ne.jp/~yosh/armdata.htm
2219,Clearaudio,"Unify 9""",offset_angle_deg,23.8,,deg,"KRÖPFUNGSWINKEL: 23,80°",parsed,0.9,,Clearaudio Unify official product page,https://www.clearaudio.de/produkt-tonarm-unify/
2220,Clearaudio,"Unify 9""",output_cable,,1.1 m clearaudio Super Sixstream with RCA,,"SIGNALKABEL: 1,1 m clearaudio Super Sixstream konfektioniert mit Cinch",parsed,0.9,,Clearaudio Unify official product page,https://www.clearaudio.de/produkt-tonarm-unify/
440,Clearaudio,"Unify 9""",overhang_mm,17.3,,mm,17.3,parsed,0.6,,BIGLOBE Arm Data,https://www7a.biglobe.ne.jp/~yosh/armdata.htm
2216,Clearaudio,"Unify 9""",overhang_mm,16.93,,mm,"ÜBERHANG: 16,93 mm",parsed,0.9,,Clearaudio Unify official product page,https://www.clearaudio.de/produkt-tonarm-unify/
2221,Clearaudio,"Unify 9""",total_weight_g,770.0,,g,GEWICHT: ca. 770 g (inkl. Gegengewicht),parsed,0.9,,Clearaudio Unify official product page,https://www.clearaudio.de/produkt-tonarm-unify/
2887,Clearaudio,"Universal 12""",bearing_type,,vertical and horizontal ball bearing assembly,,Its vertical and horizontal ball bearing assembly is precision-machined to ultra-high tolerances.,parsed,0.86,Exact official-distributor bearing detail.,Musical Surroundings Clearaudio Universal 12 page,https://www.musicalsurroundings.com/products/clearaudio-universal-12-tonearm
2886,Clearaudio,"Universal 12""",internal_wiring,,Six Stream cable,,The internal copper wiring is Clearaudio’s best Six Stream cable,parsed,0.86,Exact official-distributor wiring detail.,Musical Surroundings Clearaudio Universal 12 page,https://www.musicalsurroundings.com/products/clearaudio-universal-12-tonearm
2895,Clearaudio,"Universal 12""",null_alignment_type,,Unknown,,Unknown,derived,0.4,Defaulted because the current source set does not explicitly specify a null alignment family.,Musical Surroundings Clearaudio Universal 12 page,https://www.musicalsurroundings.com/products/clearaudio-universal-12-tonearm
2883,Clearaudio,"Universal 12""",product_lineage,,"The Universal 12 is the ultimate version of Clearaudio’s finest pivoted tonearm, developed especially for the Innovation series turntables.",,"The Universal 12 is the ultimate version of Clearaudio’s finest pivoted tonearm, developed especially for the Innovation series turntables.",parsed,0.88,Exact official-distributor model description.,Musical Surroundings Clearaudio Universal 12 page,https://www.musicalsurroundings.com/products/clearaudio-universal-12-tonearm
2885,Clearaudio,"Universal 9""",bearing_type,,vertical and horizontal ball bearing assembly,,Its vertical and horizontal ball bearing assembly is precision-machined to ultra-high tolerances.,parsed,0.86,Exact official-distributor bearing detail.,Musical Surroundings Clearaudio Universal 9 page,https://www.musicalsurroundings.com/products/clearaudio-universal-9-tonearm
2884,Clearaudio,"Universal 9""",internal_wiring,,Six Stream cable,,The internal copper wiring is Clearaudio’s best Six Stream cable,parsed,0.86,Exact official-distributor wiring detail.,Musical Surroundings Clearaudio Universal 9 page,https://www.musicalsurroundings.com/products/clearaudio-universal-9-tonearm
2894,Clearaudio,"Universal 9""",null_alignment_type,,Unknown,,Unknown,derived,0.4,Defaulted because the current source set does not explicitly specify a null alignment family.,Musical Surroundings Clearaudio Universal 9 page,https://www.musicalsurroundings.com/products/clearaudio-universal-9-tonearm
2882,Clearaudio,"Universal 9""",product_lineage,,"The Universal is Clearaudio’s finest pivoted tonearm, developed for the Innovation series and Ovation turntables.",,"The Universal is Clearaudio’s finest pivoted tonearm, developed for the Innovation series and Ovation turntables.",parsed,0.88,Exact official-distributor model description.,Musical Surroundings Clearaudio Universal 9 page,https://www.musicalsurroundings.com/products/clearaudio-universal-9-tonearm
2858,Clearaudio,Verify,cartridge_range_low_g,2.5,,g,Cartridges with a weight from 2.5 to 17 grams are ideal partners for the Verify.,parsed,0.8,Exact model dealer range text.,Analogue Seduction Clearaudio Verify page,https://www.analogueseduction.net/tonearms/clearaudio-verify-tonearm.html
2857,Clearaudio,Verify,internal_wiring,,Clearaudio Direct Wire,,This beauty is wired with Clearaudio's high quality Direct Wire.,parsed,0.82,Exact model dealer description.,Analogue Seduction Clearaudio Verify page,https://www.analogueseduction.net/tonearms/clearaudio-verify-tonearm.html
2861,Clearaudio,Verify,null_alignment_type,,Unknown,,Unknown,derived,0.4,Defaulted because the current source set does not explicitly specify a null alignment family.,Clearaudio official homepage,https://www.clearaudio.de/en/
2849,Clearaudio,Verify,product_family,,Clearaudio tonearm line focuses on reduced bearing friction and microvibration control.,,The mechanical guidance of the stylus is a highly sensitive point when it comes to microvibrations. clearaudio minimises these disruptive factors at source by drastically reducing bearing friction. Whether through the use of ultra-precise mechanical sapphire bearings or by completely eliminating physical contact via magnetic force.,parsed,0.62,"Official manufacturer family-level support, not exact-model geometry.",Clearaudio official homepage,https://www.clearaudio.de/en/
2856,Clearaudio,Verify,product_lineage,,"Verify combines adjustable headshell, fine counterweight adjustment, and Clearaudio Direct Wire in an affordable high-end package.",,The aluminium resonance-free headshell can be finely adjusted ... wired with Clearaudio's high quality Direct Wire.,parsed,0.83,Exact model dealer description.,Analogue Seduction Clearaudio Verify page,https://www.analogueseduction.net/tonearms/clearaudio-verify-tonearm.html
445,Decca,International & Professional for transcription 12-16inches and SP record as well?,effective_length_mm,228.6,,mm,228.6 (9inch),parsed,0.6,,BIGLOBE Arm Data,https://www7a.biglobe.ne.jp/~yosh/armdata.htm
1524,Decca,International & Professional for transcription 12-16inches and SP record as well?,null_alignment_type,,Other,,45.000 / 155.000 mm,derived,0.75,Backfilled from null-point pair proximity to reference alignments; nearest-reference distance 40.048 mm.,BIGLOBE Arm Data,https://www7a.biglobe.ne.jp/~yosh/armdata.htm
449,Decca,International & Professional for transcription 12-16inches and SP record as well?,null_point_inner_mm,45.0,,mm,45/155,parsed,0.6,,BIGLOBE Arm Data,https://www7a.biglobe.ne.jp/~yosh/armdata.htm
450,Decca,International & Professional for transcription 12-16inches and SP record as well?,null_point_outer_mm,155.0,,mm,45/155,parsed,0.6,,BIGLOBE Arm Data,https://www7a.biglobe.ne.jp/~yosh/armdata.htm
448,Decca,International & Professional for transcription 12-16inches and SP record as well?,null_points,,45/155,,45/155,parsed,0.6,,BIGLOBE Arm Data,https://www7a.biglobe.ne.jp/~yosh/armdata.htm
447,Decca,International & Professional for transcription 12-16inches and SP record as well?,offset_angle_deg,26.0,,deg,26,parsed,0.6,,BIGLOBE Arm Data,https://www7a.biglobe.ne.jp/~yosh/armdata.htm
446,Decca,International & Professional for transcription 12-16inches and SP record as well?,overhang_mm,15.875,,mm,15.875 (0.625inch),parsed,0.6,,BIGLOBE Arm Data,https://www7a.biglobe.ne.jp/~yosh/armdata.htm
2662,Decca,International & Professional for transcription 12-16inches and SP record as well?,product_lineage,,"Official historical specifications document the Decca London International arm, providing official family-lineage support for the grouped Decca International and Professional tonearm row.",,Decca London International historical specifications,parsed,0.7,Official family-lineage support for grouped row.,DECCA London International Arm Specifications Decker,https://audio-database.com/DECCA/etc/londoninternationalarm.html
73,Denon,DA-302/304/308/1000,effective_length_mm,282.0,,mm,282,parsed,0.6,,BIGLOBE Arm Data,https://www7a.biglobe.ne.jp/~yosh/armdata.htm
1462,Denon,DA-302/304/308/1000,null_alignment_type,,Other,,61.000 / 114.000 mm,derived,0.75,Backfilled from null-point pair proximity to reference alignments; nearest-reference distance 3.486 mm.,BIGLOBE Arm Data,https://www7a.biglobe.ne.jp/~yosh/armdata.htm
77,Denon,DA-302/304/308/1000,null_point_inner_mm,61.0,,mm,61/114,parsed,0.6,,BIGLOBE Arm Data,https://www7a.biglobe.ne.jp/~yosh/armdata.htm
78,Denon,DA-302/304/308/1000,null_point_outer_mm,114.0,,mm,61/114,parsed,0.6,,BIGLOBE Arm Data,https://www7a.biglobe.ne.jp/~yosh/armdata.htm
76,Denon,DA-302/304/308/1000,null_points,,61/114,,61/114,parsed,0.6,,BIGLOBE Arm Data,https://www7a.biglobe.ne.jp/~yosh/armdata.htm
75,Denon,DA-302/304/308/1000,offset_angle_deg,18.0,,deg,18,parsed,0.6,,BIGLOBE Arm Data,https://www7a.biglobe.ne.jp/~yosh/armdata.htm
74,Denon,DA-302/304/308/1000,overhang_mm,12.5,,mm,12.5,parsed,0.6,,BIGLOBE Arm Data,https://www7a.biglobe.ne.jp/~yosh/armdata.htm
2537,Denon,DA-302/304/308/1000,product_lineage,,Grouped long-arm family includes DA-302 documented by official Denon historical specifications as a broadcast integrated tonearm model.,,DA-302,parsed,0.7,Official historical Denon page documents one member of the grouped DA-302/304/308/1000 family.,DENON/Columbia DA-302の仕様 デノン/デンオン/コロンビア,https://audio-heritage.jp/DENON/etc/da-302.html
2538,Denon,DA-302/304/308/1000,product_lineage,,Grouped long-arm family includes DA-304 documented by official Denon historical specifications as a long broadcast arm.,,DA-304,parsed,0.7,Official historical Denon page documents another member of the grouped DA-302/304/308/1000 family.,DENON DA-304の仕様 デノン/デンオン,https://audio-heritage.jp/DENON/etc/da-304.html
2539,Denon,DA-302/304/308/1000,product_lineage,,Grouped long-arm family includes DA-308 documented by official Denon historical specifications at 282 mm effective length with 12.5 mm overhang and 18 degree offset.,,DA-308:282mm / 12.5mm / 18゜,parsed,0.75,Official historical Denon page documents exact geometry for one grouped long-arm family member.,DENON DA-308の仕様 デノン/デンオン,https://audio-heritage.jp/DENON/etc/da-308.html
67,Denon,DA-303/305/307/309/401,effective_length_mm,244.0,,mm,244,parsed,0.6,,BIGLOBE Arm Data,https://www7a.biglobe.ne.jp/~yosh/armdata.htm
1461,Denon,DA-303/305/307/309/401,null_alignment_type,,Other,,60.000 / 111.000 mm,derived,0.75,Backfilled from null-point pair proximity to reference alignments; nearest-reference distance 6.428 mm.,BIGLOBE Arm Data,https://www7a.biglobe.ne.jp/~yosh/armdata.htm
71,Denon,DA-303/305/307/309/401,null_point_inner_mm,60.0,,mm,60/111 (56/119),parsed,0.6,,BIGLOBE Arm Data,https://www7a.biglobe.ne.jp/~yosh/armdata.htm
72,Denon,DA-303/305/307/309/401,null_point_outer_mm,111.0,,mm,60/111 (56/119),parsed,0.6,,BIGLOBE Arm Data,https://www7a.biglobe.ne.jp/~yosh/armdata.htm
70,Denon,DA-303/305/307/309/401,null_points,,60/111 (56/119),,60/111 (56/119),parsed,0.6,,BIGLOBE Arm Data,https://www7a.biglobe.ne.jp/~yosh/armdata.htm
69,Denon,DA-303/305/307/309/401,offset_angle_deg,20.5,,deg,20.5 (21),parsed,0.6,,BIGLOBE Arm Data,https://www7a.biglobe.ne.jp/~yosh/armdata.htm
68,Denon,DA-303/305/307/309/401,overhang_mm,14.0,,mm,14,parsed,0.6,,BIGLOBE Arm Data,https://www7a.biglobe.ne.jp/~yosh/armdata.htm
2540,Denon,DA-303/305/307/309/401,product_lineage,,Grouped medium-arm family includes DA-303 documented by official Denon historical specifications as a DL-103 integrated tonearm.,,DA-303,parsed,0.7,Official historical Denon page documents one member of the grouped DA-303/305/307/309/401 family.,DENON/Columbia DA-303 デノン/デンオン/コロンビア,https://audio-heritage.jp/DENON/etc/da-303.html
2541,Denon,DA-303/305/307/309/401,product_lineage,,Grouped medium-arm family includes DA-305 documented by official Denon historical specifications at 244 mm effective length with 14 mm overhang and 20.5-21 degree offset.,,DA-305:244mm / 14mm / 20.5-21゜,parsed,0.75,Official historical Denon page documents exact geometry for a grouped medium-arm family member.,DENON DA-305の仕様 デノン/デンオン,https://audio-heritage.jp/DENON/etc/da-305.html
2542,Denon,DA-303/305/307/309/401,product_lineage,,Grouped medium-arm family includes DA-307 documented by official Denon historical specifications as a dynamic damping tonearm.,,DA-307,parsed,0.7,Official historical Denon page documents another member of the grouped DA-303/305/307/309/401 family.,DENON DA-307の仕様 デノン/デンオン,https://audio-heritage.jp/DENON/etc/da-307.html
2543,Denon,DA-303/305/307/309/401,product_lineage,,Grouped medium-arm family includes DA-309 documented by official Denon historical specifications as a dynamic damping universal tonearm.,,DA-309,parsed,0.7,Official historical Denon page documents another member of the grouped DA-303/305/307/309/401 family.,DENON DA-309 デノン/デンオン,https://audio-heritage.jp/DENON/etc/da-309.html
2544,Denon,DA-303/305/307/309/401,product_lineage,,Grouped medium-arm family includes DA-401 documented by official Denon historical specifications as a low effective-mass tonearm.,,DA-401,parsed,0.7,Official historical Denon page documents another member of the grouped DA-303/305/307/309/401 family.,DENON DA-401の仕様 デノン/デンオン,https://audio-heritage.jp/DENON/etc/da-401.html
1401,Dr. Feickert,Straight-10,alignment_geometry,,Lofgren A (Baerwald),,Lofgren A (Baerwald),parsed,0.85,"Review publication, not OEM datasheet.",Dr. Feickert Straight-10 review,https://www.fidelity-magazine.com/dr-feickert-analogue-straight-10/
1400,Dr. Feickert,Straight-10,arm_mount,,Japanese Industry Standard (JIS) collar / 3-screw pattern,,"Japanese Industry Standard (JIS) collar, round mount secured with three screws",parsed,0.85,"Review publication, not OEM datasheet.",Dr. Feickert Straight-10 review,https://www.fidelity-magazine.com/dr-feickert-analogue-straight-10/
1403,Dr. Feickert,Straight-10,arm_mount,,DFA scheme / 5 pin DIN socket,,Mounting: DFA scheme; connection: 5 pin DIN socket,parsed,0.75,Dealer listing uses seller wording; kept as raw mount/connection note.,DFA Straight-10 dealer listing,https://hifi12a.de/DFA-Dr-Feickert-Analogue-STRAIGHT-10-Tonearm
1399,Dr. Feickert,Straight-10,cartridge_range_high_g,15.0,,g,6-15 g,parsed,0.85,"Review publication, not OEM datasheet.",Dr. Feickert Straight-10 review,https://www.fidelity-magazine.com/dr-feickert-analogue-straight-10/
1398,Dr. Feickert,Straight-10,cartridge_range_low_g,6.0,,g,6-15 g,parsed,0.85,"Review publication, not OEM datasheet.",Dr. Feickert Straight-10 review,https://www.fidelity-magazine.com/dr-feickert-analogue-straight-10/
1393,Dr. Feickert,Straight-10,effective_length_mm,254.0,,mm,254 mm (10 inch),parsed,0.85,"Review publication, not OEM datasheet.",Dr. Feickert Straight-10 review,https://www.fidelity-magazine.com/dr-feickert-analogue-straight-10/
1397,Dr. Feickert,Straight-10,effective_mass_g,12.0,,g,12 g (medium mass),parsed,0.85,"Review publication, not OEM datasheet.",Dr. Feickert Straight-10 review,https://www.fidelity-magazine.com/dr-feickert-analogue-straight-10/
1394,Dr. Feickert,Straight-10,mounting_distance_mm,237.8,,mm,237.8 mm,parsed,0.85,"Review publication, not OEM datasheet.",Dr. Feickert Straight-10 review,https://www.fidelity-magazine.com/dr-feickert-analogue-straight-10/
1402,Dr. Feickert,Straight-10,mounting_distance_mm,237.8,,mm,"237,8 mm center tonearm to center plate bearing",parsed,0.8,Dealer listing corroboration.,DFA Straight-10 dealer listing,https://hifi12a.de/DFA-Dr-Feickert-Analogue-STRAIGHT-10-Tonearm
1675,Dr. Feickert,Straight-10,null_alignment_type,,Baewald,,Lofgren A (Baerwald),derived,0.9,Backfilled from explicit alignment-language evidence in model metadata or source text.,Dr. Feickert Straight-10 review,https://www.fidelity-magazine.com/dr-feickert-analogue-straight-10/
1396,Dr. Feickert,Straight-10,offset_angle_deg,21.6,,deg,21.6 degrees,parsed,0.85,"Review publication, not OEM datasheet.",Dr. Feickert Straight-10 review,https://www.fidelity-magazine.com/dr-feickert-analogue-straight-10/
1395,Dr. Feickert,Straight-10,overhang_mm,16.2,,mm,16.2 mm,parsed,0.85,"Review publication, not OEM datasheet.",Dr. Feickert Straight-10 review,https://www.fidelity-magazine.com/dr-feickert-analogue-straight-10/
2663,Dr. Feickert,Straight-10,product_lineage,,"Feickert Analogue officially lists the Straight-10 tonearm in its 2025 product demonstration lineup, confirming manufacturer support for the model.",,Feickert High End 2025 page lists Straight-10,parsed,0.75,Official manufacturer support for exact model.,High End 2025 - Feickert Analogue,https://www.feickert.de/de/high-end-2025.html
1942,Durand,Talea,anti_skating,,progressive anti-skating; can be disabled,,Progressive anti-skating mechanism; can be disabled if desired,parsed,0.92,Official page is Talea II and notes it is no longer in production.,Durand Talea II official page,https://www.durand-tonearms.com/the-talea-ii
1941,Durand,Talea,azimuth_adjustment,,adjustable on the fly,,Azimuth: adjustable on the fly,parsed,0.92,Official page is Talea II and notes it is no longer in production.,Durand Talea II official page,https://www.durand-tonearms.com/the-talea-ii
1939,Durand,Talea,bearing_system,,unipivot with stainless steel pivot in sapphire jewel,,"Bearing: Unipivot, Swiss-made non-corrosive, non-magnetic stainless steel pivot in a sapphire jewel",parsed,0.92,Official page is Talea II and notes it is no longer in production.,Durand Talea II official page,https://www.durand-tonearms.com/the-talea-ii
1935,Durand,Talea,cartridge_mount,,1/2 inch,,Cartridge mount: 1/2”,parsed,0.92,Official page is Talea II and notes it is no longer in production.,Durand Talea II official page,https://www.durand-tonearms.com/the-talea-ii
1943,Durand,Talea,cartridge_weight_range_g,,5-15 g,,successfully tested with cartridges from 5 to 15 grams,parsed,0.92,Official page is Talea II and notes it is no longer in production.,Durand Talea II official page,https://www.durand-tonearms.com/the-talea-ii
1944,Durand,Talea,compliance_range_um_per_mN,,8-20 µm/mN,,with compliance from 8 to 20 µm/Mn,parsed,0.92,Official page is Talea II and notes it is no longer in production.,Durand Talea II official page,https://www.durand-tonearms.com/the-talea-ii
1931,Durand,Talea,effective_length_mm,263.0,,mm,Effective length: 263 mm (10.35”),parsed,0.92,Official page is Talea II and notes it is no longer in production.,Durand Talea II official page,https://www.durand-tonearms.com/the-talea-ii
1936,Durand,Talea,mounting_distance_from_spindle_range_mm,,207.8-220.2 mm,,Mounting distance (from spindle): 207.8-220.2 mm (8.3-8.7”),parsed,0.92,Base mounting envelope from official page.,Durand Talea II official page,https://www.durand-tonearms.com/the-talea-ii
1932,Durand,Talea,mounting_distance_mm,247.37,,mm,Pivot-spindle distance: 247.37 mm (Loefgren A geometry),parsed,0.92,Official page labels this pivot-spindle distance.,Durand Talea II official page,https://www.durand-tonearms.com/the-talea-ii
1937,Durand,Talea,mounting_hardware,,2 x 10-24 or M4 screws for metal armboards; 4 x #8 wood screws for wood armboards; no large central hole required,,Mounting on the plinth/armboard is done with 2 x 10-24 (or M4) screws ... or 4 x #8 wood screws ... No large central hole needs to be bored,parsed,0.92,Official page is Talea II and notes it is no longer in production.,Durand Talea II official page,https://www.durand-tonearms.com/the-talea-ii
1945,Durand,Talea,null_alignment_type,,Baewald,,Pivot-spindle distance: 247.37 mm (Loefgren A geometry),parsed,0.95,Normalized by importer to Baewald in export logic.,Durand Talea II official page,https://www.durand-tonearms.com/the-talea-ii
1934,Durand,Talea,offset_angle_deg,20.81,,deg,Offset angle: 20.81 degrees,parsed,0.92,Official page is Talea II and notes it is no longer in production.,Durand Talea II official page,https://www.durand-tonearms.com/the-talea-ii
1933,Durand,Talea,overhang_mm,15.66,,mm,Overhang: 15.66 mm,parsed,0.92,Official page is Talea II and notes it is no longer in production.,Durand Talea II official page,https://www.durand-tonearms.com/the-talea-ii
1930,Durand,Talea,production_status,,no longer in production,,(No longer in production),parsed,0.92,Official page is Talea II and notes it is no longer in production.,Durand Talea II official page,https://www.durand-tonearms.com/the-talea-ii
1938,Durand,Talea,total_weight_g,1040.0,,g,Weight of the whole assembly: ca. 2.3 lbs (1.04 kg),parsed,0.92,Official page is Talea II and notes it is no longer in production.,Durand Talea II official page,https://www.durand-tonearms.com/the-talea-ii
1940,Durand,Talea,vta_adjustment,,on-the-fly fine adjustment by knob; 0.5 mm per turn; max 23 mm range,,"VTA: on the fly fine adjustment, with knob; each turn ... 0.5 mm ... Maximum range: 23 mm",parsed,0.92,Official page is Talea II and notes it is no longer in production.,Durand Talea II official page,https://www.durand-tonearms.com/the-talea-ii
1956,Durand,Tosca,anti_skating,,anti-skating can be disabled,,Anti-skating mechanism can be disabled if desired,parsed,0.92,,Durand Tosca official page,https://www.durand-tonearms.com/the-tosca
1955,Durand,Tosca,azimuth_adjustment,,adjustable at the headshell,,Azimuth: adjustable at the headshell.,parsed,0.92,,Durand Tosca official page,https://www.durand-tonearms.com/the-tosca
1953,Durand,Tosca,bearing_system,,"gimbal, hybrid design",,"Bearing: gimbal, hybrid design",parsed,0.92,,Durand Tosca official page,https://www.durand-tonearms.com/the-tosca
1950,Durand,Tosca,cartridge_mount,,1/2 inch (12.7 mm),,Cartridge mount: 1/2” (12.7mm),parsed,0.92,,Durand Tosca official page,https://www.durand-tonearms.com/the-tosca
1957,Durand,Tosca,counterweights,,96 g; 2 x 64 g,,"VTF with coupled counterweights: 96 gr, 2 x 64 gr",parsed,0.92,,Durand Tosca official page,https://www.durand-tonearms.com/the-tosca
1946,Durand,Tosca,effective_length_mm,258.5,,mm,Effective length: 258.5 mm (10.18”),parsed,0.92,,Durand Tosca official page,https://www.durand-tonearms.com/the-tosca
1958,Durand,Tosca,mount_connection,,DIN connector inside arm base,,DIN connector inside the arm base.,parsed,0.92,,Durand Tosca official page,https://www.durand-tonearms.com/the-tosca
1947,Durand,Tosca,mounting_distance_mm,242.6,,mm,Pivot-spindle distance: 242.6 mm (Loefgren A geometry).,parsed,0.92,,Durand Tosca official page,https://www.durand-tonearms.com/the-tosca
1951,Durand,Tosca,mounting_hardware,,2 x 10-24 or M4 screws for metal armboards; 2 x #8 wood screws for wood armboards,,Mounting on the plinth/armboard is done with 2 x 10-24 (or M4) screws ... or 2x #8 wood screws,parsed,0.92,,Durand Tosca official page,https://www.durand-tonearms.com/the-tosca
1959,Durand,Tosca,null_alignment_type,,Baewald,,Pivot-spindle distance: 242.6 mm (Loefgren A geometry).,parsed,0.95,Normalized by importer to Baewald in export logic.,Durand Tosca official page,https://www.durand-tonearms.com/the-tosca
1949,Durand,Tosca,offset_angle_deg,21.2,,deg,Offset angle: 21.2 degrees.,parsed,0.92,,Durand Tosca official page,https://www.durand-tonearms.com/the-tosca
1948,Durand,Tosca,overhang_mm,15.92,,mm,Overhang: 15.92 mm,parsed,0.92,,Durand Tosca official page,https://www.durand-tonearms.com/the-tosca
1952,Durand,Tosca,total_weight_g,1625.0,,g,Weight of the whole assembly: ca. 3.9 lbs (1.625 kg),parsed,0.92,,Durand Tosca official page,https://www.durand-tonearms.com/the-tosca
1954,Durand,Tosca,vta_adjustment,,fine adjustment with screw under bearing assembly; approx 18 mm range,,VTA/SRA: fine adjustment with screw activating a mechanism located under the bearing assembly ... Range: ca. 18 mm.,parsed,0.92,,Durand Tosca official page,https://www.durand-tonearms.com/the-tosca
1812,Dynavector,DV-501/505/507,arm_type,,bi-axis inertia controlled dynamic balance tonearm family,,Bi-Axis inertia controlled Dynamic and Eddy Current Damping / Dynamic Balance type tone arm,parsed,0.78,Official description applies directly to DV 507 MkII and lineage context for grouped DV-501/505/507 family row.,Dynavector DV 507 MkII official page,https://www.dynavector.com/audio/507mk2.php
1813,Dynavector,DV-501/505/507,damping_system,,eddy current damping; dynamic damper,,Electro Magnetic Damping System ... Dynamic Damper installed in sub arm,parsed,0.78,"Official damping description from DV 507 MkII page used as family-lineage support, not exact proof for every grouped variant.",Dynavector DV 507 MkII official page,https://www.dynavector.com/audio/507mk2.php
79,Dynavector,DV-501/505/507,effective_length_mm,241.0,,mm,241,parsed,0.6,,BIGLOBE Arm Data,https://www7a.biglobe.ne.jp/~yosh/armdata.htm
1463,Dynavector,DV-501/505/507,null_alignment_type,,Stevenson,,60.000 / 117.000 mm,derived,0.85,Backfilled from null-point pair proximity to reference alignments; nearest-reference distance 0.531 mm.,BIGLOBE Arm Data,https://www7a.biglobe.ne.jp/~yosh/armdata.htm
83,Dynavector,DV-501/505/507,null_point_inner_mm,60.0,,mm,60/117,parsed,0.6,,BIGLOBE Arm Data,https://www7a.biglobe.ne.jp/~yosh/armdata.htm
84,Dynavector,DV-501/505/507,null_point_outer_mm,117.0,,mm,60/117,parsed,0.6,,BIGLOBE Arm Data,https://www7a.biglobe.ne.jp/~yosh/armdata.htm
82,Dynavector,DV-501/505/507,null_points,,60/117,,60/117,parsed,0.6,,BIGLOBE Arm Data,https://www7a.biglobe.ne.jp/~yosh/armdata.htm
1814,Dynavector,DV-501/505/507,official_family_reference,,DV 505 and DV 501 referenced on official DV 507 MkII lineage page,,The DV 505 and DV 501 tonearms have enjoyed an excellent reputation... The DV 507 MkII tonearm ... includes all of the technology of our tonearm design developed since the DV 505 and 501.,parsed,0.78,This row exists to attach an official manufacturer source to the grouped legacy family entry.,Dynavector DV 507 MkII official page,https://www.dynavector.com/audio/507mk2.php
81,Dynavector,DV-501/505/507,offset_angle_deg,21.5,,deg,21.5,parsed,0.6,,BIGLOBE Arm Data,https://www7a.biglobe.ne.jp/~yosh/armdata.htm
80,Dynavector,DV-501/505/507,overhang_mm,15.0,,mm,15,parsed,0.6,,BIGLOBE Arm Data,https://www7a.biglobe.ne.jp/~yosh/armdata.htm
2344,EMT,909-HI,arm_type,,high-end 9-inch tonearm,,EMT 909-HI: High-end 9-inch tonearm with fixed headshell for 1/2” hi-fi cartridge connection,parsed,0.9,,EMT HI tonearm user manual,https://emt-tontechnik.ch/uploads/1/4/8/6/148642164/manual-emt-hi-tonearm_v1.4.pdf
2355,EMT,909-HI,azimuth_adjustment,,±8°,,Adjust the azimuth (±8°),parsed,0.9,,EMT HI tonearm user manual,https://emt-tontechnik.ch/uploads/1/4/8/6/148642164/manual-emt-hi-tonearm_v1.4.pdf
2351,EMT,909-HI,cartridge_range_high_g,25.0,,g,Cartridge weight: 10…25g,parsed,0.9,,EMT HI tonearm user manual,https://emt-tontechnik.ch/uploads/1/4/8/6/148642164/manual-emt-hi-tonearm_v1.4.pdf
2350,EMT,909-HI,cartridge_range_low_g,10.0,,g,Cartridge weight: 10…25g,parsed,0.9,,EMT HI tonearm user manual,https://emt-tontechnik.ch/uploads/1/4/8/6/148642164/manual-emt-hi-tonearm_v1.4.pdf
2346,EMT,909-HI,effective_length_mm,246.75,,mm,Effective length: 246.75mm,parsed,0.9,,EMT HI tonearm user manual,https://emt-tontechnik.ch/uploads/1/4/8/6/148642164/manual-emt-hi-tonearm_v1.4.pdf
2347,EMT,909-HI,effective_mass_g,10.2,,g,Effective mass: 10.2g,parsed,0.9,,EMT HI tonearm user manual,https://emt-tontechnik.ch/uploads/1/4/8/6/148642164/manual-emt-hi-tonearm_v1.4.pdf
2356,EMT,909-HI,headshell_type,,fixed headshell for 1/2-inch hi-fi cartridge connection,,fixed headshell for 1/2” hi-fi cartridge connection,parsed,0.9,,EMT HI tonearm datasheet,https://emt-tontechnik.ch/uploads/1/4/8/6/148642164/emt-909-hi.pdf
2345,EMT,909-HI,mounting_distance_mm,230.0,,mm,Mounting distance: 230mm,parsed,0.9,,EMT HI tonearm user manual,https://emt-tontechnik.ch/uploads/1/4/8/6/148642164/manual-emt-hi-tonearm_v1.4.pdf
2374,EMT,909-HI,null_alignment_type,,Baewald,,66.040 / 120.900 mm,derived,0.9,Backfilled from null-point pair proximity to reference alignments; nearest-reference distance 0.040 mm.,EMT HI tonearm user manual,https://emt-tontechnik.ch/uploads/1/4/8/6/148642164/manual-emt-hi-tonearm_v1.4.pdf
2352,EMT,909-HI,null_point_inner_mm,66.04,,mm,Inner null point: 66.04mm,parsed,0.9,,EMT HI tonearm user manual,https://emt-tontechnik.ch/uploads/1/4/8/6/148642164/manual-emt-hi-tonearm_v1.4.pdf
2353,EMT,909-HI,null_point_outer_mm,120.9,,mm,Outer null point: 120.9mm,parsed,0.9,,EMT HI tonearm user manual,https://emt-tontechnik.ch/uploads/1/4/8/6/148642164/manual-emt-hi-tonearm_v1.4.pdf
2348,EMT,909-HI,offset_angle_deg,22.25,,deg,Offset angle: 22.25°,parsed,0.9,,EMT HI tonearm user manual,https://emt-tontechnik.ch/uploads/1/4/8/6/148642164/manual-emt-hi-tonearm_v1.4.pdf
2354,EMT,909-HI,output_cable,,wire outlet 20 cm; optional 5-pin DIN outlet,,Output: Standard: wire outlet 20cm Option DIN: 5-pin DIN outlet,parsed,0.9,,EMT HI tonearm user manual,https://emt-tontechnik.ch/uploads/1/4/8/6/148642164/manual-emt-hi-tonearm_v1.4.pdf
2349,EMT,909-HI,overhang_mm,16.75,,mm,Overhang: 16.75mm,parsed,0.9,,EMT HI tonearm user manual,https://emt-tontechnik.ch/uploads/1/4/8/6/148642164/manual-emt-hi-tonearm_v1.4.pdf
2357,EMT,912,arm_type,,high-end 12-inch tonearm,,EMT 912: High-end 12-inch tonearm with fixed headshell for 1/2” hi-fi cartridge connection,parsed,0.9,,EMT HI tonearm user manual,https://emt-tontechnik.ch/uploads/1/4/8/6/148642164/manual-emt-hi-tonearm_v1.4.pdf
2368,EMT,912,azimuth_adjustment,,±8°,,Adjust the azimuth (±8°),parsed,0.9,,EMT HI tonearm user manual,https://emt-tontechnik.ch/uploads/1/4/8/6/148642164/manual-emt-hi-tonearm_v1.4.pdf
2364,EMT,912,cartridge_range_high_g,25.0,,g,Cartridge weight: 8…25g,parsed,0.9,,EMT HI tonearm user manual,https://emt-tontechnik.ch/uploads/1/4/8/6/148642164/manual-emt-hi-tonearm_v1.4.pdf
2363,EMT,912,cartridge_range_low_g,8.0,,g,Cartridge weight: 8…25g,parsed,0.9,,EMT HI tonearm user manual,https://emt-tontechnik.ch/uploads/1/4/8/6/148642164/manual-emt-hi-tonearm_v1.4.pdf
2359,EMT,912,effective_length_mm,310.15,,mm,Effective length: 310.15mm,parsed,0.9,,EMT HI tonearm user manual,https://emt-tontechnik.ch/uploads/1/4/8/6/148642164/manual-emt-hi-tonearm_v1.4.pdf
2360,EMT,912,effective_mass_g,11.4,,g,Effective mass: 11.4g,parsed,0.9,,EMT HI tonearm user manual,https://emt-tontechnik.ch/uploads/1/4/8/6/148642164/manual-emt-hi-tonearm_v1.4.pdf
2369,EMT,912,headshell_type,,fixed headshell for 1/2-inch hi-fi cartridge connection,,fixed headshell for 1/2” hi-fi cartridge connection,parsed,0.9,,EMT HI tonearm datasheet,https://emt-tontechnik.ch/uploads/1/4/8/6/148642164/emt-912-hi.pdf
2358,EMT,912,mounting_distance_mm,297.0,,mm,Mounting distance: 297mm,parsed,0.9,,EMT HI tonearm user manual,https://emt-tontechnik.ch/uploads/1/4/8/6/148642164/manual-emt-hi-tonearm_v1.4.pdf
2375,EMT,912,null_alignment_type,,Baewald,,66.040 / 120.900 mm,derived,0.9,Backfilled from null-point pair proximity to reference alignments; nearest-reference distance 0.040 mm.,EMT HI tonearm user manual,https://emt-tontechnik.ch/uploads/1/4/8/6/148642164/manual-emt-hi-tonearm_v1.4.pdf
2365,EMT,912,null_point_inner_mm,66.04,,mm,Inner null point: 66.04mm,parsed,0.9,,EMT HI tonearm user manual,https://emt-tontechnik.ch/uploads/1/4/8/6/148642164/manual-emt-hi-tonearm_v1.4.pdf
2366,EMT,912,null_point_outer_mm,120.9,,mm,Outer null point: 120.9mm,parsed,0.9,,EMT HI tonearm user manual,https://emt-tontechnik.ch/uploads/1/4/8/6/148642164/manual-emt-hi-tonearm_v1.4.pdf
2361,EMT,912,offset_angle_deg,17.55,,deg,Offset angle: 17.55°,parsed,0.9,,EMT HI tonearm user manual,https://emt-tontechnik.ch/uploads/1/4/8/6/148642164/manual-emt-hi-tonearm_v1.4.pdf
2367,EMT,912,output_cable,,wire outlet 20 cm; optional 5-pin DIN outlet,,Output: Standard: wire outlet 20cm Option DIN: 5-pin DIN outlet,parsed,0.9,,EMT HI tonearm user manual,https://emt-tontechnik.ch/uploads/1/4/8/6/148642164/manual-emt-hi-tonearm_v1.4.pdf
2362,EMT,912,overhang_mm,13.15,,mm,Overhang: 13.15mm,parsed,0.9,,EMT HI tonearm user manual,https://emt-tontechnik.ch/uploads/1/4/8/6/148642164/manual-emt-hi-tonearm_v1.4.pdf
2281,EMT,929 (it is questionable that RF229/RMA229 made by Ortofon for EMT 930 turntable had exactly same geometry as EMT 929),anti_skating,,optional for stereo T-series pick-up heads; middle notch for 2.5 g TSD 15,,For stereo reproduction an anti-skating device may be used if desired ... middle notch on the lever ... correct for nominal playing weight of TSD 15 stereo pick-up head of 2.5 g,parsed,0.84,Manual-mirror operational detail.,EMT 929 mounting instructions for EMT 930,https://emt-archiv.de/wp-content/uploads/EMT-929-Montage-an-930.pdf
2278,EMT,929 (it is questionable that RF229/RMA229 made by Ortofon for EMT 930 turntable had exactly same geometry as EMT 929),compatible_turntables,,"EMT-Broadcast turntables R80/927, 930, 938, 948, 950",,"EMT 929- and 997-series standard tone arms for use on all original EMT-Broadcast turntables, as model R80/927, 930, 938, 948 or 950.",parsed,0.9,Official historical product-family support; page does not provide geometry.,EMT International 929 & 997 historical product page,http://emt-international.ch/e/929-997.php
457,EMT,929 (it is questionable that RF229/RMA229 made by Ortofon for EMT 930 turntable had exactly same geometry as EMT 929),effective_length_mm,244.0,,mm,244,parsed,0.6,,BIGLOBE Arm Data,https://www7a.biglobe.ne.jp/~yosh/armdata.htm
2279,EMT,929 (it is questionable that RF229/RMA229 made by Ortofon for EMT 930 turntable had exactly same geometry as EMT 929),mounting_distance_mm,230.0,,mm,a center distance of 230 mm between turntable and arm socket should be adjusted,parsed,0.88,Manual-mirror geometry support specific to EMT 929 mounting on EMT 930 or other turntables.,EMT 929 mounting instructions for EMT 930,https://emt-archiv.de/wp-content/uploads/EMT-929-Montage-an-930.pdf
1526,EMT,929 (it is questionable that RF229/RMA229 made by Ortofon for EMT 930 turntable had exactly same geometry as EMT 929),null_alignment_type,,Other,,57.000 / 117.000 mm,derived,0.75,Backfilled from null-point pair proximity to reference alignments; nearest-reference distance 3.351 mm.,BIGLOBE Arm Data,https://www7a.biglobe.ne.jp/~yosh/armdata.htm
461,EMT,929 (it is questionable that RF229/RMA229 made by Ortofon for EMT 930 turntable had exactly same geometry as EMT 929),null_point_inner_mm,57.0,,mm,57/117,parsed,0.6,,BIGLOBE Arm Data,https://www7a.biglobe.ne.jp/~yosh/armdata.htm
462,EMT,929 (it is questionable that RF229/RMA229 made by Ortofon for EMT 930 turntable had exactly same geometry as EMT 929),null_point_outer_mm,117.0,,mm,57/117,parsed,0.6,,BIGLOBE Arm Data,https://www7a.biglobe.ne.jp/~yosh/armdata.htm
460,EMT,929 (it is questionable that RF229/RMA229 made by Ortofon for EMT 930 turntable had exactly same geometry as EMT 929),null_points,,57/117,,57/117,parsed,0.6,,BIGLOBE Arm Data,https://www7a.biglobe.ne.jp/~yosh/armdata.htm
459,EMT,929 (it is questionable that RF229/RMA229 made by Ortofon for EMT 930 turntable had exactly same geometry as EMT 929),offset_angle_deg,20.833,,deg,20.833,parsed,0.6,,BIGLOBE Arm Data,https://www7a.biglobe.ne.jp/~yosh/armdata.htm
458,EMT,929 (it is questionable that RF229/RMA229 made by Ortofon for EMT 930 turntable had exactly same geometry as EMT 929),overhang_mm,14.0,,mm,14,parsed,0.6,,BIGLOBE Arm Data,https://www7a.biglobe.ne.jp/~yosh/armdata.htm
2280,EMT,929 (it is questionable that RF229/RMA229 made by Ortofon for EMT 930 turntable had exactly same geometry as EMT 929),tracking_force_range_g,,2.5 g stereo / 5 g mono / 9 g OFS(D)65,,for T pick-up cartridges 2.5 g; for OFS (D) 25 pick-up cartridges 5 g; OFS (D) 65 ... required nominal playing weight of 9 g,parsed,0.86,Nominal operating values depend on cartridge system.,EMT 929 mounting instructions for EMT 930,https://emt-archiv.de/wp-content/uploads/EMT-929-Montage-an-930.pdf
451,Empire,980 & 990,effective_length_mm,228.6,,mm,228.6 (9inch),parsed,0.6,,BIGLOBE Arm Data,https://www7a.biglobe.ne.jp/~yosh/armdata.htm
1525,Empire,980 & 990,null_alignment_type,,Other,,64.000 / 121.000 mm,derived,0.75,Backfilled from null-point pair proximity to reference alignments; nearest-reference distance 2.002 mm.,BIGLOBE Arm Data,https://www7a.biglobe.ne.jp/~yosh/armdata.htm
455,Empire,980 & 990,null_point_inner_mm,64.0,,mm,64/121? (53/131 and error+/-0.65degree?),parsed,0.6,,BIGLOBE Arm Data,https://www7a.biglobe.ne.jp/~yosh/armdata.htm
456,Empire,980 & 990,null_point_outer_mm,121.0,,mm,64/121? (53/131 and error+/-0.65degree?),parsed,0.6,,BIGLOBE Arm Data,https://www7a.biglobe.ne.jp/~yosh/armdata.htm
454,Empire,980 & 990,null_points,,64/121? (53/131 and error+/-0.65degree?),,64/121? (53/131 and error+/-0.65degree?),parsed,0.6,,BIGLOBE Arm Data,https://www7a.biglobe.ne.jp/~yosh/armdata.htm
453,Empire,980 & 990,offset_angle_deg,23.8,,deg,23.8,parsed,0.6,,BIGLOBE Arm Data,https://www7a.biglobe.ne.jp/~yosh/armdata.htm
452,Empire,980 & 990,overhang_mm,17.5,,mm,17.5? (manual indicates 5/8inch=15.875mm),parsed,0.6,,BIGLOBE Arm Data,https://www7a.biglobe.ne.jp/~yosh/armdata.htm
2649,Empire,980 & 990,product_lineage,,Empire 980 is documented by mirrored original-manual support and provides official family-lineage support for the grouped Empire 980 and 990 row.,,Empire 980 manual page,parsed,0.7,Official family-lineage support for grouped row.,Empire 980 Stereo Wired Pick-up Arm Manual,https://www.vinylengine.com/library/empire/980.shtml
91,Excel,ES-1000 & Pro S1TA,effective_length_mm,240.0,,mm,240,parsed,0.6,,BIGLOBE Arm Data,https://www7a.biglobe.ne.jp/~yosh/armdata.htm
1465,Excel,ES-1000 & Pro S1TA,null_alignment_type,,Baewald,,66.000 / 121.000 mm,derived,0.85,Backfilled from null-point pair proximity to reference alignments; nearest-reference distance 0.100 mm.,BIGLOBE Arm Data,https://www7a.biglobe.ne.jp/~yosh/armdata.htm
95,Excel,ES-1000 & Pro S1TA,null_point_inner_mm,66.0,,mm,66/121,parsed,0.6,,BIGLOBE Arm Data,https://www7a.biglobe.ne.jp/~yosh/armdata.htm
96,Excel,ES-1000 & Pro S1TA,null_point_outer_mm,121.0,,mm,66/121,parsed,0.6,,BIGLOBE Arm Data,https://www7a.biglobe.ne.jp/~yosh/armdata.htm
94,Excel,ES-1000 & Pro S1TA,null_points,,66/121,,66/121,parsed,0.6,,BIGLOBE Arm Data,https://www7a.biglobe.ne.jp/~yosh/armdata.htm
93,Excel,ES-1000 & Pro S1TA,offset_angle_deg,22.9,,deg,22.9,parsed,0.6,,BIGLOBE Arm Data,https://www7a.biglobe.ne.jp/~yosh/armdata.htm
92,Excel,ES-1000 & Pro S1TA,overhang_mm,17.25,,mm,17.25,parsed,0.6,,BIGLOBE Arm Data,https://www7a.biglobe.ne.jp/~yosh/armdata.htm
2603,Excel,ES-1000 & Pro S1TA,product_lineage,,"Mirrored Excel Sound Corporation manuals index lists ES-1000 among the company tonearms, providing official-manual lineup support for the grouped ES-1000 and Pro S1TA row.",,ES-1000 listed in mirrored Excel manuals index,parsed,0.65,Conservative official-manual lineup support for grouped row.,Excel Sound Corporation Manuals,https://www.vinylengine.com/library/excel-sound-corporation.shtml
85,Excel,ES-801,effective_length_mm,237.0,,mm,237,parsed,0.6,,BIGLOBE Arm Data,https://www7a.biglobe.ne.jp/~yosh/armdata.htm
1464,Excel,ES-801,null_alignment_type,,Other,,57.000 / 120.000 mm,derived,0.75,Backfilled from null-point pair proximity to reference alignments; nearest-reference distance 4.209 mm.,BIGLOBE Arm Data,https://www7a.biglobe.ne.jp/~yosh/armdata.htm
89,Excel,ES-801,null_point_inner_mm,57.0,,mm,57/120,parsed,0.6,,BIGLOBE Arm Data,https://www7a.biglobe.ne.jp/~yosh/armdata.htm
90,Excel,ES-801,null_point_outer_mm,120.0,,mm,57/120,parsed,0.6,,BIGLOBE Arm Data,https://www7a.biglobe.ne.jp/~yosh/armdata.htm
88,Excel,ES-801,null_points,,57/120,,57/120,parsed,0.6,,BIGLOBE Arm Data,https://www7a.biglobe.ne.jp/~yosh/armdata.htm
87,Excel,ES-801,offset_angle_deg,22.0,,deg,22,parsed,0.6,,BIGLOBE Arm Data,https://www7a.biglobe.ne.jp/~yosh/armdata.htm
86,Excel,ES-801,overhang_mm,15.0,,mm,15,parsed,0.6,,BIGLOBE Arm Data,https://www7a.biglobe.ne.jp/~yosh/armdata.htm
2604,Excel,ES-801,product_lineage,,Excel ES-801 is documented by mirrored original-manual support as a universal static-balance type tonearm.,,ES-801 manual page,parsed,0.8,Manual-mirror support for exact model.,Excel Sound Corporation ES-801 Universal Static-Balance Type Tonearm Manual,https://www.vinylengine.com/library/excel-sound-corporation/es-801.shtml
2605,Excel,ES-801,product_lineage,,Official Luxman armboard fitment list includes Excel Sound ES-801 among compatible tonearms for the PD310 platform.,,PD310 armboard list includes ES-801,parsed,0.7,Official third-party historical support for exact model.,LUXMAN PD310の仕様 ラックスマン,https://audio-heritage.jp/LUXMAN/player/pd310.html
97,Fidelity Research,FR-12,effective_length_mm,230.0,,mm,230,parsed,0.6,,BIGLOBE Arm Data,https://www7a.biglobe.ne.jp/~yosh/armdata.htm
1918,Fidelity Research,FR-12,family_reference,,FR family exact model listed in secondary archive index,,"FR-12 listed alongside FR-14, FR-24, FR-54, FR-64, FR-64S, FR-66, and FR-66S",parsed,0.84,Used to corroborate exact model existence beyond legacy BIGLOBE table.,hifi-wiki Fidelity Research Tone Arms,https://hifi-wiki.com/index.php/Fidelity_Research_Tone_Arms
1466,Fidelity Research,FR-12,null_alignment_type,,Other,,60.000 / 108.000 mm,derived,0.75,Backfilled from null-point pair proximity to reference alignments; nearest-reference distance 9.426 mm.,BIGLOBE Arm Data,https://www7a.biglobe.ne.jp/~yosh/armdata.htm
101,Fidelity Research,FR-12,null_point_inner_mm,60.0,,mm,60/108,parsed,0.6,,BIGLOBE Arm Data,https://www7a.biglobe.ne.jp/~yosh/armdata.htm
102,Fidelity Research,FR-12,null_point_outer_mm,108.0,,mm,60/108,parsed,0.6,,BIGLOBE Arm Data,https://www7a.biglobe.ne.jp/~yosh/armdata.htm
100,Fidelity Research,FR-12,null_points,,60/108,,60/108,parsed,0.6,,BIGLOBE Arm Data,https://www7a.biglobe.ne.jp/~yosh/armdata.htm
99,Fidelity Research,FR-12,offset_angle_deg,21.4,,deg,21.4,parsed,0.6,,BIGLOBE Arm Data,https://www7a.biglobe.ne.jp/~yosh/armdata.htm
98,Fidelity Research,FR-12,overhang_mm,14.5,,mm,14.5,parsed,0.6,,BIGLOBE Arm Data,https://www7a.biglobe.ne.jp/~yosh/armdata.htm
2563,Fidelity Research,FR-12,product_lineage,,Official historical Fidelity Research specifications document FR-12 as the 12-inch special-specification version of the FR-14 tonearm.,,FR-14/FR-12 official historical page,parsed,0.8,Exact official historical support.,Fidelity-Research FR-14/FR-12の仕様 フィデリティリサーチ,https://audio-heritage.jp/FIDELITYRESEARCH/etc/fr-14.html
1917,Fidelity Research,FR-12,series_reference,,Fidelity Research Tone Arms list,,FR-12 listed on hifi-wiki Fidelity Research Tone Arms page,parsed,0.84,,hifi-wiki Fidelity Research Tone Arms,https://hifi-wiki.com/index.php/Fidelity_Research_Tone_Arms
1830,Fidelity Research,FR-14/FR-24/FR-54/FR-64,alignment_note,,Stevenson manual geometry cited; alternate Baerwald setup also discussed,,230mm pivot-to-spindle distance and 15mm overhang for Stevenson alignment,parsed,0.8,Review quotes manual specification and a later Baerwald recommendation from Deiter Brakemeier.,TNT-Audio FR-64S review citing manual geometry,https://www.tnt-audio.com/sorgenti/fidelity_research_fr64s_e.html
1827,Fidelity Research,FR-14/FR-24/FR-54/FR-64,arm_type,,gimballed,,The FR-64S is a gimballed design,parsed,0.8,FR-64S-specific support within grouped family.,TNT-Audio FR-64S review citing manual geometry,https://www.tnt-audio.com/sorgenti/fidelity_research_fr64s_e.html
109,Fidelity Research,FR-14/FR-24/FR-54/FR-64,effective_length_mm,245.0,,mm,245,parsed,0.6,,BIGLOBE Arm Data,https://www7a.biglobe.ne.jp/~yosh/armdata.htm
1826,Fidelity Research,FR-14/FR-24/FR-54/FR-64,family_reference,,FR-64S review cites manual geometry and construction details for the FR-64 branch of this grouped family row.,,The manual specifies a 230mm pivot-to-spindle distance and 15mm overhang for Stevenson alignment.,parsed,0.8,Support is specific to FR-64S within the grouped FR-14/24/54/64 row.,TNT-Audio FR-64S review citing manual geometry,https://www.tnt-audio.com/sorgenti/fidelity_research_fr64s_e.html
1828,Fidelity Research,FR-14/FR-24/FR-54/FR-64,headshell_connector,,SME-style,,SME-style headshell connector,parsed,0.8,FR-64S-specific support within grouped family.,TNT-Audio FR-64S review citing manual geometry,https://www.tnt-audio.com/sorgenti/fidelity_research_fr64s_e.html
1829,Fidelity Research,FR-14/FR-24/FR-54/FR-64,mount_connection,,DIN connector at base,,It mounts through the armboard with a DIN connector at the bottom of the armbase,parsed,0.8,FR-64S-specific support within grouped family.,TNT-Audio FR-64S review citing manual geometry,https://www.tnt-audio.com/sorgenti/fidelity_research_fr64s_e.html
1468,Fidelity Research,FR-14/FR-24/FR-54/FR-64,null_alignment_type,,Stevenson,,The manual specifies a 230mm pivot-to-spindle distance and 15mm overhang for Stevenson alignment.,derived,0.9,Backfilled from explicit alignment-language evidence in model metadata or source text.,TNT-Audio FR-64S review citing manual geometry,https://www.tnt-audio.com/sorgenti/fidelity_research_fr64s_e.html
113,Fidelity Research,FR-14/FR-24/FR-54/FR-64,null_point_inner_mm,59.0,,mm,59/120,parsed,0.6,,BIGLOBE Arm Data,https://www7a.biglobe.ne.jp/~yosh/armdata.htm
114,Fidelity Research,FR-14/FR-24/FR-54/FR-64,null_point_outer_mm,120.0,,mm,59/120,parsed,0.6,,BIGLOBE Arm Data,https://www7a.biglobe.ne.jp/~yosh/armdata.htm
112,Fidelity Research,FR-14/FR-24/FR-54/FR-64,null_points,,59/120,,59/120,parsed,0.6,,BIGLOBE Arm Data,https://www7a.biglobe.ne.jp/~yosh/armdata.htm
111,Fidelity Research,FR-14/FR-24/FR-54/FR-64,offset_angle_deg,21.5,,deg,21.5,parsed,0.6,,BIGLOBE Arm Data,https://www7a.biglobe.ne.jp/~yosh/armdata.htm
110,Fidelity Research,FR-14/FR-24/FR-54/FR-64,overhang_mm,15.0,,mm,15,parsed,0.6,,BIGLOBE Arm Data,https://www7a.biglobe.ne.jp/~yosh/armdata.htm
2564,Fidelity Research,FR-14/FR-24/FR-54/FR-64,product_lineage,,"Grouped family row includes FR-14, documented by official historical Fidelity Research specifications.",,FR-14 official historical page,parsed,0.75,Official support for one member of grouped FR-14/FR-24/FR-54/FR-64 row.,Fidelity-Research FR-14/FR-12の仕様 フィデリティリサーチ,https://audio-heritage.jp/FIDELITYRESEARCH/etc/fr-14.html
2565,Fidelity Research,FR-14/FR-24/FR-54/FR-64,product_lineage,,"Grouped family row includes FR-24, documented by official historical Fidelity Research specifications as a light-tracking universal tonearm.",,FR-24 official historical page,parsed,0.75,Official support for one member of grouped FR-14/FR-24/FR-54/FR-64 row.,Fidelity-Research FR-24の仕様 フィデリティリサーチ,https://audio-heritage.jp/FIDELITYRESEARCH/etc/fr-24.html
2566,Fidelity Research,FR-14/FR-24/FR-54/FR-64,product_lineage,,"Grouped family row includes FR-54, documented by official historical Fidelity Research specifications as a simple universal tonearm with 245 mm effective length and 15 mm overhang.",,FR-54 official historical page,parsed,0.8,Official support for one member of grouped FR-14/FR-24/FR-54/FR-64 row.,Fidelity-Research FR-54の仕様 フィデリティリサーチ,https://audio-heritage.jp/FIDELITYRESEARCH/etc/fr-54.html
2567,Fidelity Research,FR-14/FR-24/FR-54/FR-64,product_lineage,,"Grouped family row includes FR-64, documented by official historical Fidelity Research specifications as the FR-54 evolved dynamic-balance arm.",,FR-64 official historical page,parsed,0.8,Official support for one member of grouped FR-14/FR-24/FR-54/FR-64 row.,Fidelity-Research FR-64の仕様 フィデリティリサーチ,https://audio-heritage.jp/FIDELITYRESEARCH/etc/fr-64.html
103,Fidelity Research,FR-34,effective_length_mm,237.0,,mm,237,parsed,0.6,,BIGLOBE Arm Data,https://www7a.biglobe.ne.jp/~yosh/armdata.htm
1920,Fidelity Research,FR-34,family_reference,,FR family exact model listed in secondary archive index,,"FR-34 listed alongside FR-14, FR-24, FR-54, FR-64, FR-64S, FR-66, and FR-66S",parsed,0.84,Used to corroborate exact model existence beyond legacy BIGLOBE table.,hifi-wiki Fidelity Research Tone Arms,https://hifi-wiki.com/index.php/Fidelity_Research_Tone_Arms
1467,Fidelity Research,FR-34,null_alignment_type,,Other,,61.000 / 113.000 mm,derived,0.75,Backfilled from null-point pair proximity to reference alignments; nearest-reference distance 4.471 mm.,BIGLOBE Arm Data,https://www7a.biglobe.ne.jp/~yosh/armdata.htm
107,Fidelity Research,FR-34,null_point_inner_mm,61.0,,mm,61/113,parsed,0.6,,BIGLOBE Arm Data,https://www7a.biglobe.ne.jp/~yosh/armdata.htm
108,Fidelity Research,FR-34,null_point_outer_mm,113.0,,mm,61/113,parsed,0.6,,BIGLOBE Arm Data,https://www7a.biglobe.ne.jp/~yosh/armdata.htm
106,Fidelity Research,FR-34,null_points,,61/113,,61/113,parsed,0.6,,BIGLOBE Arm Data,https://www7a.biglobe.ne.jp/~yosh/armdata.htm
105,Fidelity Research,FR-34,offset_angle_deg,21.5,,deg,21.5,parsed,0.6,,BIGLOBE Arm Data,https://www7a.biglobe.ne.jp/~yosh/armdata.htm
104,Fidelity Research,FR-34,overhang_mm,15.0,,mm,15,parsed,0.6,,BIGLOBE Arm Data,https://www7a.biglobe.ne.jp/~yosh/armdata.htm
2568,Fidelity Research,FR-34,product_lineage,,Official historical Fidelity Research product index lists FR-34 among the company tonearm lineup.,,FR-34 listed in official historical tonearm index,parsed,0.55,Conservative official historical lineup support for exact model.,Fidelity-Research 昇圧トランス/トーンアーム一覧 フィデリティリサーチ,https://audio-heritage.jp/FIDELITYRESEARCH/etc/index2.html
1919,Fidelity Research,FR-34,series_reference,,Fidelity Research Tone Arms list,,FR-34 listed on hifi-wiki Fidelity Research Tone Arms page,parsed,0.84,,hifi-wiki Fidelity Research Tone Arms,https://hifi-wiki.com/index.php/Fidelity_Research_Tone_Arms
1844,Fidelity Research,FR-64S,alignment_note,,Manual geometry quoted in review specifies Stevenson alignment.,,230mm pivot-to-spindle distance and 15mm overhang for Stevenson alignment,parsed,0.88,,TNT-Audio FR-64S review,https://www.tnt-audio.com/sorgenti/fidelity_research_fr64s_e.html
1849,Fidelity Research,FR-64S,arm_tube_shape,,S-shaped,,The armtube is S-shaped,parsed,0.88,,TNT-Audio FR-64S review,https://www.tnt-audio.com/sorgenti/fidelity_research_fr64s_e.html
1840,Fidelity Research,FR-64S,arm_type,,gimballed,,The FR-64S is a gimballed design,parsed,0.88,,TNT-Audio FR-64S review,https://www.tnt-audio.com/sorgenti/fidelity_research_fr64s_e.html
1841,Fidelity Research,FR-64S,effective_length_mm,245.0,,mm,230mm pivot-to-spindle distance and 15mm overhang,parsed,0.88,Derived from manual geometry quoted in TNT review.,TNT-Audio FR-64S review,https://www.tnt-audio.com/sorgenti/fidelity_research_fr64s_e.html
1845,Fidelity Research,FR-64S,effective_mass_g,35.0,,g,35g effective mass including headshell,parsed,0.88,,TNT-Audio FR-64S review,https://www.tnt-audio.com/sorgenti/fidelity_research_fr64s_e.html
1846,Fidelity Research,FR-64S,effective_mass_without_headshell_g,14.5,,g,"Without headshell, the arm has an effective mass of a medium-high 14.5g",parsed,0.88,,TNT-Audio FR-64S review,https://www.tnt-audio.com/sorgenti/fidelity_research_fr64s_e.html
1847,Fidelity Research,FR-64S,headshell_connector,,SME-style,,SME-style headshell connector,parsed,0.88,,TNT-Audio FR-64S review,https://www.tnt-audio.com/sorgenti/fidelity_research_fr64s_e.html
1848,Fidelity Research,FR-64S,mount_connection,,DIN connector at base,,It mounts through the armboard with a DIN connector at the bottom of the armbase,parsed,0.88,,TNT-Audio FR-64S review,https://www.tnt-audio.com/sorgenti/fidelity_research_fr64s_e.html
1850,Fidelity Research,FR-64S,mount_hole_diameter_mm,31.0,,mm,FR-64S 31mm (Approx. 1 1/4 inch),parsed,0.88,,Fidelity Research FR-60 series operating instructions (manual mirror),https://www.hifisentralen.no/forumet/attachments/ve_fidelityfr60manual-pdf.768668/
1842,Fidelity Research,FR-64S,mounting_distance_mm,230.0,,mm,The manual specifies a 230mm pivot-to-spindle distance,parsed,0.88,,TNT-Audio FR-64S review,https://www.tnt-audio.com/sorgenti/fidelity_research_fr64s_e.html
1863,Fidelity Research,FR-64S,null_alignment_type,,Stevenson,,15mm overhang for Stevenson alignment,derived,0.9,Backfilled from explicit alignment-language evidence in model metadata or source text.,TNT-Audio FR-64S review,https://www.tnt-audio.com/sorgenti/fidelity_research_fr64s_e.html
1851,Fidelity Research,FR-64S,null_point_inner_mm,66.04,,mm,"NULL RADIUS 1 2.6""",parsed,0.88,,Fidelity Research FR-60 series operating instructions (manual mirror),https://www.hifisentralen.no/forumet/attachments/ve_fidelityfr60manual-pdf.768668/
1852,Fidelity Research,FR-64S,null_point_outer_mm,120.904,,mm,"NULL RADIUS 2 4.76""",parsed,0.88,,Fidelity Research FR-60 series operating instructions (manual mirror),https://www.hifisentralen.no/forumet/attachments/ve_fidelityfr60manual-pdf.768668/
1853,Fidelity Research,FR-64S,null_points,,66.04 / 120.90 mm,,"2.6"" / 4.76""",parsed,0.88,,Fidelity Research FR-60 series operating instructions (manual mirror),https://www.hifisentralen.no/forumet/attachments/ve_fidelityfr60manual-pdf.768668/
1843,Fidelity Research,FR-64S,overhang_mm,15.0,,mm,15mm overhang for Stevenson alignment,parsed,0.88,,TNT-Audio FR-64S review,https://www.tnt-audio.com/sorgenti/fidelity_research_fr64s_e.html
2569,Fidelity Research,FR-64S,product_lineage,,Official historical Fidelity Research specifications document FR-64S as the stainless-steel dynamic-balance tonearm variant.,,FR-64S official historical page,parsed,0.8,Exact official historical support.,Fidelity-Research FR-64Sの仕様 フィデリティリサーチ,https://audio-heritage.jp/FIDELITYRESEARCH/etc/fr-64s.html
1862,Fidelity Research,FR-64fx,alignment_note,,FR-60 series template null radii correspond to Stevenson-style geometry.,,"NULL RADIUS 1 2.6""; NULL RADIUS 2 4.76""",parsed,0.88,,Fidelity Research FR-60 series operating instructions (manual mirror),https://www.hifisentralen.no/forumet/attachments/ve_fidelityfr60manual-pdf.768668/
1858,Fidelity Research,FR-64fx,anti_skating,,weight-based adjustable anti-skating,,Loosen the anti-skating weight with screwdriver and adjust the weight to match the tracking force,parsed,0.88,,Fidelity Research FR-60 series operating instructions (manual mirror),https://www.hifisentralen.no/forumet/attachments/ve_fidelityfr60manual-pdf.768668/
1857,Fidelity Research,FR-64fx,cartridge_weight_range_g,,10-32 g including headshell,,Cartridges with a weight between 10 and 32 grams (including the headshell) can be used,parsed,0.88,,Fidelity Research FR-60 series operating instructions (manual mirror),https://www.hifisentralen.no/forumet/attachments/ve_fidelityfr60manual-pdf.768668/
1864,Fidelity Research,FR-64fx,null_alignment_type,,Stevenson,,FR-60 series template null radii correspond to Stevenson-style geometry.,derived,0.9,Backfilled from explicit alignment-language evidence in model metadata or source text.,Fidelity Research FR-60 series operating instructions (manual mirror),https://www.hifisentralen.no/forumet/attachments/ve_fidelityfr60manual-pdf.768668/
1859,Fidelity Research,FR-64fx,null_point_inner_mm,66.04,,mm,"NULL RADIUS 1 2.6""",parsed,0.88,,Fidelity Research FR-60 series operating instructions (manual mirror),https://www.hifisentralen.no/forumet/attachments/ve_fidelityfr60manual-pdf.768668/
1860,Fidelity Research,FR-64fx,null_point_outer_mm,120.904,,mm,"NULL RADIUS 2 4.76""",parsed,0.88,,Fidelity Research FR-60 series operating instructions (manual mirror),https://www.hifisentralen.no/forumet/attachments/ve_fidelityfr60manual-pdf.768668/
1861,Fidelity Research,FR-64fx,null_points,,66.04 / 120.90 mm,,"2.6"" / 4.76""",parsed,0.88,,Fidelity Research FR-60 series operating instructions (manual mirror),https://www.hifisentralen.no/forumet/attachments/ve_fidelityfr60manual-pdf.768668/
2570,Fidelity Research,FR-64fx,product_lineage,,Mirrored operating-instructions scan explicitly labeled FR-64fx provides original manual support for the exact model.,,FR-64fx operating instructions heading,parsed,0.75,Exact mirrored manual support from local snapshot.,Fidelity Research FR-64fx operating-instructions scan,file:///Users/mamsterla/projects/wallyanalyzer/tmp_fr_pages/page_04.png
1855,Fidelity Research,FR-64fx,tracking_force_max_g,3.0,,g,up to 3.0 grams,parsed,0.88,,Fidelity Research FR-60 series operating instructions (manual mirror),https://www.hifisentralen.no/forumet/attachments/ve_fidelityfr60manual-pdf.768668/
1854,Fidelity Research,FR-64fx,tracking_force_min_g,0.5,,g,The ring starts at 0.5 grams,parsed,0.88,,Fidelity Research FR-60 series operating instructions (manual mirror),https://www.hifisentralen.no/forumet/attachments/ve_fidelityfr60manual-pdf.768668/
1856,Fidelity Research,FR-64fx,tracking_force_step_g,0.25,,g,increases in 0.25 gram steps,parsed,0.88,,Fidelity Research FR-60 series operating instructions (manual mirror),https://www.hifisentralen.no/forumet/attachments/ve_fidelityfr60manual-pdf.768668/
1928,Fidelity Research,FR-66,alignment_note,,FR-60 series template null radii correspond to Stevenson-style geometry.,,"NULL RADIUS 1 2.6""; NULL RADIUS 2 4.76""",parsed,0.8,Applied as family-template support for exact FR-66 within FR-60 series manual context.,Fidelity Research FR-60 series operating instructions (manual mirror),https://www.hifisentralen.no/forumet/attachments/ve_fidelityfr60manual-pdf.768668/
1922,Fidelity Research,FR-66,family_reference,,FR family exact model listed in secondary archive index,,"FR-66 listed alongside FR-12, FR-14, FR-24, FR-34, FR-54, FR-64, FR-64S, and FR-66S",parsed,0.86,Used to corroborate exact model existence beyond grouped legacy rows.,hifi-wiki Fidelity Research Tone Arms,https://hifi-wiki.com/index.php/Fidelity_Research_Tone_Arms
1924,Fidelity Research,FR-66,mount_connection,,5P DIN audio cable,,5P DIN Plug (Audio Cable),parsed,0.86,Manual figure 4.,Fidelity Research FR-60 series operating instructions (manual mirror),https://www.hifisentralen.no/forumet/attachments/ve_fidelityfr60manual-pdf.768668/
1923,Fidelity Research,FR-66,mount_hole_diameter_mm,31.0,,mm,FR-66 / FR-64S / FR-64 31mm (Approx. 1 1/4 inch),parsed,0.86,Manual page 3 diameter table groups FR-66 with FR-64S and FR-64.,Fidelity Research FR-60 series operating instructions (manual mirror),https://www.hifisentralen.no/forumet/attachments/ve_fidelityfr60manual-pdf.768668/
1929,Fidelity Research,FR-66,null_alignment_type,,Stevenson,,FR-60 series template null radii correspond to Stevenson-style geometry.,derived,0.9,Backfilled from explicit alignment-language evidence in model metadata or source text.,Fidelity Research FR-60 series operating instructions (manual mirror),https://www.hifisentralen.no/forumet/attachments/ve_fidelityfr60manual-pdf.768668/
1925,Fidelity Research,FR-66,null_point_inner_mm,66.04,,mm,"NULL RADIUS 1 2.6""",parsed,0.86,FR-60 series manual template page 9.,Fidelity Research FR-60 series operating instructions (manual mirror),https://www.hifisentralen.no/forumet/attachments/ve_fidelityfr60manual-pdf.768668/
1926,Fidelity Research,FR-66,null_point_outer_mm,120.904,,mm,"NULL RADIUS 2 4.76""",parsed,0.86,FR-60 series manual template page 9.,Fidelity Research FR-60 series operating instructions (manual mirror),https://www.hifisentralen.no/forumet/attachments/ve_fidelityfr60manual-pdf.768668/
1927,Fidelity Research,FR-66,null_points,,66.04 / 120.90 mm,,"2.6"" / 4.76""",parsed,0.86,FR-60 series manual template page 9.,Fidelity Research FR-60 series operating instructions (manual mirror),https://www.hifisentralen.no/forumet/attachments/ve_fidelityfr60manual-pdf.768668/
2571,Fidelity Research,FR-66,product_lineage,,Official historical Fidelity Research specifications document FR-66 as the fixed-base 40 cm dynamic-balance tonearm.,,FR-66/FR-66S official historical page,parsed,0.8,Exact official historical support.,Fidelity-Research FR-66/FR-66Sの仕様 フィデリティリサーチ,https://audio-heritage.jp/FIDELITYRESEARCH/etc/fr-66s.html
1921,Fidelity Research,FR-66,series_reference,,Fidelity Research Tone Arms list,,FR-66 listed on hifi-wiki Fidelity Research Tone Arms page,parsed,0.86,,hifi-wiki Fidelity Research Tone Arms,https://hifi-wiki.com/index.php/Fidelity_Research_Tone_Arms
1835,Fidelity Research,FR-66S,alignment_note,,Manual template null radii correspond to Stevenson-style geometry.,,"NULL RADIUS 1 2.6""; NULL RADIUS 2 4.76""",parsed,0.9,Manual template pages 9-10 plus Japanese-family Stevenson practice.,Fidelity Research FR-60 series operating instructions (manual mirror),https://www.hifisentralen.no/forumet/attachments/ve_fidelityfr60manual-pdf.768668/
1831,Fidelity Research,FR-66S,arm_height_adjustment_mm,41.0,,mm,FR-66S 41mm (Approx. 1 5/8 inch),parsed,0.9,Manual page 3 height adjustment callout for FR-66S.,Fidelity Research FR-60 series operating instructions (manual mirror),https://www.hifisentralen.no/forumet/attachments/ve_fidelityfr60manual-pdf.768668/
115,Fidelity Research,FR-66S,effective_length_mm,307.0,,mm,307,parsed,0.6,,BIGLOBE Arm Data,https://www7a.biglobe.ne.jp/~yosh/armdata.htm
1469,Fidelity Research,FR-66S,null_alignment_type,,Stevenson,,Manual template null radii correspond to Stevenson-style geometry.,derived,0.9,Backfilled from explicit alignment-language evidence in model metadata or source text.,Fidelity Research FR-60 series operating instructions (manual mirror),https://www.hifisentralen.no/forumet/attachments/ve_fidelityfr60manual-pdf.768668/
119,Fidelity Research,FR-66S,null_point_inner_mm,65.0,,mm,65/111,parsed,0.6,,BIGLOBE Arm Data,https://www7a.biglobe.ne.jp/~yosh/armdata.htm
1832,Fidelity Research,FR-66S,null_point_inner_mm,66.04,,mm,"NULL RADIUS 1 2.6""",parsed,0.9,Manual template page 9.,Fidelity Research FR-60 series operating instructions (manual mirror),https://www.hifisentralen.no/forumet/attachments/ve_fidelityfr60manual-pdf.768668/
120,Fidelity Research,FR-66S,null_point_outer_mm,111.0,,mm,65/111,parsed,0.6,,BIGLOBE Arm Data,https://www7a.biglobe.ne.jp/~yosh/armdata.htm
1833,Fidelity Research,FR-66S,null_point_outer_mm,120.904,,mm,"NULL RADIUS 2 4.76""",parsed,0.9,Manual template page 9.,Fidelity Research FR-60 series operating instructions (manual mirror),https://www.hifisentralen.no/forumet/attachments/ve_fidelityfr60manual-pdf.768668/
118,Fidelity Research,FR-66S,null_points,,65/111,,65/111,parsed,0.6,,BIGLOBE Arm Data,https://www7a.biglobe.ne.jp/~yosh/armdata.htm
1834,Fidelity Research,FR-66S,null_points,,66.04 / 120.90 mm,,"2.6"" / 4.76""",parsed,0.9,Manual template page 9.,Fidelity Research FR-60 series operating instructions (manual mirror),https://www.hifisentralen.no/forumet/attachments/ve_fidelityfr60manual-pdf.768668/
117,Fidelity Research,FR-66S,offset_angle_deg,16.66,,deg,16.66,parsed,0.6,,BIGLOBE Arm Data,https://www7a.biglobe.ne.jp/~yosh/armdata.htm
116,Fidelity Research,FR-66S,overhang_mm,12.0,,mm,12,parsed,0.6,,BIGLOBE Arm Data,https://www7a.biglobe.ne.jp/~yosh/armdata.htm
2572,Fidelity Research,FR-66S,product_lineage,,Official historical Fidelity Research specifications document FR-66S as the elevated-base 40 cm dynamic-balance tonearm variant.,,FR-66/FR-66S official historical page,parsed,0.8,Exact official historical support.,Fidelity-Research FR-66/FR-66Sの仕様 フィデリティリサーチ,https://audio-heritage.jp/FIDELITYRESEARCH/etc/fr-66s.html
1839,Fidelity Research,FR-66fx,alignment_note,,FR-60 series manual template null radii correspond to Stevenson-style geometry.,,"NULL RADIUS 1 2.6""; NULL RADIUS 2 4.76""",parsed,0.78,Applied as family-template support for FR-66fx within FR-60 series manual context.,Fidelity Research FR-60 series operating instructions (manual mirror),https://www.hifisentralen.no/forumet/attachments/ve_fidelityfr60manual-pdf.768668/
121,Fidelity Research,FR-66fx,effective_length_mm,307.0,,mm,307,parsed,0.6,,BIGLOBE Arm Data,https://www7a.biglobe.ne.jp/~yosh/armdata.htm
1470,Fidelity Research,FR-66fx,null_alignment_type,,Stevenson,,FR-60 series manual template null radii correspond to Stevenson-style geometry.,derived,0.9,Backfilled from explicit alignment-language evidence in model metadata or source text.,Fidelity Research FR-60 series operating instructions (manual mirror),https://www.hifisentralen.no/forumet/attachments/ve_fidelityfr60manual-pdf.768668/
125,Fidelity Research,FR-66fx,null_point_inner_mm,63.0,,mm,63/115,parsed,0.6,,BIGLOBE Arm Data,https://www7a.biglobe.ne.jp/~yosh/armdata.htm
1836,Fidelity Research,FR-66fx,null_point_inner_mm,66.04,,mm,"NULL RADIUS 1 2.6""",parsed,0.9,FR-60 series manual template page 9.,Fidelity Research FR-60 series operating instructions (manual mirror),https://www.hifisentralen.no/forumet/attachments/ve_fidelityfr60manual-pdf.768668/
126,Fidelity Research,FR-66fx,null_point_outer_mm,115.0,,mm,63/115,parsed,0.6,,BIGLOBE Arm Data,https://www7a.biglobe.ne.jp/~yosh/armdata.htm
1837,Fidelity Research,FR-66fx,null_point_outer_mm,120.904,,mm,"NULL RADIUS 2 4.76""",parsed,0.9,FR-60 series manual template page 9.,Fidelity Research FR-60 series operating instructions (manual mirror),https://www.hifisentralen.no/forumet/attachments/ve_fidelityfr60manual-pdf.768668/
124,Fidelity Research,FR-66fx,null_points,,63/115,,63/115,parsed,0.6,,BIGLOBE Arm Data,https://www7a.biglobe.ne.jp/~yosh/armdata.htm
1838,Fidelity Research,FR-66fx,null_points,,66.04 / 120.90 mm,,"2.6"" / 4.76""",parsed,0.9,FR-60 series manual template page 9.,Fidelity Research FR-60 series operating instructions (manual mirror),https://www.hifisentralen.no/forumet/attachments/ve_fidelityfr60manual-pdf.768668/
123,Fidelity Research,FR-66fx,offset_angle_deg,16.82,,deg,16.82,parsed,0.6,,BIGLOBE Arm Data,https://www7a.biglobe.ne.jp/~yosh/armdata.htm
122,Fidelity Research,FR-66fx,overhang_mm,12.0,,mm,12,parsed,0.6,,BIGLOBE Arm Data,https://www7a.biglobe.ne.jp/~yosh/armdata.htm
2573,Fidelity Research,FR-66fx,product_lineage,,FR-66fx belongs to the FR-66 long-arm family documented by official historical Fidelity Research specifications for FR-66 and FR-66S.,,FR-66 family official historical page,parsed,0.55,Conservative official family-lineage support for later FR-66fx variant.,Fidelity-Research FR-66/FR-66Sの仕様 フィデリティリサーチ,https://audio-heritage.jp/FIDELITYRESEARCH/etc/fr-66s.html
1704,Glanz,MH-1000S,arm_mount,,16mm shaft / 30mm hole / up to 20mm fixing depth,,16mm shaft / 30mm hole / up to 20mm fixing depth,parsed,0.9,,Glanz S Type official page,https://glanz.tech/e/collection/mh1200s1000s900s/
1703,Glanz,MH-1000S,cartridge_range_high_g,46.0,,g,Adaptable cartridge weight(incl headshell) 16–46g,parsed,0.95,,Glanz S Type official page,https://glanz.tech/e/collection/mh1200s1000s900s/
1702,Glanz,MH-1000S,cartridge_range_low_g,16.0,,g,Adaptable cartridge weight(incl headshell) 16–46g,parsed,0.95,,Glanz S Type official page,https://glanz.tech/e/collection/mh1200s1000s900s/
1698,Glanz,MH-1000S,effective_length_mm,254.0,,mm,Effective Length 254mm,parsed,0.95,,Glanz S Type official page,https://glanz.tech/e/collection/mh1200s1000s900s/
1699,Glanz,MH-1000S,mounting_distance_mm,239.0,,mm,Practical Length 239mm,parsed,0.95,,Glanz S Type official page,https://glanz.tech/e/collection/mh1200s1000s900s/
1772,Glanz,MH-1000S,null_alignment_type,,Other,,54.425 / 135.875 mm,derived,0.65,"Backfilled from derived null points using effective length, mounting distance/overhang, and offset angle; nearest-reference distance 18.927 mm.",Glanz S Type official page,https://glanz.tech/e/collection/mh1200s1000s900s/
1701,Glanz,MH-1000S,offset_angle_deg,22.0,,deg,Offset Angle 22°,parsed,0.95,,Glanz S Type official page,https://glanz.tech/e/collection/mh1200s1000s900s/
1700,Glanz,MH-1000S,overhang_mm,15.0,,mm,Overhung 15mm,parsed,0.95,,Glanz S Type official page,https://glanz.tech/e/collection/mh1200s1000s900s/
1732,Glanz,MH-104S,arm_mount,,16mm shaft / 30mm hole / up to 20mm fixing depth,,16mm shaft / 30mm hole / up to 20mm fixing depth,parsed,0.9,,Glanz legacy S official page,https://glanz.tech/e/collection/mh94s104s124s/
1731,Glanz,MH-104S,cartridge_range_high_g,45.0,,g,Adaptable cartridge weight(incl headshell) 16–45g,parsed,0.95,,Glanz legacy S official page,https://glanz.tech/e/collection/mh94s104s124s/
1730,Glanz,MH-104S,cartridge_range_low_g,16.0,,g,Adaptable cartridge weight(incl headshell) 16–45g,parsed,0.95,,Glanz legacy S official page,https://glanz.tech/e/collection/mh94s104s124s/
1726,Glanz,MH-104S,effective_length_mm,254.0,,mm,Effective Length 254mm,parsed,0.95,,Glanz legacy S official page,https://glanz.tech/e/collection/mh94s104s124s/
1727,Glanz,MH-104S,mounting_distance_mm,239.0,,mm,Practical Length 239mm,parsed,0.95,,Glanz legacy S official page,https://glanz.tech/e/collection/mh94s104s124s/
1776,Glanz,MH-104S,null_alignment_type,,Other,,54.425 / 135.875 mm,derived,0.65,"Backfilled from derived null points using effective length, mounting distance/overhang, and offset angle; nearest-reference distance 18.927 mm.",Glanz legacy S official page,https://glanz.tech/e/collection/mh94s104s124s/
1729,Glanz,MH-104S,offset_angle_deg,22.0,,deg,Offset Angle 22°,parsed,0.95,,Glanz legacy S official page,https://glanz.tech/e/collection/mh94s104s124s/
1728,Glanz,MH-104S,overhang_mm,15.0,,mm,Overhung 15mm,parsed,0.95,,Glanz legacy S official page,https://glanz.tech/e/collection/mh94s104s124s/
1753,Glanz,MH-10B,arm_mount,,16mm shaft / 24mm hole / up to 29mm fixing depth,,16mm shaft / 24mm hole / up to 29mm fixing depth,parsed,0.9,,Glanz B Type official page,https://glanz.tech/e/collection/mh-9b-10b/
1752,Glanz,MH-10B,cartridge_range_high_g,26.0,,g,Adaptable cartridge weight(incl headshell) 11–26g,parsed,0.95,,Glanz B Type official page,https://glanz.tech/e/collection/mh-9b-10b/
1751,Glanz,MH-10B,cartridge_range_low_g,11.0,,g,Adaptable cartridge weight(incl headshell) 11–26g,parsed,0.95,,Glanz B Type official page,https://glanz.tech/e/collection/mh-9b-10b/
1747,Glanz,MH-10B,effective_length_mm,254.0,,mm,Effective Length 254mm,parsed,0.95,,Glanz B Type official page,https://glanz.tech/e/collection/mh-9b-10b/
1748,Glanz,MH-10B,mounting_distance_mm,239.0,,mm,Practical Length 239mm,parsed,0.95,,Glanz B Type official page,https://glanz.tech/e/collection/mh-9b-10b/
1779,Glanz,MH-10B,null_alignment_type,,Other,,54.425 / 135.875 mm,derived,0.65,"Backfilled from derived null points using effective length, mounting distance/overhang, and offset angle; nearest-reference distance 18.927 mm.",Glanz B Type official page,https://glanz.tech/e/collection/mh-9b-10b/
1750,Glanz,MH-10B,offset_angle_deg,22.0,,deg,Offset Angle 22°,parsed,0.95,,Glanz B Type official page,https://glanz.tech/e/collection/mh-9b-10b/
1749,Glanz,MH-10B,overhang_mm,15.0,,mm,Overhung 15mm,parsed,0.95,,Glanz B Type official page,https://glanz.tech/e/collection/mh-9b-10b/
1767,Glanz,MH-10Bt,arm_mount,,16mm shaft / 24mm hole / up to 29mm fixing depth,,16mm shaft / 24mm hole / up to 29mm fixing depth,parsed,0.9,,Glanz Bt Type official page,https://glanz.tech/e/collection/mh-9bt-10bt/
1766,Glanz,MH-10Bt,cartridge_range_high_g,40.0,,g,Adaptable cartridge weight(incl headshell) 14–40g,parsed,0.95,,Glanz Bt Type official page,https://glanz.tech/e/collection/mh-9bt-10bt/
1765,Glanz,MH-10Bt,cartridge_range_low_g,14.0,,g,Adaptable cartridge weight(incl headshell) 14–40g,parsed,0.95,,Glanz Bt Type official page,https://glanz.tech/e/collection/mh-9bt-10bt/
1761,Glanz,MH-10Bt,effective_length_mm,254.0,,mm,Effective Length 254mm,parsed,0.95,,Glanz Bt Type official page,https://glanz.tech/e/collection/mh-9bt-10bt/
1762,Glanz,MH-10Bt,mounting_distance_mm,239.0,,mm,Practical Length 239mm,parsed,0.95,,Glanz Bt Type official page,https://glanz.tech/e/collection/mh-9bt-10bt/
1781,Glanz,MH-10Bt,null_alignment_type,,Other,,54.425 / 135.875 mm,derived,0.65,"Backfilled from derived null points using effective length, mounting distance/overhang, and offset angle; nearest-reference distance 18.927 mm.",Glanz Bt Type official page,https://glanz.tech/e/collection/mh-9bt-10bt/
1764,Glanz,MH-10Bt,offset_angle_deg,22.0,,deg,Offset Angle 22°,parsed,0.95,,Glanz Bt Type official page,https://glanz.tech/e/collection/mh-9bt-10bt/
1763,Glanz,MH-10Bt,overhang_mm,15.0,,mm,Overhung 15mm,parsed,0.95,,Glanz Bt Type official page,https://glanz.tech/e/collection/mh-9bt-10bt/
1711,Glanz,MH-1200S,arm_mount,,16mm shaft / 30mm hole / up to 20mm fixing depth,,16mm shaft / 30mm hole / up to 20mm fixing depth,parsed,0.9,,Glanz S Type official page,https://glanz.tech/e/collection/mh1200s1000s900s/
1710,Glanz,MH-1200S,cartridge_range_high_g,43.0,,g,Adaptable cartridge weight(incl headshell) 16–43g,parsed,0.95,,Glanz S Type official page,https://glanz.tech/e/collection/mh1200s1000s900s/
1709,Glanz,MH-1200S,cartridge_range_low_g,16.0,,g,Adaptable cartridge weight(incl headshell) 16–43g,parsed,0.95,,Glanz S Type official page,https://glanz.tech/e/collection/mh1200s1000s900s/
1705,Glanz,MH-1200S,effective_length_mm,305.0,,mm,Effective Length 305mm,parsed,0.95,,Glanz S Type official page,https://glanz.tech/e/collection/mh1200s1000s900s/
1706,Glanz,MH-1200S,mounting_distance_mm,290.0,,mm,Practical Length 290mm,parsed,0.95,,Glanz S Type official page,https://glanz.tech/e/collection/mh1200s1000s900s/
1773,Glanz,MH-1200S,null_alignment_type,,Other,,60.080 / 148.553 mm,derived,0.65,"Backfilled from derived null points using effective length, mounting distance/overhang, and offset angle; nearest-reference distance 28.279 mm.",Glanz S Type official page,https://glanz.tech/e/collection/mh1200s1000s900s/
1708,Glanz,MH-1200S,offset_angle_deg,20.0,,deg,Offset Angle 20°,parsed,0.95,,Glanz S Type official page,https://glanz.tech/e/collection/mh1200s1000s900s/
1707,Glanz,MH-1200S,overhang_mm,15.0,,mm,Overhung 15mm,parsed,0.95,,Glanz S Type official page,https://glanz.tech/e/collection/mh1200s1000s900s/
1739,Glanz,MH-124S,arm_mount,,16mm shaft / 30mm hole / up to 20mm fixing depth,,16mm shaft / 30mm hole / up to 20mm fixing depth,parsed,0.9,,Glanz legacy S official page,https://glanz.tech/e/collection/mh94s104s124s/
1738,Glanz,MH-124S,cartridge_range_high_g,38.0,,g,Adaptable cartridge weight(incl headshell) 14–38g,parsed,0.95,,Glanz legacy S official page,https://glanz.tech/e/collection/mh94s104s124s/
1737,Glanz,MH-124S,cartridge_range_low_g,14.0,,g,Adaptable cartridge weight(incl headshell) 14–38g,parsed,0.95,,Glanz legacy S official page,https://glanz.tech/e/collection/mh94s104s124s/
1733,Glanz,MH-124S,effective_length_mm,305.0,,mm,Effective Length 305mm,parsed,0.95,,Glanz legacy S official page,https://glanz.tech/e/collection/mh94s104s124s/
1734,Glanz,MH-124S,mounting_distance_mm,290.0,,mm,Practical Length 290mm,parsed,0.95,,Glanz legacy S official page,https://glanz.tech/e/collection/mh94s104s124s/
1777,Glanz,MH-124S,null_alignment_type,,Other,,60.080 / 148.553 mm,derived,0.65,"Backfilled from derived null points using effective length, mounting distance/overhang, and offset angle; nearest-reference distance 28.279 mm.",Glanz legacy S official page,https://glanz.tech/e/collection/mh94s104s124s/
1736,Glanz,MH-124S,offset_angle_deg,20.0,,deg,Offset Angle 20°,parsed,0.95,,Glanz legacy S official page,https://glanz.tech/e/collection/mh94s104s124s/
1735,Glanz,MH-124S,overhang_mm,15.0,,mm,Overhung 15mm,parsed,0.95,,Glanz legacy S official page,https://glanz.tech/e/collection/mh94s104s124s/
1718,Glanz,MH-12SUS (MH-124S Premium),arm_mount,,16mm shaft / 30mm hole / up to 20mm fixing depth,,16mm shaft / 30mm hole / up to 20mm fixing depth,parsed,0.9,,Glanz Premium official page,https://glanz.tech/e/collection/mh124sp/
1717,Glanz,MH-12SUS (MH-124S Premium),cartridge_range_high_g,36.0,,g,Adaptable cartridge weight(incl headshell) 12–36g,parsed,0.95,,Glanz Premium official page,https://glanz.tech/e/collection/mh124sp/
1716,Glanz,MH-12SUS (MH-124S Premium),cartridge_range_low_g,12.0,,g,Adaptable cartridge weight(incl headshell) 12–36g,parsed,0.95,,Glanz Premium official page,https://glanz.tech/e/collection/mh124sp/
1712,Glanz,MH-12SUS (MH-124S Premium),effective_length_mm,305.0,,mm,Effective Length 305mm,parsed,0.95,,Glanz Premium official page,https://glanz.tech/e/collection/mh124sp/
1713,Glanz,MH-12SUS (MH-124S Premium),mounting_distance_mm,290.0,,mm,Practical Length 290mm,parsed,0.95,,Glanz Premium official page,https://glanz.tech/e/collection/mh124sp/
1774,Glanz,MH-12SUS (MH-124S Premium),null_alignment_type,,Other,,60.080 / 148.553 mm,derived,0.65,"Backfilled from derived null points using effective length, mounting distance/overhang, and offset angle; nearest-reference distance 28.279 mm.",Glanz Premium official page,https://glanz.tech/e/collection/mh124sp/
1715,Glanz,MH-12SUS (MH-124S Premium),offset_angle_deg,20.0,,deg,Offset Angle 20°,parsed,0.95,,Glanz Premium official page,https://glanz.tech/e/collection/mh124sp/
1714,Glanz,MH-12SUS (MH-124S Premium),overhang_mm,15.0,,mm,Overhung 15mm,parsed,0.95,,Glanz Premium official page,https://glanz.tech/e/collection/mh124sp/
1697,Glanz,MH-900S,arm_mount,,16mm shaft / 30mm hole / up to 20mm fixing depth,,16mm shaft / 30mm hole / up to 20mm fixing depth,parsed,0.9,,Glanz S Type official page,https://glanz.tech/e/collection/mh1200s1000s900s/
1696,Glanz,MH-900S,cartridge_range_high_g,49.0,,g,Adaptable cartridge weight(incl headshell) 16–49g,parsed,0.95,,Glanz S Type official page,https://glanz.tech/e/collection/mh1200s1000s900s/
1695,Glanz,MH-900S,cartridge_range_low_g,16.0,,g,Adaptable cartridge weight(incl headshell) 16–49g,parsed,0.95,,Glanz S Type official page,https://glanz.tech/e/collection/mh1200s1000s900s/
1691,Glanz,MH-900S,effective_length_mm,229.0,,mm,Effective Length 229mm,parsed,0.95,,Glanz S Type official page,https://glanz.tech/e/collection/mh1200s1000s900s/
1692,Glanz,MH-900S,mounting_distance_mm,214.0,,mm,Practical Length 214mm,parsed,0.95,,Glanz S Type official page,https://glanz.tech/e/collection/mh1200s1000s900s/
1771,Glanz,MH-900S,null_alignment_type,,Other,,52.583 / 126.372 mm,derived,0.65,"Backfilled from derived null points using effective length, mounting distance/overhang, and offset angle; nearest-reference distance 11.836 mm.",Glanz S Type official page,https://glanz.tech/e/collection/mh1200s1000s900s/
1694,Glanz,MH-900S,offset_angle_deg,23.0,,deg,Offset Angle 23°,parsed,0.95,,Glanz S Type official page,https://glanz.tech/e/collection/mh1200s1000s900s/
1693,Glanz,MH-900S,overhang_mm,15.0,,mm,Overhung 15mm,parsed,0.95,,Glanz S Type official page,https://glanz.tech/e/collection/mh1200s1000s900s/
1725,Glanz,MH-94S,arm_mount,,16mm shaft / 30mm hole / up to 20mm fixing depth,,16mm shaft / 30mm hole / up to 20mm fixing depth,parsed,0.9,,Glanz legacy S official page,https://glanz.tech/e/collection/mh94s104s124s/
1724,Glanz,MH-94S,cartridge_range_high_g,36.0,,g,Adaptable cartridge weight(incl headshell) 15–36g,parsed,0.95,,Glanz legacy S official page,https://glanz.tech/e/collection/mh94s104s124s/
1723,Glanz,MH-94S,cartridge_range_low_g,15.0,,g,Adaptable cartridge weight(incl headshell) 15–36g,parsed,0.95,,Glanz legacy S official page,https://glanz.tech/e/collection/mh94s104s124s/
1719,Glanz,MH-94S,effective_length_mm,229.0,,mm,Effective Length 229mm,parsed,0.95,,Glanz legacy S official page,https://glanz.tech/e/collection/mh94s104s124s/
1720,Glanz,MH-94S,mounting_distance_mm,214.0,,mm,Practical Length 214mm,parsed,0.95,,Glanz legacy S official page,https://glanz.tech/e/collection/mh94s104s124s/
1775,Glanz,MH-94S,null_alignment_type,,Other,,52.583 / 126.372 mm,derived,0.65,"Backfilled from derived null points using effective length, mounting distance/overhang, and offset angle; nearest-reference distance 11.836 mm.",Glanz legacy S official page,https://glanz.tech/e/collection/mh94s104s124s/
1722,Glanz,MH-94S,offset_angle_deg,23.0,,deg,Offset Angle 23°,parsed,0.95,,Glanz legacy S official page,https://glanz.tech/e/collection/mh94s104s124s/
1721,Glanz,MH-94S,overhang_mm,15.0,,mm,Overhung 15mm,parsed,0.95,,Glanz legacy S official page,https://glanz.tech/e/collection/mh94s104s124s/
1746,Glanz,MH-9B,arm_mount,,16mm shaft / 24mm hole / up to 29mm fixing depth,,16mm shaft / 24mm hole / up to 29mm fixing depth,parsed,0.9,,Glanz B Type official page,https://glanz.tech/e/collection/mh-9b-10b/
1745,Glanz,MH-9B,cartridge_range_high_g,28.0,,g,Adaptable cartridge weight(incl headshell) 11–28g,parsed,0.95,,Glanz B Type official page,https://glanz.tech/e/collection/mh-9b-10b/
1744,Glanz,MH-9B,cartridge_range_low_g,11.0,,g,Adaptable cartridge weight(incl headshell) 11–28g,parsed,0.95,,Glanz B Type official page,https://glanz.tech/e/collection/mh-9b-10b/
1740,Glanz,MH-9B,effective_length_mm,229.0,,mm,Effective Length 229mm,parsed,0.95,,Glanz B Type official page,https://glanz.tech/e/collection/mh-9b-10b/
1741,Glanz,MH-9B,mounting_distance_mm,214.0,,mm,Practical Length 214mm,parsed,0.95,,Glanz B Type official page,https://glanz.tech/e/collection/mh-9b-10b/
1778,Glanz,MH-9B,null_alignment_type,,Other,,52.583 / 126.372 mm,derived,0.65,"Backfilled from derived null points using effective length, mounting distance/overhang, and offset angle; nearest-reference distance 11.836 mm.",Glanz B Type official page,https://glanz.tech/e/collection/mh-9b-10b/
1743,Glanz,MH-9B,offset_angle_deg,23.0,,deg,Offset Angle 23°,parsed,0.95,,Glanz B Type official page,https://glanz.tech/e/collection/mh-9b-10b/
1742,Glanz,MH-9B,overhang_mm,15.0,,mm,Overhung 15mm,parsed,0.95,,Glanz B Type official page,https://glanz.tech/e/collection/mh-9b-10b/
1760,Glanz,MH-9Bt,arm_mount,,16mm shaft / 24mm hole / up to 29mm fixing depth,,16mm shaft / 24mm hole / up to 29mm fixing depth,parsed,0.9,,Glanz Bt Type official page,https://glanz.tech/e/collection/mh-9bt-10bt/
1759,Glanz,MH-9Bt,cartridge_range_high_g,43.0,,g,Adaptable cartridge weight(incl headshell) 16–43g,parsed,0.95,,Glanz Bt Type official page,https://glanz.tech/e/collection/mh-9bt-10bt/
1758,Glanz,MH-9Bt,cartridge_range_low_g,16.0,,g,Adaptable cartridge weight(incl headshell) 16–43g,parsed,0.95,,Glanz Bt Type official page,https://glanz.tech/e/collection/mh-9bt-10bt/
1754,Glanz,MH-9Bt,effective_length_mm,229.0,,mm,Effective Length 229mm,parsed,0.95,,Glanz Bt Type official page,https://glanz.tech/e/collection/mh-9bt-10bt/
1755,Glanz,MH-9Bt,mounting_distance_mm,214.0,,mm,Practical Length 214mm,parsed,0.95,,Glanz Bt Type official page,https://glanz.tech/e/collection/mh-9bt-10bt/
1780,Glanz,MH-9Bt,null_alignment_type,,Other,,52.583 / 126.372 mm,derived,0.65,"Backfilled from derived null points using effective length, mounting distance/overhang, and offset angle; nearest-reference distance 11.836 mm.",Glanz Bt Type official page,https://glanz.tech/e/collection/mh-9bt-10bt/
1757,Glanz,MH-9Bt,offset_angle_deg,23.0,,deg,Offset Angle 23°,parsed,0.95,,Glanz Bt Type official page,https://glanz.tech/e/collection/mh-9bt-10bt/
1756,Glanz,MH-9Bt,overhang_mm,15.0,,mm,Overhung 15mm,parsed,0.95,,Glanz Bt Type official page,https://glanz.tech/e/collection/mh-9bt-10bt/
1227,Gold Note,B-5.2,arm_mount,,23 mm inserting plinth shaft,,23 mm,parsed,0.9,,Gold Note B-5.2 official product page,https://www.goldnote.it/turntables/b-5-1/
1222,Gold Note,B-5.2,effective_length_mm,242.0,,mm,242 mm,parsed,0.95,,Gold Note B-5.2 official product page,https://www.goldnote.it/turntables/b-5-1/
1226,Gold Note,B-5.2,effective_mass_g,10.0,,g,10 g,parsed,0.95,,Gold Note B-5.2 official product page,https://www.goldnote.it/turntables/b-5-1/
1223,Gold Note,B-5.2,mounting_distance_mm,223.0,,mm,Derived from 242 mm effective length and 19 mm overhang,derived,0.9,,Gold Note B-5.2 official product page,https://www.goldnote.it/turntables/b-5-1/
1653,Gold Note,B-5.2,null_alignment_type,,Other,,69.215 / 127.645 mm,derived,0.65,"Backfilled from derived null points using effective length, mounting distance/overhang, and offset angle; nearest-reference distance 7.472 mm.",Gold Note B-5.2 official product page,https://www.goldnote.it/turntables/b-5-1/
1225,Gold Note,B-5.2,offset_angle_deg,24.0,,deg,24 degrees,parsed,0.95,,Gold Note B-5.2 official product page,https://www.goldnote.it/turntables/b-5-1/
1224,Gold Note,B-5.2,overhang_mm,19.0,,mm,19 mm,parsed,0.95,,Gold Note B-5.2 official product page,https://www.goldnote.it/turntables/b-5-1/
1233,Gold Note,B-7 Ceramic,arm_mount,,23 mm inserting plinth shaft,,23 mm,parsed,0.9,,Gold Note B-7 Ceramic official product page,https://www.goldnote.it/turntables/b-7-ceramic/
1228,Gold Note,B-7 Ceramic,effective_length_mm,242.0,,mm,242 mm,parsed,0.95,,Gold Note B-7 Ceramic official product page,https://www.goldnote.it/turntables/b-7-ceramic/
1232,Gold Note,B-7 Ceramic,effective_mass_g,10.0,,g,10 g,parsed,0.95,,Gold Note B-7 Ceramic official product page,https://www.goldnote.it/turntables/b-7-ceramic/
1229,Gold Note,B-7 Ceramic,mounting_distance_mm,223.0,,mm,Derived from 242 mm effective length and 19 mm overhang,derived,0.9,,Gold Note B-7 Ceramic official product page,https://www.goldnote.it/turntables/b-7-ceramic/
1654,Gold Note,B-7 Ceramic,null_alignment_type,,Other,,69.215 / 127.645 mm,derived,0.65,"Backfilled from derived null points using effective length, mounting distance/overhang, and offset angle; nearest-reference distance 7.472 mm.",Gold Note B-7 Ceramic official product page,https://www.goldnote.it/turntables/b-7-ceramic/
1231,Gold Note,B-7 Ceramic,offset_angle_deg,24.0,,deg,24 degrees,parsed,0.95,,Gold Note B-7 Ceramic official product page,https://www.goldnote.it/turntables/b-7-ceramic/
1230,Gold Note,B-7 Ceramic,overhang_mm,19.0,,mm,19 mm,parsed,0.95,,Gold Note B-7 Ceramic official product page,https://www.goldnote.it/turntables/b-7-ceramic/
2760,Goldmund,T3F,null_alignment_type,,Unknown,,Unknown,derived,0.4,Defaulted because the current source set does not explicitly specify a null alignment family.,Goldmund Reference Anniversary Statement Turntable fitted with T3F Tonearm Manual,https://www.vinylengine.com/library/goldmund/reference-anniversary.shtml
2755,Goldmund,T3F,product_lineage,,Vinyl Engine mirrored original-library page identifies the Goldmund Reference Anniversary as fitted with the T3F tonearm.,,Reference Anniversary Statement Turntable fitted with T3F Tonearm,parsed,0.9,Mirrored library exact-model support.,Goldmund Reference Anniversary Statement Turntable fitted with T3F Tonearm Manual,https://www.vinylengine.com/library/goldmund/reference-anniversary.shtml
2756,Goldmund,T3F,product_lineage,,"Official Goldmund history states the 1982 Reference used T3 tonearm technology, establishing the lineage later represented by the T3F-fitted Reference Anniversary page.",,The legend started with the Goldmund Reference vinyl record turntable in 1982 which used the T3 Tonearm technology,parsed,0.86,Official lineage support for T3/T3F family.,Reference Turntable & Blu-ray / DVD player,https://goldmund.com/reference-turntable-dvdplayer/
2750,Goldmund,T5,arm_type,,linear tracking tonearm,,GOLDMUND T5 TONE ARM,parsed,0.9,Model category from mirrored manual.,Goldmund T-5 Owners manual,https://manualmachine.com/goldmund/t5/2335377-owners-manual/
2753,Goldmund,T5,azimuth_adjustment,,Yes,,Adjustable azimut,parsed,0.9,Mirrored manual adjustment note.,Goldmund T-5 Owners manual,https://manualmachine.com/goldmund/t5/2335377-owners-manual/
2751,Goldmund,T5,bearing_system,,false unipivot with carriage on 3 ball bearings rolling on a V-shape rail,,Pivot type called false unipivot without lateral movement; carriage mounted on 3 ball bearing rolling on a V-shape rail,parsed,0.9,Mirrored manual construction note.,Goldmund T-5 Owners manual,https://manualmachine.com/goldmund/t5/2335377-owners-manual/
2748,Goldmund,T5,effective_length_mm,200.0,,mm,Pivot to stylus length : 200 mm,parsed,0.95,Mirrored manual technical data.,Goldmund T-5 Owners manual,https://manualmachine.com/goldmund/t5/2335377-owners-manual/
2752,Goldmund,T5,internal_wiring,,Litz Wire,,Inner connections in Litz Wire,parsed,0.9,Mirrored manual construction note.,Goldmund T-5 Owners manual,https://manualmachine.com/goldmund/t5/2335377-owners-manual/
2759,Goldmund,T5,null_alignment_type,,Unknown,,Unknown,derived,0.4,Defaulted because the current source set does not explicitly specify a null alignment family.,Goldmund T-5 Owners manual,https://manualmachine.com/goldmund/t5/2335377-owners-manual/
2749,Goldmund,T5,overall_length_mm,245.0,,mm,Total tone arm length : 245 mm,parsed,0.95,Mirrored manual technical data.,Goldmund T-5 Owners manual,https://manualmachine.com/goldmund/t5/2335377-owners-manual/
2754,Goldmund,T5,vta_adjustment,,Yes,,Very precise micrometric VTA adjustment,parsed,0.9,Mirrored manual adjustment note.,Goldmund T-5 Owners manual,https://manualmachine.com/goldmund/t5/2335377-owners-manual/
127,Grace,G-540F/640P/704/707/714/727/945,effective_length_mm,237.0,,mm,237,parsed,0.6,,BIGLOBE Arm Data,https://www7a.biglobe.ne.jp/~yosh/armdata.htm
1471,Grace,G-540F/640P/704/707/714/727/945,null_alignment_type,,Other,,67.000 / 103.000 mm,derived,0.75,Backfilled from null-point pair proximity to reference alignments; nearest-reference distance 13.996 mm.,BIGLOBE Arm Data,https://www7a.biglobe.ne.jp/~yosh/armdata.htm
131,Grace,G-540F/640P/704/707/714/727/945,null_point_inner_mm,67.0,,mm,67/103,parsed,0.6,,BIGLOBE Arm Data,https://www7a.biglobe.ne.jp/~yosh/armdata.htm
132,Grace,G-540F/640P/704/707/714/727/945,null_point_outer_mm,103.0,,mm,67/103,parsed,0.6,,BIGLOBE Arm Data,https://www7a.biglobe.ne.jp/~yosh/armdata.htm
130,Grace,G-540F/640P/704/707/714/727/945,null_points,,67/103,,67/103,parsed,0.6,,BIGLOBE Arm Data,https://www7a.biglobe.ne.jp/~yosh/armdata.htm
129,Grace,G-540F/640P/704/707/714/727/945,offset_angle_deg,21.0,,deg,21,parsed,0.6,,BIGLOBE Arm Data,https://www7a.biglobe.ne.jp/~yosh/armdata.htm
128,Grace,G-540F/640P/704/707/714/727/945,overhang_mm,15.0,,mm,15,parsed,0.6,,BIGLOBE Arm Data,https://www7a.biglobe.ne.jp/~yosh/armdata.htm
2587,Grace,G-540F/640P/704/707/714/727/945,product_lineage,,"Grouped Grace row includes G-704, with mirrored original-manual support; the same manual page notes G-714 is the similar wood-framed variant.",,G-704 manual page; G-714 similar,parsed,0.75,Manual-mirror support for exact grouped members.,Grace G-704 Uni-Pivot Oil-Damped Glide-Balanced Tonearm Manual,https://www.vinylengine.com/library/grace/g-704.shtml
2588,Grace,G-540F/640P/704/707/714/727/945,product_lineage,,"Grouped Grace row includes G-707, documented by mirrored original-manual support as an ultra-light semi-integrated pickup arm.",,G-707 manual page,parsed,0.75,Manual-mirror support for exact grouped member.,Grace G-707 Quad Master Stereo Tonearm Manual,https://www.vinylengine.com/library/grace/g-707.shtml
2589,Grace,G-540F/640P/704/707/714/727/945,product_lineage,,"Grouped Grace row includes G-727, documented by mirrored original-manual support as a later lightweight straight-pipe design derived from the earlier G-707 model.",,G-727 manual page references earlier G-707,parsed,0.75,Manual-mirror support for exact grouped member and internal family linkage.,Grace G-727 Gyro Master Stereo Tonearm Manual,https://www.vinylengine.com/library/grace/g-727.shtml
2590,Grace,G-540F/640P/704/707/714/727/945,product_lineage,,"Official Luxman armboard fitment list groups Grace G-704 and G-714 together, and separately lists G-707 and G-945 as compatible arms in the same period ecosystem.",,"PD310 armboard list includes G-704, G-714, G-707, G-945",parsed,0.65,Official third-party historical support for grouped members.,LUXMAN PD310の仕様 ラックスマン,https://audio-heritage.jp/LUXMAN/player/pd310.html
133,Grace,G-565F/660P/860F/860FB/960,effective_length_mm,285.0,,mm,285,parsed,0.6,,BIGLOBE Arm Data,https://www7a.biglobe.ne.jp/~yosh/armdata.htm
1472,Grace,G-565F/660P/860F/860FB/960,null_alignment_type,,Other,,63.000 / 132.000 mm,derived,0.75,Backfilled from null-point pair proximity to reference alignments; nearest-reference distance 11.498 mm.,BIGLOBE Arm Data,https://www7a.biglobe.ne.jp/~yosh/armdata.htm
137,Grace,G-565F/660P/860F/860FB/960,null_point_inner_mm,63.0,,mm,63/132,parsed,0.6,,BIGLOBE Arm Data,https://www7a.biglobe.ne.jp/~yosh/armdata.htm
138,Grace,G-565F/660P/860F/860FB/960,null_point_outer_mm,132.0,,mm,63/132,parsed,0.6,,BIGLOBE Arm Data,https://www7a.biglobe.ne.jp/~yosh/armdata.htm
136,Grace,G-565F/660P/860F/860FB/960,null_points,,63/132,,63/132,parsed,0.6,,BIGLOBE Arm Data,https://www7a.biglobe.ne.jp/~yosh/armdata.htm
135,Grace,G-565F/660P/860F/860FB/960,offset_angle_deg,20.0,,deg,20,parsed,0.6,,BIGLOBE Arm Data,https://www7a.biglobe.ne.jp/~yosh/armdata.htm
134,Grace,G-565F/660P/860F/860FB/960,overhang_mm,15.0,,mm,15,parsed,0.6,,BIGLOBE Arm Data,https://www7a.biglobe.ne.jp/~yosh/armdata.htm
2591,Grace,G-565F/660P/860F/860FB/960,product_lineage,,"Grouped Grace row includes G-960, documented by mirrored original-manual support as a Japanese-made uni-pivot oil-damped tonearm.",,G-960 manual page,parsed,0.75,Manual-mirror support for exact grouped member.,Grace G-960 Japanese Made Uni-Pivot Oil-Damped Tonearm Manual,https://www.vinylengine.com/library/grace/g-960.shtml
2592,Grace,G-565F/660P/860F/860FB/960,product_lineage,,"Official Micro Seiki armboard fitment list groups Grace G-565F, G-860F, and G-960 together as compatible long-arm options for the DD-100 platform.",,"DD-100 armboard list includes G-565F, G-860F, G-960",parsed,0.65,Official third-party historical support for grouped members.,MICRO DD-100の仕様 マイクロ精機,https://audio-heritage.jp/MICRO/player/dd-100.html
2593,Grace,G-565F/660P/860F/860FB/960,product_lineage,,"Official Micro Seiki mount list also groups Grace G-565F, G-860F, and G-960 together for DDL-150 mount compatibility, supporting the same long-arm family cluster.",,"DDL-150 mount list includes G-565F, G-860F, G-960",parsed,0.65,Official third-party historical support for grouped members.,MICRO DDL-150の仕様 マイクロ精機,https://audio-heritage.jp/MICRO/player/ddl-150.html
463,Graham,"Model 1.5t (US Patent 4686664: ""for purposes of explanation only, one arm has the following dimensions: effective length 235 mm, offset angle of 23.5 degree and overhang of 17.638 mm."" ) Baerwald ""1"" or Loefgren ""2"" overhang can be selectable.",effective_length_mm,235.0,,mm,235=Baerwald,parsed,0.6,,BIGLOBE Arm Data,https://www7a.biglobe.ne.jp/~yosh/armdata.htm
1527,Graham,"Model 1.5t (US Patent 4686664: ""for purposes of explanation only, one arm has the following dimensions: effective length 235 mm, offset angle of 23.5 degree and overhang of 17.638 mm."" ) Baerwald ""1"" or Loefgren ""2"" overhang can be selectable.",null_alignment_type,,Other,,"Model 1.5t (US Patent 4686664: ""for purposes of explanation only, one arm has the following dimensions: effective length 235 mm, offset angle of 23.5 degree and overhang of 17.638 mm."" ) Baerwald ""1"" or Loefgren ""2"" overhang can be selectable.",derived,0.9,Backfilled from explicit alignment-language evidence in model metadata or source text.,BIGLOBE Arm Data,https://www7a.biglobe.ne.jp/~yosh/armdata.htm
467,Graham,"Model 1.5t (US Patent 4686664: ""for purposes of explanation only, one arm has the following dimensions: effective length 235 mm, offset angle of 23.5 degree and overhang of 17.638 mm."" ) Baerwald ""1"" or Loefgren ""2"" overhang can be selectable.",null_point_inner_mm,66.0,,mm,66/121 (65/122),parsed,0.6,,BIGLOBE Arm Data,https://www7a.biglobe.ne.jp/~yosh/armdata.htm
468,Graham,"Model 1.5t (US Patent 4686664: ""for purposes of explanation only, one arm has the following dimensions: effective length 235 mm, offset angle of 23.5 degree and overhang of 17.638 mm."" ) Baerwald ""1"" or Loefgren ""2"" overhang can be selectable.",null_point_outer_mm,121.0,,mm,66/121 (65/122),parsed,0.6,,BIGLOBE Arm Data,https://www7a.biglobe.ne.jp/~yosh/armdata.htm
466,Graham,"Model 1.5t (US Patent 4686664: ""for purposes of explanation only, one arm has the following dimensions: effective length 235 mm, offset angle of 23.5 degree and overhang of 17.638 mm."" ) Baerwald ""1"" or Loefgren ""2"" overhang can be selectable.",null_points,,66/121 (65/122),,66/121 (65/122),parsed,0.6,,BIGLOBE Arm Data,https://www7a.biglobe.ne.jp/~yosh/armdata.htm
465,Graham,"Model 1.5t (US Patent 4686664: ""for purposes of explanation only, one arm has the following dimensions: effective length 235 mm, offset angle of 23.5 degree and overhang of 17.638 mm."" ) Baerwald ""1"" or Loefgren ""2"" overhang can be selectable.",offset_angle_deg,23.4,,deg,23.4 (23.5),parsed,0.6,,BIGLOBE Arm Data,https://www7a.biglobe.ne.jp/~yosh/armdata.htm
464,Graham,"Model 1.5t (US Patent 4686664: ""for purposes of explanation only, one arm has the following dimensions: effective length 235 mm, offset angle of 23.5 degree and overhang of 17.638 mm."" ) Baerwald ""1"" or Loefgren ""2"" overhang can be selectable.",overhang_mm,17.6,,mm,17.6 (17.638),parsed,0.6,,BIGLOBE Arm Data,https://www7a.biglobe.ne.jp/~yosh/armdata.htm
2664,Graham,"Model 1.5t (US Patent 4686664: ""for purposes of explanation only, one arm has the following dimensions: effective length 235 mm, offset angle of 23.5 degree and overhang of 17.638 mm."" ) Baerwald ""1"" or Loefgren ""2"" overhang can be selectable.",product_lineage,,"The Vinyl Engine Graham library page lists the Graham 1.5 as part of the Graham tonearm archive, providing mirrored manual-library support for the historical 1.5t family row.",,Graham library lists 1.5 tonearm,parsed,0.65,Manual-library support for historical model family.,Graham Manuals | Vinyl Engine,https://www.vinylengine.com/library/graham.shtml
822,Graham,Phantom Elite 10-inch,arm_mount,,SME standard,,SME standard,parsed,0.95,,Graham Phantom Elite brochure,https://www.audiotuning.com/wp-content/uploads/2023/07/GRAHAM-Phantom-Elite-EN.pdf
824,Graham,Phantom Elite 10-inch,cartridge_range_high_g,18.0,,g,5-18 g,parsed,0.95,,Graham Phantom Elite brochure,https://www.audiotuning.com/wp-content/uploads/2023/07/GRAHAM-Phantom-Elite-EN.pdf
823,Graham,Phantom Elite 10-inch,cartridge_range_low_g,5.0,,g,5-18 g,parsed,0.95,,Graham Phantom Elite brochure,https://www.audiotuning.com/wp-content/uploads/2023/07/GRAHAM-Phantom-Elite-EN.pdf
819,Graham,Phantom Elite 10-inch,effective_length_mm,246.8,,mm,246.8 mm (10 inch),parsed,0.95,,Graham Phantom Elite brochure,https://www.audiotuning.com/wp-content/uploads/2023/07/GRAHAM-Phantom-Elite-EN.pdf
820,Graham,Phantom Elite 10-inch,mounting_distance_mm,230.1,,mm,230.1 mm spindle to pivot,parsed,0.95,,Graham Phantom Elite brochure,https://www.audiotuning.com/wp-content/uploads/2023/07/GRAHAM-Phantom-Elite-EN.pdf
1585,Graham,Phantom Elite 10-inch,null_alignment_type,,Unknown,,Unknown,derived,0.4,Defaulted because the current source set does not explicitly specify a null alignment family.,Graham Phantom Elite brochure,https://www.audiotuning.com/wp-content/uploads/2023/07/GRAHAM-Phantom-Elite-EN.pdf
821,Graham,Phantom Elite 10-inch,overhang_mm,16.7,,mm,16.7 mm,parsed,0.95,,Graham Phantom Elite brochure,https://www.audiotuning.com/wp-content/uploads/2023/07/GRAHAM-Phantom-Elite-EN.pdf
828,Graham,Phantom Elite 12-inch,arm_mount,,SME standard,,SME standard,parsed,0.95,,Graham Phantom Elite brochure,https://www.audiotuning.com/wp-content/uploads/2023/07/GRAHAM-Phantom-Elite-EN.pdf
830,Graham,Phantom Elite 12-inch,cartridge_range_high_g,18.0,,g,5-18 g,parsed,0.95,,Graham Phantom Elite brochure,https://www.audiotuning.com/wp-content/uploads/2023/07/GRAHAM-Phantom-Elite-EN.pdf
829,Graham,Phantom Elite 12-inch,cartridge_range_low_g,5.0,,g,5-18 g,parsed,0.95,,Graham Phantom Elite brochure,https://www.audiotuning.com/wp-content/uploads/2023/07/GRAHAM-Phantom-Elite-EN.pdf
825,Graham,Phantom Elite 12-inch,effective_length_mm,308.8,,mm,308.8 mm (12 inch),parsed,0.95,,Graham Phantom Elite brochure,https://www.audiotuning.com/wp-content/uploads/2023/07/GRAHAM-Phantom-Elite-EN.pdf
826,Graham,Phantom Elite 12-inch,mounting_distance_mm,295.6,,mm,295.6 mm spindle to pivot,parsed,0.95,,Graham Phantom Elite brochure,https://www.audiotuning.com/wp-content/uploads/2023/07/GRAHAM-Phantom-Elite-EN.pdf
1586,Graham,Phantom Elite 12-inch,null_alignment_type,,Unknown,,Unknown,derived,0.4,Defaulted because the current source set does not explicitly specify a null alignment family.,Graham Phantom Elite brochure,https://www.audiotuning.com/wp-content/uploads/2023/07/GRAHAM-Phantom-Elite-EN.pdf
827,Graham,Phantom Elite 12-inch,overhang_mm,13.2,,mm,13.2 mm,parsed,0.95,,Graham Phantom Elite brochure,https://www.audiotuning.com/wp-content/uploads/2023/07/GRAHAM-Phantom-Elite-EN.pdf
816,Graham,Phantom Elite 9-inch,arm_mount,,SME standard,,SME standard,parsed,0.95,,Graham Phantom Elite brochure,https://www.audiotuning.com/wp-content/uploads/2023/07/GRAHAM-Phantom-Elite-EN.pdf
818,Graham,Phantom Elite 9-inch,cartridge_range_high_g,18.0,,g,5-18 g,parsed,0.95,,Graham Phantom Elite brochure,https://www.audiotuning.com/wp-content/uploads/2023/07/GRAHAM-Phantom-Elite-EN.pdf
817,Graham,Phantom Elite 9-inch,cartridge_range_low_g,5.0,,g,5-18 g,parsed,0.95,,Graham Phantom Elite brochure,https://www.audiotuning.com/wp-content/uploads/2023/07/GRAHAM-Phantom-Elite-EN.pdf
813,Graham,Phantom Elite 9-inch,effective_length_mm,235.0,,mm,235 mm (9 inch),parsed,0.95,,Graham Phantom Elite brochure,https://www.audiotuning.com/wp-content/uploads/2023/07/GRAHAM-Phantom-Elite-EN.pdf
814,Graham,Phantom Elite 9-inch,mounting_distance_mm,217.4,,mm,217.4 mm spindle to pivot,parsed,0.95,,Graham Phantom Elite brochure,https://www.audiotuning.com/wp-content/uploads/2023/07/GRAHAM-Phantom-Elite-EN.pdf
1584,Graham,Phantom Elite 9-inch,null_alignment_type,,Unknown,,Unknown,derived,0.4,Defaulted because the current source set does not explicitly specify a null alignment family.,Graham Phantom Elite brochure,https://www.audiotuning.com/wp-content/uploads/2023/07/GRAHAM-Phantom-Elite-EN.pdf
815,Graham,Phantom Elite 9-inch,overhang_mm,17.6,,mm,17.6 mm,parsed,0.95,,Graham Phantom Elite brochure,https://www.audiotuning.com/wp-content/uploads/2023/07/GRAHAM-Phantom-Elite-EN.pdf
804,Graham,Phantom III 10-inch,arm_mount,,SME standard,,SME standard,parsed,0.85,,Graham Phantom III official page,https://graham-engineering.com/products/tonearms/phantom-iii/
806,Graham,Phantom III 10-inch,cartridge_range_high_g,18.0,,g,5-18 g,parsed,0.8,,Graham Phantom III official page,https://graham-engineering.com/products/tonearms/phantom-iii/
805,Graham,Phantom III 10-inch,cartridge_range_low_g,5.0,,g,5-18 g,parsed,0.8,,Graham Phantom III official page,https://graham-engineering.com/products/tonearms/phantom-iii/
801,Graham,Phantom III 10-inch,effective_length_mm,246.8,,mm,246.8 mm (10 inch),parsed,0.85,,Graham Phantom III official page,https://graham-engineering.com/products/tonearms/phantom-iii/
802,Graham,Phantom III 10-inch,mounting_distance_mm,230.1,,mm,230.1 mm spindle to pivot,parsed,0.85,,Graham Phantom III official page,https://graham-engineering.com/products/tonearms/phantom-iii/
1582,Graham,Phantom III 10-inch,null_alignment_type,,Unknown,,Unknown,derived,0.4,Defaulted because the current source set does not explicitly specify a null alignment family.,Graham Phantom III official page,https://graham-engineering.com/products/tonearms/phantom-iii/
803,Graham,Phantom III 10-inch,overhang_mm,16.7,,mm,16.7 mm,parsed,0.85,,Graham Phantom III official page,https://graham-engineering.com/products/tonearms/phantom-iii/
810,Graham,Phantom III 12-inch,arm_mount,,SME standard,,SME standard,parsed,0.85,,Graham Phantom III official page,https://graham-engineering.com/products/tonearms/phantom-iii/
812,Graham,Phantom III 12-inch,cartridge_range_high_g,18.0,,g,5-18 g,parsed,0.8,,Graham Phantom III official page,https://graham-engineering.com/products/tonearms/phantom-iii/
811,Graham,Phantom III 12-inch,cartridge_range_low_g,5.0,,g,5-18 g,parsed,0.8,,Graham Phantom III official page,https://graham-engineering.com/products/tonearms/phantom-iii/
807,Graham,Phantom III 12-inch,effective_length_mm,308.8,,mm,308.8 mm (12 inch),parsed,0.85,,Graham Phantom III official page,https://graham-engineering.com/products/tonearms/phantom-iii/
808,Graham,Phantom III 12-inch,mounting_distance_mm,295.6,,mm,295.6 mm spindle to pivot,parsed,0.85,,Graham Phantom III official page,https://graham-engineering.com/products/tonearms/phantom-iii/
1583,Graham,Phantom III 12-inch,null_alignment_type,,Unknown,,Unknown,derived,0.4,Defaulted because the current source set does not explicitly specify a null alignment family.,Graham Phantom III official page,https://graham-engineering.com/products/tonearms/phantom-iii/
809,Graham,Phantom III 12-inch,overhang_mm,13.2,,mm,13.2 mm,parsed,0.85,,Graham Phantom III official page,https://graham-engineering.com/products/tonearms/phantom-iii/
798,Graham,Phantom III 9-inch,arm_mount,,SME standard,,SME standard,parsed,0.85,,Graham Phantom III official page,https://graham-engineering.com/products/tonearms/phantom-iii/
800,Graham,Phantom III 9-inch,cartridge_range_high_g,18.0,,g,5-18 g,parsed,0.8,,Graham Phantom III official page,https://graham-engineering.com/products/tonearms/phantom-iii/
799,Graham,Phantom III 9-inch,cartridge_range_low_g,5.0,,g,5-18 g,parsed,0.8,,Graham Phantom III official page,https://graham-engineering.com/products/tonearms/phantom-iii/
795,Graham,Phantom III 9-inch,effective_length_mm,235.0,,mm,235 mm (9 inch),parsed,0.85,,Graham Phantom III official page,https://graham-engineering.com/products/tonearms/phantom-iii/
796,Graham,Phantom III 9-inch,mounting_distance_mm,217.4,,mm,217.4 mm spindle to pivot,parsed,0.85,,Graham Phantom III official page,https://graham-engineering.com/products/tonearms/phantom-iii/
1581,Graham,Phantom III 9-inch,null_alignment_type,,Unknown,,Unknown,derived,0.4,Defaulted because the current source set does not explicitly specify a null alignment family.,Graham Phantom III official page,https://graham-engineering.com/products/tonearms/phantom-iii/
797,Graham,Phantom III 9-inch,overhang_mm,17.6,,mm,17.6 mm,parsed,0.85,,Graham Phantom III official page,https://graham-engineering.com/products/tonearms/phantom-iii/
1146,Graham,Phantom III SE 10-inch,arm_mount,,SME standard,,SME standard,parsed,0.95,,Phantom III SE official page,https://graham-engineering.com/products/tonearms/phantom-iii-se/
1142,Graham,Phantom III SE 10-inch,effective_length_mm,246.8,,mm,246.8 mm,parsed,0.95,,Phantom III SE official page,https://graham-engineering.com/products/tonearms/phantom-iii-se/
1145,Graham,Phantom III SE 10-inch,effective_mass_g,12.0,,g,12 g,parsed,0.95,,Phantom III SE official page,https://graham-engineering.com/products/tonearms/phantom-iii-se/
1143,Graham,Phantom III SE 10-inch,mounting_distance_mm,230.1,,mm,230.1 mm,parsed,0.95,,Phantom III SE official page,https://graham-engineering.com/products/tonearms/phantom-iii-se/
1639,Graham,Phantom III SE 10-inch,null_alignment_type,,Unknown,,Unknown,derived,0.4,Defaulted because the current source set does not explicitly specify a null alignment family.,Phantom III SE official page,https://graham-engineering.com/products/tonearms/phantom-iii-se/
1144,Graham,Phantom III SE 10-inch,overhang_mm,16.7,,mm,16.7 mm,parsed,0.95,,Phantom III SE official page,https://graham-engineering.com/products/tonearms/phantom-iii-se/
1151,Graham,Phantom III SE 12-inch,arm_mount,,SME standard,,SME standard,parsed,0.95,,Phantom III SE official page,https://graham-engineering.com/products/tonearms/phantom-iii-se/
1147,Graham,Phantom III SE 12-inch,effective_length_mm,308.8,,mm,308.8 mm,parsed,0.95,,Phantom III SE official page,https://graham-engineering.com/products/tonearms/phantom-iii-se/
1150,Graham,Phantom III SE 12-inch,effective_mass_g,14.0,,g,14 g,parsed,0.95,,Phantom III SE official page,https://graham-engineering.com/products/tonearms/phantom-iii-se/
1148,Graham,Phantom III SE 12-inch,mounting_distance_mm,295.6,,mm,295.6 mm,parsed,0.95,,Phantom III SE official page,https://graham-engineering.com/products/tonearms/phantom-iii-se/
1640,Graham,Phantom III SE 12-inch,null_alignment_type,,Unknown,,Unknown,derived,0.4,Defaulted because the current source set does not explicitly specify a null alignment family.,Phantom III SE official page,https://graham-engineering.com/products/tonearms/phantom-iii-se/
1149,Graham,Phantom III SE 12-inch,overhang_mm,13.2,,mm,13.2 mm,parsed,0.95,,Phantom III SE official page,https://graham-engineering.com/products/tonearms/phantom-iii-se/
1141,Graham,Phantom III SE 9-inch,arm_mount,,SME standard,,SME standard,parsed,0.95,,Phantom III SE official page,https://graham-engineering.com/products/tonearms/phantom-iii-se/
1137,Graham,Phantom III SE 9-inch,effective_length_mm,235.0,,mm,235 mm,parsed,0.95,,Phantom III SE official page,https://graham-engineering.com/products/tonearms/phantom-iii-se/
1140,Graham,Phantom III SE 9-inch,effective_mass_g,11.5,,g,11.5 g,parsed,0.95,,Phantom III SE official page,https://graham-engineering.com/products/tonearms/phantom-iii-se/
1138,Graham,Phantom III SE 9-inch,mounting_distance_mm,217.4,,mm,217.4 mm,parsed,0.95,,Phantom III SE official page,https://graham-engineering.com/products/tonearms/phantom-iii-se/
1638,Graham,Phantom III SE 9-inch,null_alignment_type,,Unknown,,Unknown,derived,0.4,Defaulted because the current source set does not explicitly specify a null alignment family.,Phantom III SE official page,https://graham-engineering.com/products/tonearms/phantom-iii-se/
1139,Graham,Phantom III SE 9-inch,overhang_mm,17.6,,mm,17.6 mm,parsed,0.95,,Phantom III SE official page,https://graham-engineering.com/products/tonearms/phantom-iii-se/
139,Guya,STO-140 (Arm distance:237mm),effective_length_mm,251.0,,mm,251,parsed,0.6,,BIGLOBE Arm Data,https://www7a.biglobe.ne.jp/~yosh/armdata.htm
1473,Guya,STO-140 (Arm distance:237mm),null_alignment_type,,Other,,63.000 / 109.000 mm,derived,0.75,Backfilled from null-point pair proximity to reference alignments; nearest-reference distance 8.835 mm.,BIGLOBE Arm Data,https://www7a.biglobe.ne.jp/~yosh/armdata.htm
143,Guya,STO-140 (Arm distance:237mm),null_point_inner_mm,63.0,,mm,63/109,parsed,0.6,,BIGLOBE Arm Data,https://www7a.biglobe.ne.jp/~yosh/armdata.htm
144,Guya,STO-140 (Arm distance:237mm),null_point_outer_mm,109.0,,mm,63/109,parsed,0.6,,BIGLOBE Arm Data,https://www7a.biglobe.ne.jp/~yosh/armdata.htm
142,Guya,STO-140 (Arm distance:237mm),null_points,,63/109,,63/109,parsed,0.6,,BIGLOBE Arm Data,https://www7a.biglobe.ne.jp/~yosh/armdata.htm
141,Guya,STO-140 (Arm distance:237mm),offset_angle_deg,20.0,,deg,20 as per leaflet,parsed,0.6,,BIGLOBE Arm Data,https://www7a.biglobe.ne.jp/~yosh/armdata.htm
140,Guya,STO-140 (Arm distance:237mm),overhang_mm,14.0,,mm,14,parsed,0.6,,BIGLOBE Arm Data,https://www7a.biglobe.ne.jp/~yosh/armdata.htm
2676,Guya,STO-140 (Arm distance:237mm),product_lineage,,"Official historical Tokyo Sound specifications document the company's 14-inch oil-damped tonearm lineage, providing manufacturer-family support for the closely related Guya STO-140 row.",,Tokyo Sound ST-14/ST-14S historical specifications,parsed,0.6,Official manufacturer-family support for Guya STO-140 row.,TOKYO SOUND ST-14/ST-14Sの仕様 東京サウンド,https://audio-heritage.jp/TOKYOSOUND/etc/st-14.html
2677,Guya,STO-140 (Arm distance:237mm),product_lineage,,Dealer documentation explicitly identifies the Guya STO-140 as an oil-damped tonearm with 251 mm effective length.,,Guya STO-140 dealer listing,parsed,0.6,Supplemental exact-model support.,GUYA STO-140 Oil Damped Tonearm Arm Tonearm,https://samuraiaudio.com/products/guya-sto-140-oil-damped-tonearm-arm
469,Hadcock,GH228,effective_length_mm,228.6,,mm,228.6,parsed,0.6,,BIGLOBE Arm Data,https://www7a.biglobe.ne.jp/~yosh/armdata.htm
1528,Hadcock,GH228,null_alignment_type,,Other,,57.000 / 121.000 mm,derived,0.75,Backfilled from null-point pair proximity to reference alignments; nearest-reference distance 4.886 mm.,BIGLOBE Arm Data,https://www7a.biglobe.ne.jp/~yosh/armdata.htm
473,Hadcock,GH228,null_point_inner_mm,57.0,,mm,57/121,parsed,0.6,,BIGLOBE Arm Data,https://www7a.biglobe.ne.jp/~yosh/armdata.htm
474,Hadcock,GH228,null_point_outer_mm,121.0,,mm,57/121,parsed,0.6,,BIGLOBE Arm Data,https://www7a.biglobe.ne.jp/~yosh/armdata.htm
472,Hadcock,GH228,null_points,,57/121,,57/121,parsed,0.6,,BIGLOBE Arm Data,https://www7a.biglobe.ne.jp/~yosh/armdata.htm
471,Hadcock,GH228,offset_angle_deg,23.0,,deg,23,parsed,0.6,,BIGLOBE Arm Data,https://www7a.biglobe.ne.jp/~yosh/armdata.htm
470,Hadcock,GH228,overhang_mm,15.75,,mm,15.75,parsed,0.6,,BIGLOBE Arm Data,https://www7a.biglobe.ne.jp/~yosh/armdata.htm
2639,Hadcock,GH228,product_lineage,,Hadcock GH228 is documented by mirrored original-manual support as a lightweight 9-inch unipivot design with offset counterweight for lateral balance adjustment.,,GH228 manual page,parsed,0.8,Manual-mirror support for exact model.,Hadcock GH 228 British Made Uni-Pivot Tonearm Manual,https://www.vinylengine.com/library/hadcock/gh-228.shtml
475,Hadcock,GH242 Special Edition,effective_length_mm,243.8,,mm,243.8,parsed,0.6,,BIGLOBE Arm Data,https://www7a.biglobe.ne.jp/~yosh/armdata.htm
1529,Hadcock,GH242 Special Edition,null_alignment_type,,Other,,69.000 / 122.000 mm,derived,0.75,Backfilled from null-point pair proximity to reference alignments; nearest-reference distance 3.195 mm.,BIGLOBE Arm Data,https://www7a.biglobe.ne.jp/~yosh/armdata.htm
479,Hadcock,GH242 Special Edition,null_point_inner_mm,69.0,,mm,69/122,parsed,0.6,,BIGLOBE Arm Data,https://www7a.biglobe.ne.jp/~yosh/armdata.htm
480,Hadcock,GH242 Special Edition,null_point_outer_mm,122.0,,mm,69/122,parsed,0.6,,BIGLOBE Arm Data,https://www7a.biglobe.ne.jp/~yosh/armdata.htm
478,Hadcock,GH242 Special Edition,null_points,,69/122,,69/122,parsed,0.6,,BIGLOBE Arm Data,https://www7a.biglobe.ne.jp/~yosh/armdata.htm
477,Hadcock,GH242 Special Edition,offset_angle_deg,23.0,,deg,23,parsed,0.6,,BIGLOBE Arm Data,https://www7a.biglobe.ne.jp/~yosh/armdata.htm
476,Hadcock,GH242 Special Edition,overhang_mm,17.8,,mm,17.8,parsed,0.6,,BIGLOBE Arm Data,https://www7a.biglobe.ne.jp/~yosh/armdata.htm
2640,Hadcock,GH242 Special Edition,product_lineage,,Hadcock GH242 Special Edition belongs to the Hadcock unipivot family documented by mirrored original-manual support for the GH228 core design.,,GH228 manual page used as family support,parsed,0.65,Conservative official family-lineage support for exact model.,Hadcock GH 228 British Made Uni-Pivot Tonearm Manual,https://www.vinylengine.com/library/hadcock/gh-228.shtml
2641,Hadcock,GH242 Special Edition,product_lineage,,Dealer documentation confirms GH242 as the longer-arm companion to the GH228 within the current Hadcock range.,,GH242 dealer page,parsed,0.6,Supplemental exact-model support.,Hadcock GH242 tonearm from Hifi Gear,https://www.hifigear.co.uk/hadcock-gh242-tonearm.html
487,Helius,Aureus & Scorpio,effective_length_mm,228.6,,mm,228.6,parsed,0.6,,BIGLOBE Arm Data,https://www7a.biglobe.ne.jp/~yosh/armdata.htm
1531,Helius,Aureus & Scorpio,null_alignment_type,,Baewald,,66.000 / 120.000 mm,derived,0.85,Backfilled from null-point pair proximity to reference alignments; nearest-reference distance 0.900 mm.,BIGLOBE Arm Data,https://www7a.biglobe.ne.jp/~yosh/armdata.htm
491,Helius,Aureus & Scorpio,null_point_inner_mm,66.0,,mm,66/120?,parsed,0.6,,BIGLOBE Arm Data,https://www7a.biglobe.ne.jp/~yosh/armdata.htm
492,Helius,Aureus & Scorpio,null_point_outer_mm,120.0,,mm,66/120?,parsed,0.6,,BIGLOBE Arm Data,https://www7a.biglobe.ne.jp/~yosh/armdata.htm
490,Helius,Aureus & Scorpio,null_points,,66/120?,,66/120?,parsed,0.6,,BIGLOBE Arm Data,https://www7a.biglobe.ne.jp/~yosh/armdata.htm
489,Helius,Aureus & Scorpio,offset_angle_deg,24.0,,deg,24,parsed,0.6,,BIGLOBE Arm Data,https://www7a.biglobe.ne.jp/~yosh/armdata.htm
488,Helius,Aureus & Scorpio,overhang_mm,18.0,,mm,18,parsed,0.6,,BIGLOBE Arm Data,https://www7a.biglobe.ne.jp/~yosh/armdata.htm
2630,Helius,Aureus & Scorpio,product_lineage,,"Mirrored Helius library documentation lists Aureus and Scorpio in the Helius tonearm range, supporting grouped family lineage for the Aureus & Scorpio row.",,Helius library page lists Aureus and Scorpio,parsed,0.65,Manual-mirror lineup support for grouped family row.,Helius Omega Stereo Tonearm Manual,https://www.vinylengine.com/library/helius/omega.shtml
481,Helius,Orion,effective_length_mm,252.0,,mm,252?,parsed,0.6,,BIGLOBE Arm Data,https://www7a.biglobe.ne.jp/~yosh/armdata.htm
1530,Helius,Orion,null_alignment_type,,Other,,65.000 / 119.000 mm,derived,0.75,Backfilled from null-point pair proximity to reference alignments; nearest-reference distance 2.147 mm.,BIGLOBE Arm Data,https://www7a.biglobe.ne.jp/~yosh/armdata.htm
485,Helius,Orion,null_point_inner_mm,65.0,,mm,65/119?,parsed,0.6,,BIGLOBE Arm Data,https://www7a.biglobe.ne.jp/~yosh/armdata.htm
486,Helius,Orion,null_point_outer_mm,119.0,,mm,65/119?,parsed,0.6,,BIGLOBE Arm Data,https://www7a.biglobe.ne.jp/~yosh/armdata.htm
484,Helius,Orion,null_points,,65/119?,,65/119?,parsed,0.6,,BIGLOBE Arm Data,https://www7a.biglobe.ne.jp/~yosh/armdata.htm
483,Helius,Orion,offset_angle_deg,21.5,,deg,21.5?,parsed,0.6,,BIGLOBE Arm Data,https://www7a.biglobe.ne.jp/~yosh/armdata.htm
482,Helius,Orion,overhang_mm,16.0,,mm,16?,parsed,0.6,,BIGLOBE Arm Data,https://www7a.biglobe.ne.jp/~yosh/armdata.htm
2631,Helius,Orion,product_lineage,,"Helius Orion is documented by mirrored original-manual support as a top-of-range Helius tonearm with its distinctive non-gimbal, non-unipivot bearing layout.",,Helius Orion manual page,parsed,0.8,Manual-mirror support for exact model.,Helius Orion Tonearm Manual,https://www.vinylengine.com/library/helius/orion.shtml
151,Ikeda,IT-345 & IT-245,effective_length_mm,245.0,,mm,245,parsed,0.6,,BIGLOBE Arm Data,https://www7a.biglobe.ne.jp/~yosh/armdata.htm
1475,Ikeda,IT-345 & IT-245,null_alignment_type,,Other,,59.000 / 120.000 mm,derived,0.75,Backfilled from null-point pair proximity to reference alignments; nearest-reference distance 2.900 mm.,BIGLOBE Arm Data,https://www7a.biglobe.ne.jp/~yosh/armdata.htm
155,Ikeda,IT-345 & IT-245,null_point_inner_mm,59.0,,mm,59/120,parsed,0.6,,BIGLOBE Arm Data,https://www7a.biglobe.ne.jp/~yosh/armdata.htm
156,Ikeda,IT-345 & IT-245,null_point_outer_mm,120.0,,mm,59/120,parsed,0.6,,BIGLOBE Arm Data,https://www7a.biglobe.ne.jp/~yosh/armdata.htm
154,Ikeda,IT-345 & IT-245,null_points,,59/120,,59/120,parsed,0.6,,BIGLOBE Arm Data,https://www7a.biglobe.ne.jp/~yosh/armdata.htm
153,Ikeda,IT-345 & IT-245,offset_angle_deg,21.5,,deg,21.5,parsed,0.6,,BIGLOBE Arm Data,https://www7a.biglobe.ne.jp/~yosh/armdata.htm
152,Ikeda,IT-345 & IT-245,overhang_mm,15.0,,mm,15,parsed,0.6,,BIGLOBE Arm Data,https://www7a.biglobe.ne.jp/~yosh/armdata.htm
2632,Ikeda,IT-345 & IT-245,product_lineage,,"Grouped Ikeda short-arm row includes IT-345, documented by the official IKEDA Sound Labs tonearms page as a current 9-inch dynamic-balance tonearm in the manufacturer lineup.",,IKEDA official tonearms page lists IT-345 CR-1,parsed,0.75,Official manufacturer support for grouped family member.,Tonearms｜IKEDA Sound Labs. [Official],https://www.islabs.co.jp/en/pages/51/
145,Ikeda,IT-407,effective_length_mm,307.0,,mm,307,parsed,0.6,,BIGLOBE Arm Data,https://www7a.biglobe.ne.jp/~yosh/armdata.htm
1474,Ikeda,IT-407,null_alignment_type,,Other,,65.000 / 111.000 mm,derived,0.75,Backfilled from null-point pair proximity to reference alignments; nearest-reference distance 7.704 mm.,BIGLOBE Arm Data,https://www7a.biglobe.ne.jp/~yosh/armdata.htm
149,Ikeda,IT-407,null_point_inner_mm,65.0,,mm,65/111,parsed,0.6,,BIGLOBE Arm Data,https://www7a.biglobe.ne.jp/~yosh/armdata.htm
150,Ikeda,IT-407,null_point_outer_mm,111.0,,mm,65/111,parsed,0.6,,BIGLOBE Arm Data,https://www7a.biglobe.ne.jp/~yosh/armdata.htm
148,Ikeda,IT-407,null_points,,65/111,,65/111,parsed,0.6,,BIGLOBE Arm Data,https://www7a.biglobe.ne.jp/~yosh/armdata.htm
147,Ikeda,IT-407,offset_angle_deg,16.66,,deg,16.66,parsed,0.6,,BIGLOBE Arm Data,https://www7a.biglobe.ne.jp/~yosh/armdata.htm
146,Ikeda,IT-407,overhang_mm,12.0,,mm,12,parsed,0.6,,BIGLOBE Arm Data,https://www7a.biglobe.ne.jp/~yosh/armdata.htm
2633,Ikeda,IT-407,product_lineage,,Ikeda IT-407 is documented by the official IKEDA Sound Labs tonearms page as a 12-inch dynamic-balance tonearm in the manufacturer lineup.,,IKEDA official tonearms page lists IT-407 CR-1,parsed,0.8,Official manufacturer support for exact model.,Tonearms｜IKEDA Sound Labs. [Official],https://www.islabs.co.jp/en/pages/51/
493,Immedia,RPM-2,effective_length_mm,254.0,,mm,254,parsed,0.6,,BIGLOBE Arm Data,https://www7a.biglobe.ne.jp/~yosh/armdata.htm
1532,Immedia,RPM-2,null_alignment_type,,Baewald,,65.000 / 121.000 mm,derived,0.85,Backfilled from null-point pair proximity to reference alignments; nearest-reference distance 1.005 mm.,BIGLOBE Arm Data,https://www7a.biglobe.ne.jp/~yosh/armdata.htm
497,Immedia,RPM-2,null_point_inner_mm,65.0,,mm,65/121,parsed,0.6,,BIGLOBE Arm Data,https://www7a.biglobe.ne.jp/~yosh/armdata.htm
498,Immedia,RPM-2,null_point_outer_mm,121.0,,mm,65/121,parsed,0.6,,BIGLOBE Arm Data,https://www7a.biglobe.ne.jp/~yosh/armdata.htm
496,Immedia,RPM-2,null_points,,65/121,,65/121,parsed,0.6,,BIGLOBE Arm Data,https://www7a.biglobe.ne.jp/~yosh/armdata.htm
495,Immedia,RPM-2,offset_angle_deg,21.5,,deg,21.5,parsed,0.6,,BIGLOBE Arm Data,https://www7a.biglobe.ne.jp/~yosh/armdata.htm
494,Immedia,RPM-2,overhang_mm,16.0,,mm,16,parsed,0.6,,BIGLOBE Arm Data,https://www7a.biglobe.ne.jp/~yosh/armdata.htm
2660,Immedia,RPM-2,product_lineage,,Immedia RPM-2 is documented by mirrored original-manual support as the stainless-steel and carbon-fibre Immedia uni-pivot tonearm.,,Immedia RPM-2 manual page,parsed,0.8,Manual-mirror support for exact model.,Immedia RPM-2 High-End Uni-Pivot Tonearm Manual,https://www.vinylengine.com/library/immedia/rpm-2.shtml
499,Infinity,Black Widow,effective_length_mm,237.0,,mm,237,parsed,0.6,,BIGLOBE Arm Data,https://www7a.biglobe.ne.jp/~yosh/armdata.htm
1533,Infinity,Black Widow,null_alignment_type,,Other,,67.000 / 103.000 mm,derived,0.75,Backfilled from null-point pair proximity to reference alignments; nearest-reference distance 13.996 mm.,BIGLOBE Arm Data,https://www7a.biglobe.ne.jp/~yosh/armdata.htm
503,Infinity,Black Widow,null_point_inner_mm,67.0,,mm,67/103*,parsed,0.6,,BIGLOBE Arm Data,https://www7a.biglobe.ne.jp/~yosh/armdata.htm
504,Infinity,Black Widow,null_point_outer_mm,103.0,,mm,67/103*,parsed,0.6,,BIGLOBE Arm Data,https://www7a.biglobe.ne.jp/~yosh/armdata.htm
502,Infinity,Black Widow,null_points,,67/103*,,67/103*,parsed,0.6,,BIGLOBE Arm Data,https://www7a.biglobe.ne.jp/~yosh/armdata.htm
501,Infinity,Black Widow,offset_angle_deg,21.0,,deg,21*,parsed,0.6,,BIGLOBE Arm Data,https://www7a.biglobe.ne.jp/~yosh/armdata.htm
500,Infinity,Black Widow,overhang_mm,15.0,,mm,15*,parsed,0.6,,BIGLOBE Arm Data,https://www7a.biglobe.ne.jp/~yosh/armdata.htm
2650,Infinity,Black Widow,product_lineage,,Infinity Black Widow is documented by mirrored original-manual support as the low-mass carbon-fibre Infinity tonearm.,,Infinity Black Widow manual page,parsed,0.8,Manual-mirror support for exact model.,Infinity Black Widow Low-Mass Pivoted Tonearm Manual,https://www.vinylengine.com/library/infinity/black-widow.shtml
1783,J.Sikora,KV12 VTA,arm_tube_material,,conical Kevlar tube,,Tube: conical (Kevlar®),parsed,0.9,,J.Sikora tonearms official page,https://jsikora.eu/tonearms/
1782,J.Sikora,KV12 VTA,arm_type,,unipivot,,Bearing type: unipivot,parsed,0.9,,J.Sikora tonearms official page,https://jsikora.eu/tonearms/
1789,J.Sikora,KV12 VTA,azimuth_adjustment,,yes,,Azimuth: yes,parsed,0.9,,J.Sikora tonearms official page,https://jsikora.eu/tonearms/
1784,J.Sikora,KV12 VTA,effective_length_mm,228.6,,mm,"Effective lenght: 228,6 mm",parsed,0.9,,J.Sikora tonearms official page,https://jsikora.eu/tonearms/
1786,J.Sikora,KV12 VTA,effective_mass_g,11.2,,g,"Effective mass: 11,2 g",parsed,0.9,,J.Sikora tonearms official page,https://jsikora.eu/tonearms/
1785,J.Sikora,KV12 VTA,mounting_distance_mm,212.0,,mm,Mounting distance: 212mm,parsed,0.9,,J.Sikora tonearms official page,https://jsikora.eu/tonearms/
1806,J.Sikora,KV12 VTA,null_alignment_type,,Unknown,,Unknown,derived,0.4,Defaulted because the current source set does not explicitly specify a null alignment family.,J.Sikora tonearms official page,https://jsikora.eu/tonearms/
1787,J.Sikora,KV12 VTA,oil_damping,,yes,,Oil damping: yes,parsed,0.9,,J.Sikora tonearms official page,https://jsikora.eu/tonearms/
1788,J.Sikora,KV12 VTA,vta_adjustment,,yes,,VTA adjustment: yes,parsed,0.9,,J.Sikora tonearms official page,https://jsikora.eu/tonearms/
2901,Jelco,SA 200,effective_length_mm,237.0,,mm,Effective Length: 237 mm,parsed,0.74,Exact model spec surfaced from Vinyl Engine result summary.,Vinyl Engine Jelco SA-200 library page,https://www.vinylengine.com/library/jelco/sa-200.shtml
2912,Jelco,SA 200,null_alignment_type,,Unknown,,Unknown,derived,0.4,Defaulted because the current source set does not explicitly specify a null alignment family.,English Sound Jelco history article,http://englishsound.com.ru/info/201.html
2902,Jelco,SA 200,overhang_mm,15.0,,mm,Overhang: 15 mm,parsed,0.74,Exact model spec surfaced from Vinyl Engine result summary.,Vinyl Engine Jelco SA-200 library page,https://www.vinylengine.com/library/jelco/sa-200.shtml
2896,Jelco,SA 200,product_family,,"Jelco tonearm family uses One Point Cross Suspension, anti-skating, and broad cartridge compatibility.",,"Японская компания Jelco издавна зарекомендовала себя как производитель высокоточных тонармов ... Плюс к этому тонармы Jelco превосходным образом работают как со звукоснимателями стандартной массы от 4 до 12 грамм, так и с картриджами-тяжеловесами массой до 24 грамм ... используется запатентованный механизм One point cross suspension ... предусмотрен эффективный и в то же время простой механизм антискейтинга.",parsed,0.66,Official family-level distributor support.,English Sound Jelco history article,http://englishsound.com.ru/info/201.html
2900,Jelco,SA 200,product_lineage,,Exact SA-200 model listed on a geometry tool page built to Jelco specifications.,,"The arc protractor is the most accurate protractor for cartridge alignment; this one is designed for the following Jelco tonearms: SA-50, SA-200. The geometric features are compliant with Jelco specifications.",parsed,0.8,Exact model presence from geometry tool page.,The Vinyl Source Jelco SA-50 and SA-200 protractor page,https://www.thevinylsource.co.uk/product-page/cartridge-arc-protractor-for-jelco-sa-50-and-sa-200-the-vinyl-source
2797,Jelco,SA 250,effective_length_mm,229.0,,mm,229mm,parsed,0.9,Exact-model distributor spec.,English Sound Jelco SA-250 page,https://englishsound.com.ru/cat/306/1577.html
2798,Jelco,SA 250,mounting_distance_mm,214.0,,mm,214mm,parsed,0.9,Exact-model distributor spec.,English Sound Jelco SA-250 page,https://englishsound.com.ru/cat/306/1577.html
2817,Jelco,SA 250,null_alignment_type,,Unknown,,Unknown,derived,0.4,Defaulted because the current source set does not explicitly specify a null alignment family.,English Sound Jelco SA-250 page,https://englishsound.com.ru/cat/306/1577.html
2799,Jelco,SA 250,overhang_mm,15.0,,mm,15mm,parsed,0.9,Exact-model distributor spec.,English Sound Jelco SA-250 page,https://englishsound.com.ru/cat/306/1577.html
2796,Jelco,SA 250,product_lineage,,Static-balance S-shaped Jelco tonearm with removable SME headshell and One Point Cross Suspension System.,,Статически сбалансированный S образный тонарм Jelco SA-250 ... массивным съемным SME шеллом ... One Point Cross Suspension System,parsed,0.88,Distributor exact-model description and construction details.,English Sound Jelco SA-250 page,https://englishsound.com.ru/cat/306/1577.html
2910,Jelco,SA 250BV,effective_length_mm,229.0,,mm,Effective Length: 229 mm,parsed,0.74,Exact model spec surfaced from Vinyl Engine result summary.,Vinyl Engine Jelco SA-250BV library page,https://www.vinylengine.com/library/jelco/sa-250bv.shtml
2911,Jelco,SA 250BV,mounting_distance_mm,214.0,,mm,Mounting Distance: 214 mm,parsed,0.74,Exact model spec surfaced from Vinyl Engine result summary.,Vinyl Engine Jelco SA-250BV library page,https://www.vinylengine.com/library/jelco/sa-250bv.shtml
2913,Jelco,SA 250BV,null_alignment_type,,Unknown,,Unknown,derived,0.4,Defaulted because the current source set does not explicitly specify a null alignment family.,English Sound Jelco history article,http://englishsound.com.ru/info/201.html
2897,Jelco,SA 250BV,product_family,,"Jelco tonearm family uses One Point Cross Suspension, anti-skating, and broad cartridge compatibility.",,"Японская компания Jelco издавна зарекомендовала себя как производитель высокоточных тонармов ... Плюс к этому тонармы Jelco превосходным образом работают как со звукоснимателями стандартной массы от 4 до 12 грамм, так и с картриджами-тяжеловесами массой до 24 грамм ... используется запатентованный механизм One point cross suspension ... предусмотрен эффективный и в то же время простой механизм антискейтинга.",parsed,0.66,Official family-level distributor support.,English Sound Jelco history article,http://englishsound.com.ru/info/201.html
2909,Jelco,SA 250BV,product_lineage,,Static-balance S-shaped Jelco tonearm variant with removable headshell and calibrated anti-skate/VTF controls.,,"The Jelco SA-250BV is a static-balance, S-shaped tonearm known for its removable headshell design, calibrated vertical tracking force and anti-skate controls.",parsed,0.78,Exact model summary from exact Vinyl Engine result.,Vinyl Engine Jelco SA-250BV library page,https://www.vinylengine.com/library/jelco/sa-250bv.shtml
2801,Jelco,SA 250ST,effective_length_mm,228.0,,mm,228mm,parsed,0.9,Exact-model distributor spec.,English Sound Jelco SA-250ST page,https://englishsound.com.ru/cat/306/1578.html
2802,Jelco,SA 250ST,mounting_distance_mm,210.0,,mm,210mm,parsed,0.9,Exact-model distributor spec.,English Sound Jelco SA-250ST page,https://englishsound.com.ru/cat/306/1578.html
2818,Jelco,SA 250ST,null_alignment_type,,Unknown,,Unknown,derived,0.4,Defaulted because the current source set does not explicitly specify a null alignment family.,English Sound Jelco SA-250ST page,https://englishsound.com.ru/cat/306/1578.html
2803,Jelco,SA 250ST,overhang_mm,18.0,,mm,18mm,parsed,0.9,Exact-model distributor spec.,English Sound Jelco SA-250ST page,https://englishsound.com.ru/cat/306/1578.html
2800,Jelco,SA 250ST,product_lineage,,Static-balance straight-pipe Jelco tonearm with fixed headshell and One Point Cross Suspension System.,,"Радиальный, статически сбалансированный тонарм с прямой ... Модель оснащена жестким несъемным шеллом ... One Point Cross Suspension System",parsed,0.88,Distributor exact-model description and construction details.,English Sound Jelco SA-250ST page,https://englishsound.com.ru/cat/306/1578.html
2904,Jelco,SA 50,effective_length_mm,237.0,,mm,Effective Length: 237 mm,parsed,0.74,Exact model spec surfaced from Vinyl Engine result summary.,Vinyl Engine Jelco SA-50 library page,https://www.vinylengine.com/library/jelco/sa-50.shtml
2914,Jelco,SA 50,null_alignment_type,,Unknown,,Unknown,derived,0.4,Defaulted because the current source set does not explicitly specify a null alignment family.,English Sound Jelco history article,http://englishsound.com.ru/info/201.html
2905,Jelco,SA 50,overhang_mm,15.0,,mm,Overhang: 15 mm,parsed,0.74,Exact model spec surfaced from Vinyl Engine result summary.,Vinyl Engine Jelco SA-50 library page,https://www.vinylengine.com/library/jelco/sa-50.shtml
2898,Jelco,SA 50,product_family,,"Jelco tonearm family uses One Point Cross Suspension, anti-skating, and broad cartridge compatibility.",,"Японская компания Jelco издавна зарекомендовала себя как производитель высокоточных тонармов ... Плюс к этому тонармы Jelco превосходным образом работают как со звукоснимателями стандартной массы от 4 до 12 грамм, так и с картриджами-тяжеловесами массой до 24 грамм ... используется запатентованный механизм One point cross suspension ... предусмотрен эффективный и в то же время простой механизм антискейтинга.",parsed,0.66,Official family-level distributor support.,English Sound Jelco history article,http://englishsound.com.ru/info/201.html
2903,Jelco,SA 50,product_lineage,,Exact SA-50 model listed on a geometry tool page built to Jelco specifications.,,"The arc protractor is the most accurate protractor for cartridge alignment; this one is designed for the following Jelco tonearms: SA-50, SA-200. The geometric features are compliant with Jelco specifications.",parsed,0.8,Exact model presence from geometry tool page.,The Vinyl Source Jelco SA-50 and SA-200 protractor page,https://www.thevinylsource.co.uk/product-page/cartridge-arc-protractor-for-jelco-sa-50-and-sa-200-the-vinyl-source
2907,Jelco,SA 50ST,effective_length_mm,228.0,,mm,The Jelco SA-50ST is a straight tonearm with a 228mm effective length,parsed,0.74,Exact model spec surfaced from Vinyl Engine result summary.,Vinyl Engine Jelco SA-50ST library page,https://www.vinylengine.com/library/jelco/sa-50st.shtml
2908,Jelco,SA 50ST,mounting_distance_mm,210.0,,mm,210mm mounting distance,parsed,0.74,Exact model spec surfaced from Vinyl Engine result summary.,Vinyl Engine Jelco SA-50ST library page,https://www.vinylengine.com/library/jelco/sa-50st.shtml
2915,Jelco,SA 50ST,null_alignment_type,,Unknown,,Unknown,derived,0.4,Defaulted because the current source set does not explicitly specify a null alignment family.,English Sound Jelco history article,http://englishsound.com.ru/info/201.html
2899,Jelco,SA 50ST,product_family,,"Jelco tonearm family uses One Point Cross Suspension, anti-skating, and broad cartridge compatibility.",,"Японская компания Jelco издавна зарекомендовала себя как производитель высокоточных тонармов ... Плюс к этому тонармы Jelco превосходным образом работают как со звукоснимателями стандартной массы от 4 до 12 грамм, так и с картриджами-тяжеловесами массой до 24 грамм ... используется запатентованный механизм One point cross suspension ... предусмотрен эффективный и в то же время простой механизм антискейтинга.",parsed,0.66,Official family-level distributor support.,English Sound Jelco history article,http://englishsound.com.ru/info/201.html
2906,Jelco,SA 50ST,product_lineage,,Exact SA-50ST model listed on a geometry tool page built to Jelco specifications.,,The arc protractor is the most accurate protractor for cartridge alignment; this one is designed for the Jelco SA-50 ST IV tonearm. The geometric features are compliant with Jelco specifications.,parsed,0.8,Exact model presence from geometry tool page.,The Vinyl Source Jelco SA-50 ST IV protractor page,https://www.thevinylsource.co.uk/product-page/cartridge-arc-protractor-for-jelco-sa-50-st-iv-the-vinyl-source
2805,Jelco,SA 750D,effective_length_mm,229.0,,mm,229mm,parsed,0.9,Exact-model distributor spec.,English Sound Jelco SA-750D page,https://englishsound.com.ru/cat/306/1576.html
2806,Jelco,SA 750D,mounting_distance_mm,214.0,,mm,214mm,parsed,0.9,Exact-model distributor spec.,English Sound Jelco SA-750D page,https://englishsound.com.ru/cat/306/1576.html
2819,Jelco,SA 750D,null_alignment_type,,Unknown,,Unknown,derived,0.4,Defaulted because the current source set does not explicitly specify a null alignment family.,English Sound Jelco SA-750D page,https://englishsound.com.ru/cat/306/1576.html
2807,Jelco,SA 750D,overhang_mm,15.0,,mm,15mm,parsed,0.9,Exact-model distributor spec.,English Sound Jelco SA-750D page,https://englishsound.com.ru/cat/306/1576.html
2804,Jelco,SA 750D,product_lineage,,Static-balance S-shaped Jelco tonearm with oil damping and removable SME headshell.,,Статически сбалансированный S образный тонарм Jelco SA-750D с жидкостным демпфированием ... массивным съемным SME шеллом,parsed,0.89,Distributor exact-model description.,English Sound Jelco SA-750D page,https://englishsound.com.ru/cat/306/1576.html
2820,Jelco,SA 750DB,null_alignment_type,,Unknown,,Unknown,derived,0.4,Defaulted because the current source set does not explicitly specify a null alignment family.,English Sound Jelco SA-750D page,https://englishsound.com.ru/cat/306/1576.html
2808,Jelco,SA 750DB,product_lineage,,Black-finish variant of the Jelco SA-750D oil-damped S-shaped tonearm.,,Тонарм выпускается в двух вариантах отделки: цвет бронза SA-750D и в черном цвете SA-750DB.,parsed,0.88,Distributor exact-model variant naming.,English Sound Jelco SA-750D page,https://englishsound.com.ru/cat/306/1576.html
2810,Jelco,SA 750E,effective_length_mm,255.0,,mm,255mm,parsed,0.9,Exact-model distributor spec.,English Sound Jelco SA-750E page,http://englishsound.com.ru/cat/306/3093.html
2811,Jelco,SA 750E,mounting_distance_mm,240.0,,mm,240mm,parsed,0.9,Exact-model distributor spec.,English Sound Jelco SA-750E page,http://englishsound.com.ru/cat/306/3093.html
2821,Jelco,SA 750E,null_alignment_type,,Unknown,,Unknown,derived,0.4,Defaulted because the current source set does not explicitly specify a null alignment family.,English Sound Jelco SA-750E page,http://englishsound.com.ru/cat/306/3093.html
2812,Jelco,SA 750E,overhang_mm,15.0,,mm,15mm,parsed,0.9,Exact-model distributor spec.,English Sound Jelco SA-750E page,http://englishsound.com.ru/cat/306/3093.html
2809,Jelco,SA 750E,product_lineage,,Extended 10-inch version of the Jelco SA-750D with oil damping.,,"Удлиненная 10-ти дюймовая версия SA-750D, с меньшей угловой погрешностью.",parsed,0.89,Distributor exact-model variant relationship.,English Sound Jelco SA-750E page,http://englishsound.com.ru/cat/306/3093.html
2814,Jelco,SA 750L,effective_length_mm,305.0,,mm,305mm,parsed,0.9,Exact-model distributor spec.,English Sound Jelco SA-750L page,https://englishsound.com.ru/cat/306/2404.html
2815,Jelco,SA 750L,mounting_distance_mm,290.0,,mm,290mm,parsed,0.9,Exact-model distributor spec.,English Sound Jelco SA-750L page,https://englishsound.com.ru/cat/306/2404.html
2822,Jelco,SA 750L,null_alignment_type,,Unknown,,Unknown,derived,0.4,Defaulted because the current source set does not explicitly specify a null alignment family.,English Sound Jelco SA-750L page,https://englishsound.com.ru/cat/306/2404.html
2816,Jelco,SA 750L,overhang_mm,15.0,,mm,15mm,parsed,0.9,Exact-model distributor spec.,English Sound Jelco SA-750L page,https://englishsound.com.ru/cat/306/2404.html
2813,Jelco,SA 750L,product_lineage,,Extended 12-inch version of the Jelco SA-750D with oil damping.,,"Удлиненная 12-ти дюймовая версия SA-750D, с еще меньшей угловой погрешностью.",parsed,0.89,Distributor exact-model variant relationship.,English Sound Jelco SA-750L page,https://englishsound.com.ru/cat/306/2404.html
157,Jelco,SA-250 & SA-750D (S-shape wand),effective_length_mm,229.0,,mm,229,parsed,0.6,,BIGLOBE Arm Data,https://www7a.biglobe.ne.jp/~yosh/armdata.htm
1476,Jelco,SA-250 & SA-750D (S-shape wand),null_alignment_type,,Other,,59.000 / 113.000 mm,derived,0.75,Backfilled from null-point pair proximity to reference alignments; nearest-reference distance 4.614 mm.,BIGLOBE Arm Data,https://www7a.biglobe.ne.jp/~yosh/armdata.htm
161,Jelco,SA-250 & SA-750D (S-shape wand),null_point_inner_mm,59.0,,mm,59/113,parsed,0.6,,BIGLOBE Arm Data,https://www7a.biglobe.ne.jp/~yosh/armdata.htm
162,Jelco,SA-250 & SA-750D (S-shape wand),null_point_outer_mm,113.0,,mm,59/113,parsed,0.6,,BIGLOBE Arm Data,https://www7a.biglobe.ne.jp/~yosh/armdata.htm
160,Jelco,SA-250 & SA-750D (S-shape wand),null_points,,59/113,,59/113,parsed,0.6,,BIGLOBE Arm Data,https://www7a.biglobe.ne.jp/~yosh/armdata.htm
159,Jelco,SA-250 & SA-750D (S-shape wand),offset_angle_deg,22.0,,deg,22,parsed,0.6,,BIGLOBE Arm Data,https://www7a.biglobe.ne.jp/~yosh/armdata.htm
158,Jelco,SA-250 & SA-750D (S-shape wand),overhang_mm,15.0,,mm,15,parsed,0.6,,BIGLOBE Arm Data,https://www7a.biglobe.ne.jp/~yosh/armdata.htm
2514,Jelco,SA-250 & SA-750D (S-shape wand),product_family,,"JELCO tonearm page includes SA-750D and SA-250 as current/completed product offerings, with SA-750D described as the short version of SA-750E and SA-250 described as a long-selling model used on CEC ST930.",,JELCO SA-750D ... ショートタイプ / JELCO SA-250 ... ロングセラーモデル,parsed,0.65,Official distributor page corroborates both SA-750D and SA-250 line presence for this grouped row.,ベルドリームサウンド トーンアーム,https://www.belldream.jp/tonearm.html
2513,Jelco,SA-250 & SA-750D (S-shape wand),product_lineage,,"Grouped short S-shape row includes SA-750D documented by official JELCO SA-750 manual at 229 mm effective length, 214 mm pivot-to-spindle distance, 15 mm overhang, and 22° offset angle.",,SA-750D-(214); 実効長 229mm; オーバーハング 15mm; オフセットアングル 22°,parsed,0.75,Factory SA-750 manual explicitly lists SA-750D geometry represented inside this grouped row.,SA 750 manual,https://www.belldream.jp/products/images/SA-750_manual.pdf
163,Jelco,SA-250st (Straight wand),effective_length_mm,228.0,,mm,228,parsed,0.6,,BIGLOBE Arm Data,https://www7a.biglobe.ne.jp/~yosh/armdata.htm
1477,Jelco,SA-250st (Straight wand),null_alignment_type,,Other,,68.000 / 115.000 mm,derived,0.75,Backfilled from null-point pair proximity to reference alignments; nearest-reference distance 2.792 mm.,BIGLOBE Arm Data,https://www7a.biglobe.ne.jp/~yosh/armdata.htm
167,Jelco,SA-250st (Straight wand),null_point_inner_mm,68.0,,mm,68/115,parsed,0.6,,BIGLOBE Arm Data,https://www7a.biglobe.ne.jp/~yosh/armdata.htm
168,Jelco,SA-250st (Straight wand),null_point_outer_mm,115.0,,mm,68/115,parsed,0.6,,BIGLOBE Arm Data,https://www7a.biglobe.ne.jp/~yosh/armdata.htm
166,Jelco,SA-250st (Straight wand),null_points,,68/115,,68/115,parsed,0.6,,BIGLOBE Arm Data,https://www7a.biglobe.ne.jp/~yosh/armdata.htm
165,Jelco,SA-250st (Straight wand),offset_angle_deg,23.75,,deg,23.75,parsed,0.6,,BIGLOBE Arm Data,https://www7a.biglobe.ne.jp/~yosh/armdata.htm
164,Jelco,SA-250st (Straight wand),overhang_mm,18.0,,mm,18,parsed,0.6,,BIGLOBE Arm Data,https://www7a.biglobe.ne.jp/~yosh/armdata.htm
2515,Jelco,SA-250st (Straight wand),product_lineage,,SA-250 line documented by official JELCO distributor page as a long-selling tonearm model with commercial deployment on the CEC ST930; used here as family-level official support for the SA-250 straight-wand legacy row.,,JELCO SA-250 ... 20年にも渡るロングセラーモデル,parsed,0.6,No cleaner direct SA-250ST factory sheet surfaced in this pass; official distributor page provides family-level confirmation for the SA-250 line.,ベルドリームサウンド トーンアーム,https://www.belldream.jp/tonearm.html
2521,Jelco,SA-750LB (S-shape wand),cartridge_range_high_g,12.0,,g,4~12gr,parsed,0.75,Factory SA-750 manual lists supported cartridge weight range up to 12 g without optional weight.,SA 750 manual,https://www.belldream.jp/products/images/SA-750_manual.pdf
2520,Jelco,SA-750LB (S-shape wand),cartridge_range_low_g,4.0,,g,4~12gr,parsed,0.75,Factory SA-750 manual lists supported cartridge weight range starting at 4 g.,SA 750 manual,https://www.belldream.jp/products/images/SA-750_manual.pdf
169,Jelco,SA-750LB (S-shape wand),effective_length_mm,305.0,,mm,305,parsed,0.6,,BIGLOBE Arm Data,https://www7a.biglobe.ne.jp/~yosh/armdata.htm
2516,Jelco,SA-750LB (S-shape wand),effective_length_mm,305.0,,mm,305mm,parsed,0.8,Factory SA-750 manual lists SA-750LB effective length as 305 mm.,SA 750 manual,https://www.belldream.jp/products/images/SA-750_manual.pdf
2517,Jelco,SA-750LB (S-shape wand),mounting_distance_mm,290.0,,mm,290mm,parsed,0.8,Factory SA-750 manual lists SA-750LB pivot-to-spindle distance as 290 mm.,SA 750 manual,https://www.belldream.jp/products/images/SA-750_manual.pdf
1478,Jelco,SA-750LB (S-shape wand),null_alignment_type,,Other,,68.718 / 129.879 mm,derived,0.65,"Backfilled from derived null points using effective length, mounting distance/overhang, and offset angle; nearest-reference distance 9.381 mm.",SA 750 manual,https://www.belldream.jp/products/images/SA-750_manual.pdf
173,Jelco,SA-750LB (S-shape wand),null_point_inner_mm,69.0,,mm,69/130,parsed,0.6,,BIGLOBE Arm Data,https://www7a.biglobe.ne.jp/~yosh/armdata.htm
174,Jelco,SA-750LB (S-shape wand),null_point_outer_mm,130.0,,mm,69/130,parsed,0.6,,BIGLOBE Arm Data,https://www7a.biglobe.ne.jp/~yosh/armdata.htm
172,Jelco,SA-750LB (S-shape wand),null_points,,69/130,,69/130,parsed,0.6,,BIGLOBE Arm Data,https://www7a.biglobe.ne.jp/~yosh/armdata.htm
171,Jelco,SA-750LB (S-shape wand),offset_angle_deg,19.0,,deg,19,parsed,0.6,,BIGLOBE Arm Data,https://www7a.biglobe.ne.jp/~yosh/armdata.htm
2519,Jelco,SA-750LB (S-shape wand),offset_angle_deg,19.0,,deg,19°,parsed,0.8,Factory SA-750 manual lists SA-750LB offset angle as 19 degrees.,SA 750 manual,https://www.belldream.jp/products/images/SA-750_manual.pdf
170,Jelco,SA-750LB (S-shape wand),overhang_mm,15.0,,mm,15,parsed,0.6,,BIGLOBE Arm Data,https://www7a.biglobe.ne.jp/~yosh/armdata.htm
2518,Jelco,SA-750LB (S-shape wand),overhang_mm,15.0,,mm,15mm,parsed,0.8,Factory SA-750 manual lists SA-750LB overhang as 15 mm.,SA 750 manual,https://www.belldream.jp/products/images/SA-750_manual.pdf
2829,Jelco,TK 850L,effective_length_mm,303.0,,mm,303mm,parsed,0.84,Exact model dealer spec.,Respect Phono Jelco TK 850 L page,http://respectphono.de/en/jelco-tk-850-l-12-tonearm.html
2831,Jelco,TK 850L,mounting_distance_mm,290.0,,mm,290 mm,parsed,0.72,Official distributor geometry for current TK-850L MKII continuity model.,MrStylus Jelco lineup page,https://mrstylus.com/en/jelco/
2844,Jelco,TK 850L,null_alignment_type,,Other,,64.239 / 120.005 mm,derived,0.65,"Backfilled from derived null points using effective length, mounting distance/overhang, and offset angle; nearest-reference distance 1.975 mm.",MrStylus Jelco lineup page,https://mrstylus.com/en/jelco/
2832,Jelco,TK 850L,offset_angle_deg,17.7,,deg,17.7°,parsed,0.72,Official distributor geometry for current TK-850L MKII continuity model.,MrStylus Jelco lineup page,https://mrstylus.com/en/jelco/
2830,Jelco,TK 850L,overhang_mm,13.0,,mm,13mm,parsed,0.84,Exact model dealer spec.,Respect Phono Jelco TK 850 L page,http://respectphono.de/en/jelco-tk-850-l-12-tonearm.html
2828,Jelco,TK 850L,product_lineage,,"S-shaped radial arm with vertical knife bearing, statically balanced.",,"S-shaped radial arm with vertical knife bearing, statically balanced",parsed,0.82,Exact model presence from dealer page.,Respect Phono Jelco TK 850 L page,http://respectphono.de/en/jelco-tk-850-l-12-tonearm.html
2824,Jelco,TK 850S,effective_length_mm,232.0,,mm,232mm,parsed,0.84,Exact model dealer spec.,Respect Phono Jelco TK 850 S page,http://respectphono.de/en/jelco-tk-850-s-9-tonearm.html
2826,Jelco,TK 850S,mounting_distance_mm,214.0,,mm,214 mm,parsed,0.72,Official distributor geometry for current TK-850S MKII continuity model.,MrStylus Jelco lineup page,https://mrstylus.com/en/jelco/
2843,Jelco,TK 850S,null_alignment_type,,Baewald,,66.932 / 119.942 mm,derived,0.75,"Backfilled from derived null points using effective length, mounting distance/overhang, and offset angle; nearest-reference distance 1.337 mm.",MrStylus Jelco lineup page,https://mrstylus.com/en/jelco/
2827,Jelco,TK 850S,offset_angle_deg,23.75,,deg,23.75°,parsed,0.72,Official distributor geometry for current TK-850S MKII continuity model.,MrStylus Jelco lineup page,https://mrstylus.com/en/jelco/
2825,Jelco,TK 850S,overhang_mm,18.0,,mm,18mm,parsed,0.84,Exact model dealer spec.,Respect Phono Jelco TK 850 S page,http://respectphono.de/en/jelco-tk-850-s-9-tonearm.html
2823,Jelco,TK 850S,product_lineage,,"S-shaped radial arm with vertical knife bearing, statically balanced.",,"S-shaped radial arm with vertical knife bearing, statically balanced",parsed,0.82,Exact model presence from dealer page.,Respect Phono Jelco TK 850 S page,http://respectphono.de/en/jelco-tk-850-s-9-tonearm.html
2839,Jelco,TK 950L,effective_length_mm,303.0,,mm,303mm,parsed,0.84,Exact model dealer spec.,Respect Phono Jelco TK 950 L page,http://respectphono.de/en/jelco-tk-950-l-12-tonearm.html
2841,Jelco,TK 950L,mounting_distance_mm,290.0,,mm,290 mm,parsed,0.72,Official distributor geometry for current TK-950L MKII continuity model.,MrStylus Jelco lineup page,https://mrstylus.com/en/jelco/
2846,Jelco,TK 950L,null_alignment_type,,Other,,64.239 / 120.005 mm,derived,0.65,"Backfilled from derived null points using effective length, mounting distance/overhang, and offset angle; nearest-reference distance 1.975 mm.",MrStylus Jelco lineup page,https://mrstylus.com/en/jelco/
2842,Jelco,TK 950L,offset_angle_deg,17.7,,deg,17.7°,parsed,0.72,Official distributor geometry for current TK-950L MKII continuity model.,MrStylus Jelco lineup page,https://mrstylus.com/en/jelco/
2840,Jelco,TK 950L,overhang_mm,13.0,,mm,13mm,parsed,0.84,Exact model dealer spec.,Respect Phono Jelco TK 950 L page,http://respectphono.de/en/jelco-tk-950-l-12-tonearm.html
2838,Jelco,TK 950L,product_lineage,,"S-shaped radial arm with vertical knife bearing, dynamically balanced.",,"S-shaped radial arm with vertical knife bearing, dynamically balanced",parsed,0.82,Exact model presence from dealer page.,Respect Phono Jelco TK 950 L page,http://respectphono.de/en/jelco-tk-950-l-12-tonearm.html
2834,Jelco,TK 950S,effective_length_mm,232.0,,mm,232mm,parsed,0.84,Exact model dealer spec.,Respect Phono Jelco TK 950 S page,http://respectphono.de/en/jelco-tk-950-s-9-tonearm.html
2836,Jelco,TK 950S,mounting_distance_mm,214.0,,mm,214 mm,parsed,0.72,Official distributor geometry for current TK-950S MKII continuity model.,MrStylus Jelco lineup page,https://mrstylus.com/en/jelco/
2845,Jelco,TK 950S,null_alignment_type,,Baewald,,66.932 / 119.942 mm,derived,0.75,"Backfilled from derived null points using effective length, mounting distance/overhang, and offset angle; nearest-reference distance 1.337 mm.",MrStylus Jelco lineup page,https://mrstylus.com/en/jelco/
2837,Jelco,TK 950S,offset_angle_deg,23.75,,deg,23.75°,parsed,0.72,Official distributor geometry for current TK-950S MKII continuity model.,MrStylus Jelco lineup page,https://mrstylus.com/en/jelco/
2835,Jelco,TK 950S,overhang_mm,18.0,,mm,18mm,parsed,0.84,Exact model dealer spec.,Respect Phono Jelco TK 950 S page,http://respectphono.de/en/jelco-tk-950-s-9-tonearm.html
2833,Jelco,TK 950S,product_lineage,,"S-shaped radial arm with vertical knife bearing, dynamically balanced.",,"S-shaped radial arm with vertical knife bearing, dynamically balanced",parsed,0.82,Exact model presence from dealer page.,Respect Phono Jelco TK 950 S page,http://respectphono.de/en/jelco-tk-950-s-9-tonearm.html
511,Keith Monks,M9BA Laboratory Arm MKIII,effective_length_mm,228.6,,mm,228.6,parsed,0.6,,BIGLOBE Arm Data,https://www7a.biglobe.ne.jp/~yosh/armdata.htm
1535,Keith Monks,M9BA Laboratory Arm MKIII,null_alignment_type,,Other,,60.000 / 94.000 mm,derived,0.75,Backfilled from null-point pair proximity to reference alignments; nearest-reference distance 23.422 mm.,BIGLOBE Arm Data,https://www7a.biglobe.ne.jp/~yosh/armdata.htm
515,Keith Monks,M9BA Laboratory Arm MKIII,null_point_inner_mm,60.0,,mm,60/94*,parsed,0.6,,BIGLOBE Arm Data,https://www7a.biglobe.ne.jp/~yosh/armdata.htm
516,Keith Monks,M9BA Laboratory Arm MKIII,null_point_outer_mm,94.0,,mm,60/94*,parsed,0.6,,BIGLOBE Arm Data,https://www7a.biglobe.ne.jp/~yosh/armdata.htm
514,Keith Monks,M9BA Laboratory Arm MKIII,null_points,,60/94*,,60/94*,parsed,0.6,,BIGLOBE Arm Data,https://www7a.biglobe.ne.jp/~yosh/armdata.htm
513,Keith Monks,M9BA Laboratory Arm MKIII,offset_angle_deg,19.7,,deg,19.7*,parsed,0.6,,BIGLOBE Arm Data,https://www7a.biglobe.ne.jp/~yosh/armdata.htm
512,Keith Monks,M9BA Laboratory Arm MKIII,overhang_mm,12.7,,mm,12.7*,parsed,0.6,,BIGLOBE Arm Data,https://www7a.biglobe.ne.jp/~yosh/armdata.htm
2673,Keith Monks,M9BA Laboratory Arm MKIII,product_lineage,,"Keith Monks Laboratory unipivot tonearm is documented by mirrored original-manual support, providing historical family support for the M9BA Laboratory Arm MKIII row.",,Keith Monks Laboratory manual page,parsed,0.7,Manual-mirror family support for historic exact model row.,Keith Monks Laboratory Classic Uni-Pivot Tonearm Manual,https://www.vinylengine.com/library/keith-monks/laboratory.shtml
1116,Korf,TA-SF11R,arm_mount,,JIS/Linn-type or SME-type clamping base,,JIS/Linn-type mount or SME-type mount,parsed,0.85,,Korf TA-SF11R official product page,https://korfaudio.com/ta-sf11r
1111,Korf,TA-SF11R,effective_length_mm,278.0,,mm,278 mm,parsed,0.95,,Korf TA-SF11R official product page,https://korfaudio.com/ta-sf11r
1115,Korf,TA-SF11R,effective_mass_g,,19 g without headshell / 29 g with HS-A02,g,19 g without headshell / 29 g with HS-A02,raw_only,0.9,Effective mass depends on installed headshell.,Korf TA-SF11R official product page,https://korfaudio.com/ta-sf11r
1112,Korf,TA-SF11R,mounting_distance_mm,265.0,,mm,265 mm,parsed,0.95,,Korf TA-SF11R official product page,https://korfaudio.com/ta-sf11r
1634,Korf,TA-SF11R,null_alignment_type,,Other,,56.853 / 124.163 mm,derived,0.65,"Backfilled from derived null points using effective length, mounting distance/overhang, and offset angle; nearest-reference distance 7.585 mm.",Korf TA-SF11R official product page,https://korfaudio.com/ta-sf11r
1114,Korf,TA-SF11R,offset_angle_deg,19.0,,deg,19 degrees,parsed,0.95,,Korf TA-SF11R official product page,https://korfaudio.com/ta-sf11r
1113,Korf,TA-SF11R,overhang_mm,13.0,,mm,Derived from 278 mm effective length and 265 mm pivot to spindle distance,derived,0.9,,Korf TA-SF11R official product page,https://korfaudio.com/ta-sf11r
1110,Korf,TA-SF9,arm_mount,,JIS/Linn-type or SME-type clamping base,,JIS/Linn-type mount or SME-type mount,parsed,0.85,,Korf TA-SF9 official product page,https://korfaudio.com/ta-sf9
1105,Korf,TA-SF9,effective_length_mm,229.0,,mm,229 mm,parsed,0.95,,Korf TA-SF9 official product page,https://korfaudio.com/ta-sf9
1109,Korf,TA-SF9,effective_mass_g,19.0,,g,19 g,parsed,0.95,,Korf TA-SF9 official product page,https://korfaudio.com/ta-sf9
1106,Korf,TA-SF9,mounting_distance_mm,214.0,,mm,214 mm,parsed,0.95,,Korf TA-SF9 official product page,https://korfaudio.com/ta-sf9
1633,Korf,TA-SF9,null_alignment_type,,Other,,59.063 / 112.507 mm,derived,0.65,"Backfilled from derived null points using effective length, mounting distance/overhang, and offset angle; nearest-reference distance 5.073 mm.",Korf TA-SF9 official product page,https://korfaudio.com/ta-sf9
1108,Korf,TA-SF9,offset_angle_deg,22.0,,deg,22 degrees,parsed,0.95,,Korf TA-SF9 official product page,https://korfaudio.com/ta-sf9
1107,Korf,TA-SF9,overhang_mm,15.0,,mm,Derived from 229 mm effective length and 214 mm pivot to spindle distance,derived,0.9,,Korf TA-SF9 official product page,https://korfaudio.com/ta-sf9
2715,Korf,TA-SF9R,arm_mount,,JIS/Linn-type or SME-type clamping base,,"JIS/Linn (min. Ø28 mm hole), SME",parsed,0.85,Official page mounting types.,Korf TA-SF9R official product page,https://korfaudio.com/ta-sf9r
2712,Korf,TA-SF9R,arm_tube_material,,stainless steel,,Stainless steel,parsed,0.9,Official page material description.,Korf TA-SF9R official product page,https://korfaudio.com/ta-sf9r
2706,Korf,TA-SF9R,arm_type,,pivoting 9-inch gimbal tonearm with removable headshell,,"Pivoting 9"" gimbal tonearm with removeable headshell",parsed,0.9,Official page description.,Korf TA-SF9R official product page,https://korfaudio.com/ta-sf9r
2711,Korf,TA-SF9R,bearing_system,,horizontal flexure pivot / vertical ceramic hybrid rolling bearings,,Horizontal axis bearing; Flexure pivot. Vertical axis bearings; Ceramic hybrid rolling bearings,parsed,0.9,Official page bearing description.,Korf TA-SF9R official product page,https://korfaudio.com/ta-sf9r
2707,Korf,TA-SF9R,effective_length_mm,229.0,,mm,229 mm,parsed,0.95,Official page spec.,Korf TA-SF9R official product page,https://korfaudio.com/ta-sf9r
2710,Korf,TA-SF9R,effective_mass_g,,18 g without headshell / 28 g with HS-A02,g,18 g without headshell / 28 g with HS-A02,raw_only,0.9,Effective mass depends on installed headshell.,Korf TA-SF9R official product page,https://korfaudio.com/ta-sf9r
2713,Korf,TA-SF9R,headshell_connector,,Ortofon/SME/JIS type,,Ortofon/SME/JIS type,parsed,0.9,Official page connector description.,Korf TA-SF9R official product page,https://korfaudio.com/ta-sf9r
2714,Korf,TA-SF9R,internal_wiring,,6N OFC Litz,,6N OFC Litz,parsed,0.9,Official page wiring description.,Korf TA-SF9R official product page,https://korfaudio.com/ta-sf9r
2708,Korf,TA-SF9R,mounting_distance_mm,214.0,,mm,214 mm,parsed,0.95,Official page spec.,Korf TA-SF9R official product page,https://korfaudio.com/ta-sf9r
2727,Korf,TA-SF9R,null_alignment_type,,Other,,59.063 / 112.507 mm,derived,0.65,"Backfilled from derived null points using effective length, mounting distance/overhang, and offset angle; nearest-reference distance 5.073 mm.",Korf TA-SF9R official product page,https://korfaudio.com/ta-sf9r
2709,Korf,TA-SF9R,offset_angle_deg,22.0,,deg,22°,parsed,0.95,Official page spec.,Korf TA-SF9R official product page,https://korfaudio.com/ta-sf9r
2087,Koshin,GST-1,cartridge_compatibility,,works well with low-compliance MC cartridges,,Both arms work well with low-compliance mc cartridges,parsed,0.76,,Audiogon GST-1 discussion,https://forum.audiogon.com/discussions/acos-lustre-gst-1-yay-or-nay-has-removable-headshell-and
2081,Koshin,GST-1,effective_length_mm,237.0,,mm,Effective length: 237mm,parsed,0.82,,Retrotech Audio Acos Lustre GST-1 archive page,https://retrotechaudio.co.uk/acos-lustre-gst1.html
2086,Koshin,GST-1,headshell_connector,,removable headshell,,ACOS Lustre GST-1: YAY or NAY. (has removable headshell and VTA on the FLY),parsed,0.82,,Audiogon GST-1 discussion,https://forum.audiogon.com/discussions/acos-lustre-gst-1-yay-or-nay-has-removable-headshell-and
2084,Koshin,GST-1,height_adjustment_range_mm,,10 mm,,Height adjustment: 10mm,parsed,0.82,,Retrotech Audio Acos Lustre GST-1 archive page,https://retrotechaudio.co.uk/acos-lustre-gst1.html
2083,Koshin,GST-1,mounting_distance_mm,222.0,,mm,Effective length: 237mm; Overhang: 15mm,parsed,0.76,Derived as effective length minus overhang from same source.,Retrotech Audio Acos Lustre GST-1 archive page,https://retrotechaudio.co.uk/acos-lustre-gst1.html
2080,Koshin,GST-1,nominal_length_cm,22.86,,cm,9 Inch Tonearm,parsed,0.78,Converted from nominal 9-inch description.,Retrotech Audio Acos Lustre GST-1 archive page,https://retrotechaudio.co.uk/acos-lustre-gst1.html
2098,Koshin,GST-1,null_alignment_type,,Unknown,,Unknown,derived,0.4,Defaulted because the current source set does not explicitly specify a null alignment family.,Retrotech Audio Acos Lustre GST-1 archive page,https://retrotechaudio.co.uk/acos-lustre-gst1.html
2082,Koshin,GST-1,overhang_mm,15.0,,mm,Overhang: 15mm,parsed,0.82,,Retrotech Audio Acos Lustre GST-1 archive page,https://retrotechaudio.co.uk/acos-lustre-gst1.html
2594,Koshin,GST-1,product_lineage,,Koshin GST-1 corresponds to the documented GST 1 tonearm family represented by mirrored original-manual support under the Acos Lustre branding used in archival documentation.,,Acos Lustre GST 1 manual page,parsed,0.7,Conservative mirrored-manual lineage support for exact model.,Acos Lustre GST 1 Gimbal Bearing Tonearm Manual,https://www.vinylengine.com/library/acos/lustre-gst-1.shtml
2085,Koshin,GST-1,vta_adjustment,,VTA on the fly,,ACOS Lustre GST-1: YAY or NAY. (has removable headshell and VTA on the FLY),parsed,0.82,,Audiogon GST-1 discussion,https://forum.audiogon.com/discussions/acos-lustre-gst-1-yay-or-nay-has-removable-headshell-and
2074,Koshin,GST-801,anti_skating,,magnetic anti-skating adjustment,,"magnetic drive, anti-skating and armlift were all defective ... make sure the magnetic tracking force and anti-skating are working",parsed,0.82,,Audiogon GST-801 tonearm discussion,https://forum.audiogon.com/discussions/tonearm-acos-lustre-gst-801-yea-nay
2077,Koshin,GST-801,arm_tube_material,,stainless steel arm pipe,,the armpipe is stainless steel,parsed,0.78,,AudioWorld Koshin Lustre GST-801 thread,http://www.apogeeacoustics.com/oldforum/007301.html
2079,Koshin,GST-801,counterweight_system,,two counterweights plus additional ring weight used for heavier cartridges,,missing the additional ring weight ... huge and superheavy arm stabilizer from beneath,parsed,0.78,,AudioWorld Koshin Lustre GST-801 thread,http://www.apogeeacoustics.com/oldforum/007301.html
2069,Koshin,GST-801,effective_length_mm,240.0,,mm,Effective length is 240mm,parsed,0.82,,Audiogon GST-801 P2S discussion,https://forum.audiogon.com/discussions/acos-lustre-gst-801-p2s-distance
2076,Koshin,GST-801,headshell_connector,,removable headshell,,Its a fine arm with removable head shell,parsed,0.82,,Audiogon GST-801 tonearm discussion,https://forum.audiogon.com/discussions/tonearm-acos-lustre-gst-801-yea-nay
2071,Koshin,GST-801,mounting_distance_mm,225.0,,mm,So p2s distance is 225mm,parsed,0.82,,Audiogon GST-801 P2S discussion,https://forum.audiogon.com/discussions/acos-lustre-gst-801-p2s-distance
2097,Koshin,GST-801,null_alignment_type,,Stevenson,,60.000 / 117.000 mm,derived,0.85,Backfilled from null-point pair proximity to reference alignments; nearest-reference distance 0.531 mm.,Audiogon GST-801 P2S discussion,https://forum.audiogon.com/discussions/acos-lustre-gst-801-p2s-distance
2072,Koshin,GST-801,null_point_inner_mm,60.0,,mm,null points 60mm and 117mm,parsed,0.82,,Audiogon GST-801 P2S discussion,https://forum.audiogon.com/discussions/acos-lustre-gst-801-p2s-distance
2073,Koshin,GST-801,null_point_outer_mm,117.0,,mm,null points 60mm and 117mm,parsed,0.82,,Audiogon GST-801 P2S discussion,https://forum.audiogon.com/discussions/acos-lustre-gst-801-p2s-distance
2070,Koshin,GST-801,overhang_mm,15.0,,mm,overhang is 15mm,parsed,0.82,,Audiogon GST-801 P2S discussion,https://forum.audiogon.com/discussions/acos-lustre-gst-801-p2s-distance
2595,Koshin,GST-801,product_lineage,,Koshin GST-801 corresponds to the documented GST 801 tonearm family represented by mirrored original-manual support under the Acos Lustre branding used in archival documentation.,,Acos Lustre GST 801 manual page,parsed,0.7,Conservative mirrored-manual lineage support for exact model.,Acos Lustre GST 801 High Precision Dynamic-Balance Type Tonearm Manual,https://www.vinylengine.com/library/acos/lustre-gst-801.shtml
2596,Koshin,GST-801,product_lineage,,Official Luxman armboard fitment list includes GST-801 among compatible tonearms for the PD310 platform.,,PD310 armboard list includes GST-801,parsed,0.65,Official third-party historical support for exact model.,LUXMAN PD310の仕様 ラックスマン,https://audio-heritage.jp/LUXMAN/player/pd310.html
2078,Koshin,GST-801,tracking_force_system,,magnetic tracking force adjustment,,the 801 ... includes some advanced designs (for the time) like magnetical track force and antiskating adjustments,parsed,0.8,,AudioWorld Koshin Lustre GST-801 thread,http://www.apogeeacoustics.com/oldforum/007301.html
2075,Koshin,GST-801,vta_adjustment,,VTA on the fly,,The VTA on the fly is great,parsed,0.82,,Audiogon GST-801 tonearm discussion,https://forum.audiogon.com/discussions/tonearm-acos-lustre-gst-801-yea-nay
839,Kuzma,4Point 11-inch,arm_mount,,Kuzma / Air Line style base with 212 mm base distance and 40 mm cut-out,,40 mm cut-out / 212 mm base distance,parsed,0.9,,Kuzma 4Point official manual,https://www.kuzma.si/media/uploads/files/IM%204POINT%2081126.pdf
831,Kuzma,4Point 11-inch,effective_length_mm,280.0,,mm,280 mm,parsed,0.95,,Kuzma 4Point official manual,https://www.kuzma.si/media/uploads/files/IM%204POINT%2081126.pdf
835,Kuzma,4Point 11-inch,effective_mass_g,13.0,,g,13 g,parsed,0.95,,Kuzma 4Point official manual,https://www.kuzma.si/media/uploads/files/IM%204POINT%2081126.pdf
832,Kuzma,4Point 11-inch,mounting_distance_mm,264.0,,mm,264 mm spindle to horizontal bearing,parsed,0.9,Manual also lists 212 mm base mounting distance.,Kuzma 4Point official manual,https://www.kuzma.si/media/uploads/files/IM%204POINT%2081126.pdf
1587,Kuzma,4Point 11-inch,null_alignment_type,,Baewald,,66.000 / 121.000 mm,derived,0.9,Backfilled from null-point pair proximity to reference alignments; nearest-reference distance 0.100 mm.,Kuzma 4Point official manual,https://www.kuzma.si/media/uploads/files/IM%204POINT%2081126.pdf
837,Kuzma,4Point 11-inch,null_point_inner_mm,66.0,,mm,66 mm,parsed,0.9,,Kuzma 4Point official manual,https://www.kuzma.si/media/uploads/files/IM%204POINT%2081126.pdf
838,Kuzma,4Point 11-inch,null_point_outer_mm,121.0,,mm,121 mm,parsed,0.9,,Kuzma 4Point official manual,https://www.kuzma.si/media/uploads/files/IM%204POINT%2081126.pdf
836,Kuzma,4Point 11-inch,null_points,,66 / 121,,66 mm / 121 mm,parsed,0.9,,Kuzma 4Point official manual,https://www.kuzma.si/media/uploads/files/IM%204POINT%2081126.pdf
834,Kuzma,4Point 11-inch,offset_angle_deg,19.5,,deg,19.50 degrees,parsed,0.95,,Kuzma 4Point official manual,https://www.kuzma.si/media/uploads/files/IM%204POINT%2081126.pdf
833,Kuzma,4Point 11-inch,overhang_mm,16.0,,mm,Derived from 280 mm effective length and 264 mm spindle-to-horizontal-bearing distance,derived,0.75,Derived because manual gives effective length and spindle-to-bearing distance separately.,Kuzma 4Point official manual,https://www.kuzma.si/media/uploads/files/IM%204POINT%2081126.pdf
1221,Kuzma,4Point 14-inch,arm_mount,,Kuzma cut,,Kuzma cut,parsed,0.95,,Kuzma 4Point 14 brochure,https://www.kuzma.si/media/uploads/files/BROCHURE%20%204POINT%2014%20%20150601.pdf
1217,Kuzma,4Point 14-inch,effective_length_mm,353.0,,mm,353 mm,parsed,0.95,,Kuzma 4Point 14 brochure,https://www.kuzma.si/media/uploads/files/BROCHURE%20%204POINT%2014%20%20150601.pdf
1220,Kuzma,4Point 14-inch,effective_mass_g,19.0,,g,19 g,parsed,0.95,,Kuzma 4Point 14 brochure,https://www.kuzma.si/media/uploads/files/BROCHURE%20%204POINT%2014%20%20150601.pdf
1218,Kuzma,4Point 14-inch,mounting_distance_mm,291.0,,mm,291 mm,parsed,0.95,,Kuzma 4Point 14 brochure,https://www.kuzma.si/media/uploads/files/BROCHURE%20%204POINT%2014%20%20150601.pdf
1652,Kuzma,4Point 14-inch,null_alignment_type,,Unknown,,Unknown,derived,0.4,Defaulted because the current source set does not explicitly specify a null alignment family.,Kuzma 4Point 14 brochure,https://www.kuzma.si/media/uploads/files/BROCHURE%20%204POINT%2014%20%20150601.pdf
1219,Kuzma,4Point 14-inch,offset_angle_deg,15.35,,deg,15.35 degrees,parsed,0.95,,Kuzma 4Point 14 brochure,https://www.kuzma.si/media/uploads/files/BROCHURE%20%204POINT%2014%20%20150601.pdf
1216,Kuzma,4Point 9-inch,arm_mount,,Kuzma,,Kuzma,parsed,0.95,,Kuzma 4Point 9 official page,https://www.kuzma.si/4point-9.html
1211,Kuzma,4Point 9-inch,effective_length_mm,229.0,,mm,229 mm,parsed,0.95,,Kuzma 4Point 9 official page,https://www.kuzma.si/4point-9.html
1215,Kuzma,4Point 9-inch,effective_mass_g,13.0,,g,13 g,parsed,0.95,,Kuzma 4Point 9 official page,https://www.kuzma.si/4point-9.html
1212,Kuzma,4Point 9-inch,mounting_distance_mm,212.0,,mm,212 mm,parsed,0.95,,Kuzma 4Point 9 official page,https://www.kuzma.si/4point-9.html
1651,Kuzma,4Point 9-inch,null_alignment_type,,Other,,66.912 / 112.043 mm,derived,0.65,"Backfilled from derived null points using effective length, mounting distance/overhang, and offset angle; nearest-reference distance 5.674 mm.",Kuzma 4Point 9 official page,https://www.kuzma.si/4point-9.html
1214,Kuzma,4Point 9-inch,offset_angle_deg,23.0,,deg,23 degrees,parsed,0.95,,Kuzma 4Point 9 official page,https://www.kuzma.si/4point-9.html
1213,Kuzma,4Point 9-inch,overhang_mm,17.0,,mm,Derived from 229 mm effective length and 212 mm spindle to pivot distance,derived,0.9,,Kuzma 4Point 9 official page,https://www.kuzma.si/4point-9.html
983,Kuzma,Air Line 7-inch,arm_mount,,Kuzma cut-out 40 mm with 212 mm mounting distance,,40 mm cut-out / 212 mm mounting distance,parsed,0.9,,Kuzma tonearms FAQ,https://www.kuzma.si/kuzma-tonearms.html
1287,Kuzma,Air Line 7-inch,arm_mount,,Air Line armbase-Kuzma armbase,,Kuzma Air Line armbase / Kuzma armbase,parsed,0.85,,Kuzma Air Line official page,https://www.kuzma.si/air-line.html
1375,Kuzma,Air Line 7-inch,arm_mount,,Kuzma,,,raw_only,0.9,,Kuzma tonearms official page,https://www.kuzma.si/tonearms
977,Kuzma,Air Line 7-inch,effective_length_mm,180.0,,mm,180 mm (7 inch),parsed,0.95,,Kuzma tonearms FAQ,https://www.kuzma.si/kuzma-tonearms.html
1284,Kuzma,Air Line 7-inch,effective_length_mm,184.0,,mm,184 mm,parsed,0.95,,Kuzma Air Line official page,https://www.kuzma.si/air-line.html
1374,Kuzma,Air Line 7-inch,effective_mass_g,,vert. 13; horiz. 80,g,vert.: 13; horiz.: 80,raw_only,0.9,,Kuzma tonearms official page,https://www.kuzma.si/tonearms
978,Kuzma,Air Line 7-inch,mounting_distance_mm,212.0,,mm,212 mm,parsed,0.95,,Kuzma tonearms FAQ,https://www.kuzma.si/kuzma-tonearms.html
1285,Kuzma,Air Line 7-inch,mounting_distance_mm,212.0,,mm,212 mm,parsed,0.95,,Kuzma Air Line official page,https://www.kuzma.si/air-line.html
1612,Kuzma,Air Line 7-inch,null_alignment_type,,Baewald,,66.000 / 120.900 mm,derived,0.9,Backfilled from null-point pair proximity to reference alignments; nearest-reference distance 0.000 mm.,Kuzma tonearms FAQ,https://www.kuzma.si/kuzma-tonearms.html
981,Kuzma,Air Line 7-inch,null_point_inner_mm,66.0,,mm,66 mm,parsed,0.85,,Kuzma tonearms FAQ,https://www.kuzma.si/kuzma-tonearms.html
982,Kuzma,Air Line 7-inch,null_point_outer_mm,120.9,,mm,120.9 mm,parsed,0.85,,Kuzma tonearms FAQ,https://www.kuzma.si/kuzma-tonearms.html
980,Kuzma,Air Line 7-inch,null_points,,66 / 120.9,,66 mm / 120.9 mm,parsed,0.85,,Kuzma tonearms FAQ,https://www.kuzma.si/kuzma-tonearms.html
1286,Kuzma,Air Line 7-inch,offset_angle_deg,0.0,,deg,0 degrees,parsed,0.95,,Kuzma Air Line official page,https://www.kuzma.si/air-line.html
979,Kuzma,Air Line 7-inch,overhang_mm,,FAQ table implies inconsistent geometry,,Derived from 180 mm effective length and 212 mm mounting distance,raw_only,0.2,Official FAQ table appears internally inconsistent for Air Line; no numeric overhang stored.,Kuzma tonearms FAQ,https://www.kuzma.si/kuzma-tonearms.html
2692,Kuzma,Safir 9,anti_skating,,Yes,,Bias Compensation/Adjustment Yes,parsed,0.9,Official page/brochure feature support.,Safir 9 - Kuzma,https://www.kuzma.si/safir-9.html
2693,Kuzma,Safir 9,azimuth_adjustment,,Yes,,Azimuth Adjustment Yes,parsed,0.9,Official page/brochure feature support.,Safir 9 - Kuzma,https://www.kuzma.si/safir-9.html
2688,Kuzma,Safir 9,effective_length_mm,229.0,,mm,229 mm (9 inch),parsed,0.95,Official brochure spec.,Kuzma Safir 9 brochure,https://www.kuzma.si/media/uploads/files/KUZMA%20A4%20Safir%209%20Web2%20220613.pdf
2691,Kuzma,Safir 9,effective_mass_g,60.0,,g,60 grams,parsed,0.95,Official brochure spec.,Kuzma Safir 9 brochure,https://www.kuzma.si/media/uploads/files/KUZMA%20A4%20Safir%209%20Web2%20220613.pdf
2695,Kuzma,Safir 9,internal_wiring,,Silver alloy,,Internal wiring is of superior special alloy silver wires.,parsed,0.9,Official page wiring description.,Safir 9 - Kuzma,https://www.kuzma.si/safir-9.html
2689,Kuzma,Safir 9,mounting_distance_mm,212.0,,mm,212 mm,parsed,0.95,Official brochure spec.,Kuzma Safir 9 brochure,https://www.kuzma.si/media/uploads/files/KUZMA%20A4%20Safir%209%20Web2%20220613.pdf
2704,Kuzma,Safir 9,null_alignment_type,,Other,,66.912 / 112.043 mm,derived,0.65,"Backfilled from derived null points using effective length, mounting distance/overhang, and offset angle; nearest-reference distance 5.674 mm.",Kuzma Safir 9 brochure,https://www.kuzma.si/media/uploads/files/KUZMA%20A4%20Safir%209%20Web2%20220613.pdf
2690,Kuzma,Safir 9,offset_angle_deg,23.0,,deg,23 degrees,parsed,0.95,Official brochure spec.,Kuzma Safir 9 brochure,https://www.kuzma.si/media/uploads/files/KUZMA%20A4%20Safir%209%20Web2%20220613.pdf
2694,Kuzma,Safir 9,vta_adjustment,,Yes,,VTA Adjustment Yes,parsed,0.9,Official page/brochure feature support.,Safir 9 - Kuzma,https://www.kuzma.si/safir-9.html
2230,Kuzma,Stogi,anti_skating,,Yes,,Bias Yes,parsed,0.9,,Kuzma Stogi official page,https://www.kuzma.si/stogi.html
2224,Kuzma,Stogi,arm_tube_material,,straight aluminium tube on brass support,,A straight tube is machined from aluminium rod fixed on brass support,parsed,0.9,,Kuzma Stogi official page,https://www.kuzma.si/stogi.html
2222,Kuzma,Stogi,arm_type,,medium mass tonearm,,This is a very rigid medium mass tonearm,parsed,0.9,,Kuzma Stogi official page,https://www.kuzma.si/stogi.html
2231,Kuzma,Stogi,azimuth_adjustment,,Yes,,Azimuth adjustment Yes,parsed,0.9,,Kuzma Stogi official page,https://www.kuzma.si/stogi.html
2223,Kuzma,Stogi,bearing_type,,precise ball bearings,,Bearing type: Precise ball bearings,parsed,0.9,,Kuzma Stogi official page,https://www.kuzma.si/stogi.html
2229,Kuzma,Stogi,cartridge_range_high_g,15.0,,g,Max. Standard cartridge weight 15 g,parsed,0.9,,Kuzma Stogi official page,https://www.kuzma.si/stogi.html
517,Kuzma,Stogi,effective_length_mm,230.0,,mm,230,parsed,0.6,,BIGLOBE Arm Data,https://www7a.biglobe.ne.jp/~yosh/armdata.htm
2225,Kuzma,Stogi,effective_length_mm,229.0,,mm,Effective length 229 mm,parsed,0.9,,Kuzma Stogi official page,https://www.kuzma.si/stogi.html
2227,Kuzma,Stogi,effective_mass_g,12.0,,g,Effective mass 12 gr,parsed,0.9,,Kuzma Stogi official page,https://www.kuzma.si/stogi.html
2226,Kuzma,Stogi,mounting_distance_mm,212.0,,mm,Arm mount distance 212 mm,parsed,0.9,,Kuzma Stogi official page,https://www.kuzma.si/stogi.html
1536,Kuzma,Stogi,null_alignment_type,,Other,,66.912 / 112.043 mm,derived,0.65,"Backfilled from derived null points using effective length, mounting distance/overhang, and offset angle; nearest-reference distance 5.674 mm.",Kuzma Stogi official page,https://www.kuzma.si/stogi.html
521,Kuzma,Stogi,null_point_inner_mm,65.0,,mm,65/122,parsed,0.6,,BIGLOBE Arm Data,https://www7a.biglobe.ne.jp/~yosh/armdata.htm
522,Kuzma,Stogi,null_point_outer_mm,122.0,,mm,65/122,parsed,0.6,,BIGLOBE Arm Data,https://www7a.biglobe.ne.jp/~yosh/armdata.htm
520,Kuzma,Stogi,null_points,,65/122,,65/122,parsed,0.6,,BIGLOBE Arm Data,https://www7a.biglobe.ne.jp/~yosh/armdata.htm
519,Kuzma,Stogi,offset_angle_deg,24.0,,deg,24,parsed,0.6,,BIGLOBE Arm Data,https://www7a.biglobe.ne.jp/~yosh/armdata.htm
2228,Kuzma,Stogi,offset_angle_deg,23.0,,deg,Offset angle 23°,parsed,0.9,,Kuzma Stogi official page,https://www.kuzma.si/stogi.html
2233,Kuzma,Stogi,output_cable,,one-piece copper wiring to RCA; optional XLR or 5-pin,,Wires are in one length from cartridge pins to RCA connectors; possible in balanced (XLR) or 5pin configuration,parsed,0.9,,Kuzma Stogi official page,https://www.kuzma.si/stogi.html
518,Kuzma,Stogi,overhang_mm,18.0,,mm,18,parsed,0.6,,BIGLOBE Arm Data,https://www7a.biglobe.ne.jp/~yosh/armdata.htm
2232,Kuzma,Stogi,vta_adjustment,,Yes,,VTA adjustment Yes,parsed,0.9,,Kuzma Stogi official page,https://www.kuzma.si/stogi.html
1304,Kuzma,Stogi Ref 313,arm_mount,,Kuzma & Stogi,,Kuzma & Stogi,parsed,0.9,,Kuzma Stogi Ref 313 official page,https://www.kuzma.si/stogi-ref-313.html
1299,Kuzma,Stogi Ref 313,effective_length_mm,313.0,,mm,313 mm,parsed,0.95,,Kuzma Stogi Ref 313 official page,https://www.kuzma.si/stogi-ref-313.html
1303,Kuzma,Stogi Ref 313,effective_mass_g,14.0,,g,14 g,parsed,0.95,,Kuzma Stogi Ref 313 official page,https://www.kuzma.si/stogi-ref-313.html
1300,Kuzma,Stogi Ref 313,mounting_distance_mm,300.0,,mm,300 mm,parsed,0.95,,Kuzma Stogi Ref 313 official page,https://www.kuzma.si/stogi-ref-313.html
1665,Kuzma,Stogi Ref 313,null_alignment_type,,Baewald,,65.459 / 121.741 mm,derived,0.85,"Backfilled from derived null points using effective length, mounting distance/overhang, and offset angle; nearest-reference distance 1.000 mm.",Kuzma Stogi Ref 313 official page,https://www.kuzma.si/stogi-ref-313.html
1302,Kuzma,Stogi Ref 313,offset_angle_deg,17.4,,deg,17.4 degrees,parsed,0.95,,Kuzma Stogi Ref 313 official page,https://www.kuzma.si/stogi-ref-313.html
1301,Kuzma,Stogi Ref 313,overhang_mm,13.0,,mm,Derived from 313 mm effective length and 300 mm arm mount distance,derived,0.9,,Kuzma Stogi Ref 313 official page,https://www.kuzma.si/stogi-ref-313.html
997,Kuzma,Stogi Ref 313 VTA,arm_mount,,Kuzma cut-out 40 mm with 212 mm mounting distance,,40 mm cut-out / 212 mm mounting distance,parsed,0.9,,Kuzma tonearms FAQ,https://www.kuzma.si/kuzma-tonearms.html
1309,Kuzma,Stogi Ref 313 VTA,arm_mount,,Kuzma armbase / standard 9 inch position,,Mounted on standard 9 inch position with rigid VTA tower,parsed,0.85,,Kuzma Stogi Ref 313 VTA official page,https://www.kuzma.si/stogi-ref-313-vta.html
991,Kuzma,Stogi Ref 313 VTA,effective_length_mm,313.0,,mm,313 mm,parsed,0.95,,Kuzma tonearms FAQ,https://www.kuzma.si/kuzma-tonearms.html
1305,Kuzma,Stogi Ref 313 VTA,effective_length_mm,313.0,,mm,313 mm,parsed,0.95,,Kuzma Stogi Ref 313 VTA official page,https://www.kuzma.si/stogi-ref-313-vta.html
1308,Kuzma,Stogi Ref 313 VTA,effective_mass_g,13.0,,g,13 g,parsed,0.9,Mass from official brochure/manual snippet; product page family description confirms model.,Kuzma Stogi Ref 313 VTA official page,https://www.kuzma.si/stogi-ref-313-vta.html
992,Kuzma,Stogi Ref 313 VTA,mounting_distance_mm,212.0,,mm,212 mm,parsed,0.95,,Kuzma tonearms FAQ,https://www.kuzma.si/kuzma-tonearms.html
1306,Kuzma,Stogi Ref 313 VTA,mounting_distance_mm,212.0,,mm,212 mm arm mount distance,parsed,0.95,,Kuzma Stogi Ref 313 VTA official page,https://www.kuzma.si/stogi-ref-313-vta.html
1614,Kuzma,Stogi Ref 313 VTA,null_alignment_type,,Baewald,,66.000 / 120.900 mm,derived,0.9,Backfilled from null-point pair proximity to reference alignments; nearest-reference distance 0.000 mm.,Kuzma tonearms FAQ,https://www.kuzma.si/kuzma-tonearms.html
995,Kuzma,Stogi Ref 313 VTA,null_point_inner_mm,66.0,,mm,66 mm,parsed,0.85,,Kuzma tonearms FAQ,https://www.kuzma.si/kuzma-tonearms.html
996,Kuzma,Stogi Ref 313 VTA,null_point_outer_mm,120.9,,mm,120.9 mm,parsed,0.85,,Kuzma tonearms FAQ,https://www.kuzma.si/kuzma-tonearms.html
994,Kuzma,Stogi Ref 313 VTA,null_points,,66 / 120.9,,66 mm / 120.9 mm,parsed,0.85,,Kuzma tonearms FAQ,https://www.kuzma.si/kuzma-tonearms.html
1307,Kuzma,Stogi Ref 313 VTA,offset_angle_deg,17.37,,deg,17.37 degrees,parsed,0.9,Angle from official brochure/manual snippet matches official page family description.,Kuzma Stogi Ref 313 VTA official page,https://www.kuzma.si/stogi-ref-313-vta.html
993,Kuzma,Stogi Ref 313 VTA,overhang_mm,,FAQ table implies unusual geometry,,Derived from 313 mm effective length and 212 mm mounting distance,raw_only,0.2,Official FAQ states 12 inch arm on standard 9 inch mounting distance; no numeric overhang stored pending confirmation.,Kuzma tonearms FAQ,https://www.kuzma.si/kuzma-tonearms.html
990,Kuzma,Stogi Ref 9-inch,arm_mount,,Stogi cut-out 30 mm with 212 mm mounting distance,,30 mm cut-out / 212 mm mounting distance,parsed,0.9,,Kuzma tonearms FAQ,https://www.kuzma.si/kuzma-tonearms.html
1298,Kuzma,Stogi Ref 9-inch,arm_mount,,Kuzma & Stogi,,Kuzma & Stogi,parsed,0.9,,Kuzma Stogi Ref official page,https://www.kuzma.si/stogi-ref.html
984,Kuzma,Stogi Ref 9-inch,effective_length_mm,230.0,,mm,230 mm (9 inch),parsed,0.95,,Kuzma tonearms FAQ,https://www.kuzma.si/kuzma-tonearms.html
1293,Kuzma,Stogi Ref 9-inch,effective_length_mm,229.0,,mm,229 mm,parsed,0.95,,Kuzma Stogi Ref official page,https://www.kuzma.si/stogi-ref.html
1297,Kuzma,Stogi Ref 9-inch,effective_mass_g,13.0,,g,13 g,parsed,0.95,,Kuzma Stogi Ref official page,https://www.kuzma.si/stogi-ref.html
985,Kuzma,Stogi Ref 9-inch,mounting_distance_mm,212.0,,mm,212 mm,parsed,0.95,,Kuzma tonearms FAQ,https://www.kuzma.si/kuzma-tonearms.html
1294,Kuzma,Stogi Ref 9-inch,mounting_distance_mm,212.0,,mm,212 mm,parsed,0.95,,Kuzma Stogi Ref official page,https://www.kuzma.si/stogi-ref.html
1613,Kuzma,Stogi Ref 9-inch,null_alignment_type,,Baewald,,66.000 / 120.900 mm,derived,0.9,Backfilled from null-point pair proximity to reference alignments; nearest-reference distance 0.000 mm.,Kuzma tonearms FAQ,https://www.kuzma.si/kuzma-tonearms.html
988,Kuzma,Stogi Ref 9-inch,null_point_inner_mm,66.0,,mm,66 mm,parsed,0.9,,Kuzma tonearms FAQ,https://www.kuzma.si/kuzma-tonearms.html
989,Kuzma,Stogi Ref 9-inch,null_point_outer_mm,120.9,,mm,120.9 mm,parsed,0.9,,Kuzma tonearms FAQ,https://www.kuzma.si/kuzma-tonearms.html
987,Kuzma,Stogi Ref 9-inch,null_points,,66 / 120.9,,66 mm / 120.9 mm,parsed,0.9,,Kuzma tonearms FAQ,https://www.kuzma.si/kuzma-tonearms.html
1296,Kuzma,Stogi Ref 9-inch,offset_angle_deg,23.0,,deg,23 degrees,parsed,0.95,,Kuzma Stogi Ref official page,https://www.kuzma.si/stogi-ref.html
986,Kuzma,Stogi Ref 9-inch,overhang_mm,18.0,,mm,Derived from 230 mm effective length and 212 mm mounting distance,derived,0.85,,Kuzma tonearms FAQ,https://www.kuzma.si/kuzma-tonearms.html
1295,Kuzma,Stogi Ref 9-inch,overhang_mm,17.0,,mm,Derived from 229 mm effective length and 212 mm arm mount distance,derived,0.9,,Kuzma Stogi Ref official page,https://www.kuzma.si/stogi-ref.html
1368,Kuzma,Stogi S 12-inch,arm_mount,,Kuzma & Stogi,,,raw_only,0.9,,Kuzma tonearms official page,https://www.kuzma.si/tonearms
1364,Kuzma,Stogi S 12-inch,effective_length_mm,304.8,,mm,304.8 mm,parsed,0.95,,Kuzma tonearms official page,https://www.kuzma.si/tonearms
1366,Kuzma,Stogi S 12-inch,effective_mass_g,12.0,,g,12 g,parsed,0.95,,Kuzma tonearms official page,https://www.kuzma.si/tonearms
1670,Kuzma,Stogi S 12-inch,null_alignment_type,,Other,,71.735 / 114.617 mm,derived,0.65,"Backfilled from derived null points using effective length, mounting distance/overhang, and offset angle; nearest-reference distance 2.461 mm.",Kuzma tonearms official page,https://www.kuzma.si/tonearms
1367,Kuzma,Stogi S 12-inch,offset_angle_deg,17.8,,deg,17.8 degrees,parsed,0.95,,Kuzma tonearms official page,https://www.kuzma.si/tonearms
1365,Kuzma,Stogi S 12-inch,overhang_mm,13.8,,mm,Derived from 304.8 mm effective length and 291 mm spindle to horizontal bearing,derived,0.8,Official table provides 291 mm spindle-to-horizontal-bearing value.,Kuzma tonearms official page,https://www.kuzma.si/tonearms
1373,Kuzma,Stogi S 12-inch VTA,arm_mount,,Kuzma & Stogi,,,raw_only,0.9,,Kuzma tonearms official page,https://www.kuzma.si/tonearms
1369,Kuzma,Stogi S 12-inch VTA,effective_length_mm,304.8,,mm,304.8 mm,parsed,0.95,,Kuzma tonearms official page,https://www.kuzma.si/tonearms
1371,Kuzma,Stogi S 12-inch VTA,effective_mass_g,12.0,,g,12 g,parsed,0.95,,Kuzma tonearms official page,https://www.kuzma.si/tonearms
1671,Kuzma,Stogi S 12-inch VTA,null_alignment_type,,Other,,71.735 / 114.617 mm,derived,0.65,"Backfilled from derived null points using effective length, mounting distance/overhang, and offset angle; nearest-reference distance 2.461 mm.",Kuzma tonearms official page,https://www.kuzma.si/tonearms
1372,Kuzma,Stogi S 12-inch VTA,offset_angle_deg,17.8,,deg,17.8 degrees,parsed,0.95,,Kuzma tonearms official page,https://www.kuzma.si/tonearms
1370,Kuzma,Stogi S 12-inch VTA,overhang_mm,13.8,,mm,Derived from 304.8 mm effective length and 291 mm spindle to horizontal bearing,derived,0.8,Official table provides 291 mm spindle-to-horizontal-bearing value.,Kuzma tonearms official page,https://www.kuzma.si/tonearms
846,Kuzma,Stogi S 9-inch,arm_mount,,Stogi cut-out 30 mm with 212 mm mounting distance,,30 mm cut-out / 212 mm mounting distance,parsed,0.9,,Kuzma tonearms FAQ,https://www.kuzma.si/kuzma-tonearms.html
1292,Kuzma,Stogi S 9-inch,arm_mount,,Kuzma,,Kuzma,parsed,0.95,,Kuzma Stogi S brochure,https://www.kuzma.si/media/uploads/files/KUZMA%20Stogi%20S%20tonearm%202011(1).pdf
1363,Kuzma,Stogi S 9-inch,arm_mount,,Kuzma,,,raw_only,0.9,,Kuzma tonearms official page,https://www.kuzma.si/tonearms
840,Kuzma,Stogi S 9-inch,effective_length_mm,230.0,,mm,230 mm (9 inch),parsed,0.95,,Kuzma tonearms FAQ,https://www.kuzma.si/kuzma-tonearms.html
1288,Kuzma,Stogi S 9-inch,effective_length_mm,229.0,,mm,229 mm,parsed,0.95,,Kuzma Stogi S brochure,https://www.kuzma.si/media/uploads/files/KUZMA%20Stogi%20S%20tonearm%202011(1).pdf
1360,Kuzma,Stogi S 9-inch,effective_length_mm,229.0,,mm,229 mm,parsed,0.95,,Kuzma tonearms official page,https://www.kuzma.si/tonearms
1291,Kuzma,Stogi S 9-inch,effective_mass_g,11.0,,g,11 g,parsed,0.95,,Kuzma Stogi S brochure,https://www.kuzma.si/media/uploads/files/KUZMA%20Stogi%20S%20tonearm%202011(1).pdf
1361,Kuzma,Stogi S 9-inch,effective_mass_g,11.0,,g,11 g,parsed,0.95,,Kuzma tonearms official page,https://www.kuzma.si/tonearms
841,Kuzma,Stogi S 9-inch,mounting_distance_mm,212.0,,mm,212 mm,parsed,0.95,,Kuzma tonearms FAQ,https://www.kuzma.si/kuzma-tonearms.html
1289,Kuzma,Stogi S 9-inch,mounting_distance_mm,212.0,,mm,212 mm,parsed,0.95,,Kuzma Stogi S brochure,https://www.kuzma.si/media/uploads/files/KUZMA%20Stogi%20S%20tonearm%202011(1).pdf
1588,Kuzma,Stogi S 9-inch,null_alignment_type,,Baewald,,66.000 / 120.900 mm,derived,0.9,Backfilled from null-point pair proximity to reference alignments; nearest-reference distance 0.000 mm.,Kuzma tonearms FAQ,https://www.kuzma.si/kuzma-tonearms.html
844,Kuzma,Stogi S 9-inch,null_point_inner_mm,66.0,,mm,66 mm,parsed,0.9,,Kuzma tonearms FAQ,https://www.kuzma.si/kuzma-tonearms.html
845,Kuzma,Stogi S 9-inch,null_point_outer_mm,120.9,,mm,120.9 mm,parsed,0.9,,Kuzma tonearms FAQ,https://www.kuzma.si/kuzma-tonearms.html
843,Kuzma,Stogi S 9-inch,null_points,,66 / 120.9,,66 mm / 120.9 mm,parsed,0.9,,Kuzma tonearms FAQ,https://www.kuzma.si/kuzma-tonearms.html
1362,Kuzma,Stogi S 9-inch,offset_angle_deg,23.0,,deg,23 degrees,parsed,0.95,,Kuzma tonearms official page,https://www.kuzma.si/tonearms
842,Kuzma,Stogi S 9-inch,overhang_mm,18.0,,mm,Derived from 230 mm effective length and 212 mm mounting distance,derived,0.85,,Kuzma tonearms FAQ,https://www.kuzma.si/kuzma-tonearms.html
1290,Kuzma,Stogi S 9-inch,overhang_mm,17.0,,mm,Derived from 229 mm effective length and 212 mm pivot to spindle distance,derived,0.9,,Kuzma Stogi S brochure,https://www.kuzma.si/media/uploads/files/KUZMA%20Stogi%20S%20tonearm%202011(1).pdf
523,Linn,Akito/Basik/Ittok/Ekos,effective_length_mm,229.0,,mm,229,parsed,0.6,,BIGLOBE Arm Data,https://www7a.biglobe.ne.jp/~yosh/armdata.htm
1537,Linn,Akito/Basik/Ittok/Ekos,null_alignment_type,,Baewald,,66.000 / 121.000 mm,derived,0.85,Backfilled from null-point pair proximity to reference alignments; nearest-reference distance 0.100 mm.,BIGLOBE Arm Data,https://www7a.biglobe.ne.jp/~yosh/armdata.htm
527,Linn,Akito/Basik/Ittok/Ekos,null_point_inner_mm,66.0,,mm,66/121,parsed,0.6,,BIGLOBE Arm Data,https://www7a.biglobe.ne.jp/~yosh/armdata.htm
528,Linn,Akito/Basik/Ittok/Ekos,null_point_outer_mm,121.0,,mm,66/121,parsed,0.6,,BIGLOBE Arm Data,https://www7a.biglobe.ne.jp/~yosh/armdata.htm
526,Linn,Akito/Basik/Ittok/Ekos,null_points,,66/121,,66/121,parsed,0.6,,BIGLOBE Arm Data,https://www7a.biglobe.ne.jp/~yosh/armdata.htm
525,Linn,Akito/Basik/Ittok/Ekos,offset_angle_deg,24.0,,deg,24,parsed,0.6,,BIGLOBE Arm Data,https://www7a.biglobe.ne.jp/~yosh/armdata.htm
524,Linn,Akito/Basik/Ittok/Ekos,overhang_mm,18.0,,mm,18,parsed,0.6,,BIGLOBE Arm Data,https://www7a.biglobe.ne.jp/~yosh/armdata.htm
2651,Linn,Akito/Basik/Ittok/Ekos,product_lineage,,"Official Linn documentation lists Basik, Akito, Ekos, and Ittok as distinct Linn tonearm product lines within the company tonearm range.",,LinnDocs tonearm menu,parsed,0.85,Official grouped-family support.,Template:Menu:Tonearms - LinnDocs,https://docs.linn.co.uk/wiki/index.php/Template:Menu:Tonearms
2652,Linn,Akito/Basik/Ittok/Ekos,product_lineage,,"Linn Ittok is documented by an official Linn information sheet, strengthening official support for the grouped Akito/Basik/Ittok/Ekos row.",,Linn Ittok info PDF,parsed,0.8,Official exact-model support inside grouped row.,ITTOKTONEARM.PDF,https://docs.linn.co.uk/wiki/images/3/36/Ittok_info.pdf
2114,Linn,Ekos SE,arm_tube_material,,machined titanium arm tube,,The arm tube is machined from titanium to reduce resonance,parsed,0.9,,LinnDocs EKOS SE,https://docs.linn.co.uk/wiki/index.php/EKOS_SE
2113,Linn,Ekos SE,arm_type,,turntable tonearm,,Type: Turntable tonearm,parsed,0.9,,LinnDocs EKOS SE,https://docs.linn.co.uk/wiki/index.php/EKOS_SE
2117,Linn,Ekos SE,bearing_friction_horizontal_mg,20.0,,mg,Horizontal bearing friction <20mg,parsed,0.9,Stored as threshold value from official documentation.,LinnDocs EKOS SE,https://docs.linn.co.uk/wiki/index.php/EKOS_SE
2116,Linn,Ekos SE,bearing_friction_lateral_mg,20.0,,mg,Lateral bearing friction <20mg,parsed,0.9,Stored as threshold value from official documentation.,LinnDocs EKOS SE,https://docs.linn.co.uk/wiki/index.php/EKOS_SE
2115,Linn,Ekos SE,bearing_housing_material,,stainless steel bearing housing,,a stainless steel bearing housing ensures precision of movement,parsed,0.9,,LinnDocs EKOS SE,https://docs.linn.co.uk/wiki/index.php/EKOS_SE
2121,Linn,Ekos SE,cartridge_range_high_g,9.0,,g,Cartridge range 3-9g,parsed,0.9,,LinnDocs EKOS SE,https://docs.linn.co.uk/wiki/index.php/EKOS_SE
2120,Linn,Ekos SE,cartridge_range_low_g,3.0,,g,Cartridge range 3-9g,parsed,0.9,,LinnDocs EKOS SE,https://docs.linn.co.uk/wiki/index.php/EKOS_SE
2122,Linn,Ekos SE,effective_length_mm,229.0,,mm,Pivot to stylus 229mm,parsed,0.9,Official LinnDocs labels this pivot-to-stylus dimension.,LinnDocs EKOS SE,https://docs.linn.co.uk/wiki/index.php/EKOS_SE
2118,Linn,Ekos SE,effective_mass_g,11.5,,g,Effective mass 11.5g,parsed,0.9,,LinnDocs EKOS SE,https://docs.linn.co.uk/wiki/index.php/EKOS_SE
2124,Linn,Ekos SE,mounting_distance_mm,211.0,,mm,Pivot to stylus 229mm; Stylus overhang 18mm,parsed,0.9,Derived as 229 - 18 from official LinnDocs values.,LinnDocs EKOS SE,https://docs.linn.co.uk/wiki/index.php/EKOS_SE
2126,Linn,Ekos SE,null_alignment_type,,Unknown,,Unknown,derived,0.4,Defaulted because the current source set does not explicitly specify a null alignment family.,LinnDocs EKOS SE,https://docs.linn.co.uk/wiki/index.php/EKOS_SE
2125,Linn,Ekos SE,output_cable,,T-Kable low-loss cable,,"Ekos SE also comes with T-Kable, Linn’s low-loss cable",parsed,0.9,,Linn Ekos SE official product page,https://www.linn.co.uk/turntables/components/ekos-se
2123,Linn,Ekos SE,overhang_mm,18.0,,mm,Stylus overhang 18mm,parsed,0.9,,LinnDocs EKOS SE,https://docs.linn.co.uk/wiki/index.php/EKOS_SE
2119,Linn,Ekos SE,tracking_force_range_g,,0-3 g,,Tracking weight adjustment 0-3g,parsed,0.9,,LinnDocs EKOS SE,https://docs.linn.co.uk/wiki/index.php/EKOS_SE
529,Logic,datum S,effective_length_mm,228.0,,mm,228,parsed,0.6,,BIGLOBE Arm Data,https://www7a.biglobe.ne.jp/~yosh/armdata.htm
1538,Logic,datum S,null_alignment_type,,Other,,65.000 / 117.000 mm,derived,0.75,Backfilled from null-point pair proximity to reference alignments; nearest-reference distance 4.026 mm.,BIGLOBE Arm Data,https://www7a.biglobe.ne.jp/~yosh/armdata.htm
533,Logic,datum S,null_point_inner_mm,65.0,,mm,65/117,parsed,0.6,,BIGLOBE Arm Data,https://www7a.biglobe.ne.jp/~yosh/armdata.htm
534,Logic,datum S,null_point_outer_mm,117.0,,mm,65/117,parsed,0.6,,BIGLOBE Arm Data,https://www7a.biglobe.ne.jp/~yosh/armdata.htm
532,Logic,datum S,null_points,,65/117,,65/117,parsed,0.6,,BIGLOBE Arm Data,https://www7a.biglobe.ne.jp/~yosh/armdata.htm
531,Logic,datum S,offset_angle_deg,23.5,,deg,23.5,parsed,0.6,,BIGLOBE Arm Data,https://www7a.biglobe.ne.jp/~yosh/armdata.htm
530,Logic,datum S,overhang_mm,17.3,,mm,17.3,parsed,0.6,,BIGLOBE Arm Data,https://www7a.biglobe.ne.jp/~yosh/armdata.htm
2675,Logic,datum S,product_lineage,,"The Manticore Musician manual page identifies the arm as based on the earlier Logic/Syrinx designed Datum, providing manual-mirror family support for Logic Datum S.",,Manticore Musician manual page states based on earlier Logic/Syrinx designed Datum,parsed,0.7,Manual-mirror family-lineage support for historic Logic datum row.,Manticore Musician Tonearm Manual,https://www.vinylengine.com/library/manticore/musician.shtml
175,Lustre,GST-1,effective_length_mm,237.0,,mm,237,parsed,0.6,,BIGLOBE Arm Data,https://www7a.biglobe.ne.jp/~yosh/armdata.htm
1479,Lustre,GST-1,null_alignment_type,,Other,,60.000 / 114.000 mm,derived,0.75,Backfilled from null-point pair proximity to reference alignments; nearest-reference distance 3.435 mm.,BIGLOBE Arm Data,https://www7a.biglobe.ne.jp/~yosh/armdata.htm
179,Lustre,GST-1,null_point_inner_mm,60.0,,mm,60/114 (67/103),parsed,0.6,,BIGLOBE Arm Data,https://www7a.biglobe.ne.jp/~yosh/armdata.htm
180,Lustre,GST-1,null_point_outer_mm,114.0,,mm,60/114 (67/103),parsed,0.6,,BIGLOBE Arm Data,https://www7a.biglobe.ne.jp/~yosh/armdata.htm
178,Lustre,GST-1,null_points,,60/114 (67/103),,60/114 (67/103),parsed,0.6,,BIGLOBE Arm Data,https://www7a.biglobe.ne.jp/~yosh/armdata.htm
177,Lustre,GST-1,offset_angle_deg,21.6,,deg,21.6? (21),parsed,0.6,,BIGLOBE Arm Data,https://www7a.biglobe.ne.jp/~yosh/armdata.htm
176,Lustre,GST-1,overhang_mm,15.0,,mm,15,parsed,0.6,,BIGLOBE Arm Data,https://www7a.biglobe.ne.jp/~yosh/armdata.htm
2597,Lustre,GST-1,product_lineage,,Lustre GST-1 is documented by mirrored original-manual support as a gimbal-bearing tonearm with removable headshell and full adjustment facilities.,,Acos Lustre GST 1 manual page,parsed,0.75,Manual-mirror support for exact model.,Acos Lustre GST 1 Gimbal Bearing Tonearm Manual,https://www.vinylengine.com/library/acos/lustre-gst-1.shtml
181,Lustre,GST-801,effective_length_mm,240.0,,mm,240,parsed,0.6,,BIGLOBE Arm Data,https://www7a.biglobe.ne.jp/~yosh/armdata.htm
1480,Lustre,GST-801,null_alignment_type,,Stevenson,,60.000 / 117.000 mm,derived,0.85,Backfilled from null-point pair proximity to reference alignments; nearest-reference distance 0.531 mm.,BIGLOBE Arm Data,https://www7a.biglobe.ne.jp/~yosh/armdata.htm
185,Lustre,GST-801,null_point_inner_mm,60.0,,mm,60/117 (65/107),parsed,0.6,,BIGLOBE Arm Data,https://www7a.biglobe.ne.jp/~yosh/armdata.htm
186,Lustre,GST-801,null_point_outer_mm,117.0,,mm,60/117 (65/107),parsed,0.6,,BIGLOBE Arm Data,https://www7a.biglobe.ne.jp/~yosh/armdata.htm
184,Lustre,GST-801,null_points,,60/117 (65/107),,60/117 (65/107),parsed,0.6,,BIGLOBE Arm Data,https://www7a.biglobe.ne.jp/~yosh/armdata.htm
183,Lustre,GST-801,offset_angle_deg,21.6,,deg,21.6? (21?),parsed,0.6,,BIGLOBE Arm Data,https://www7a.biglobe.ne.jp/~yosh/armdata.htm
182,Lustre,GST-801,overhang_mm,15.0,,mm,15,parsed,0.6,,BIGLOBE Arm Data,https://www7a.biglobe.ne.jp/~yosh/armdata.htm
2598,Lustre,GST-801,product_lineage,,Lustre GST-801 is documented by mirrored original-manual support as a high-precision dynamic-balance type tonearm.,,Acos Lustre GST 801 manual page,parsed,0.75,Manual-mirror support for exact model.,Acos Lustre GST 801 High Precision Dynamic-Balance Type Tonearm Manual,https://www.vinylengine.com/library/acos/lustre-gst-801.shtml
2599,Lustre,GST-801,product_lineage,,Official Luxman armboard fitment list includes Luster GST-801 among compatible tonearms for the PD310 platform.,,PD310 armboard list includes GST-801,parsed,0.65,Official third-party historical support for exact model.,LUXMAN PD310の仕様 ラックスマン,https://audio-heritage.jp/LUXMAN/player/pd310.html
535,Magnepan,Unitrac-1,effective_length_mm,241.3,,mm,241.3,parsed,0.6,,BIGLOBE Arm Data,https://www7a.biglobe.ne.jp/~yosh/armdata.htm
1539,Magnepan,Unitrac-1,null_alignment_type,,Baewald,,66.000 / 121.000 mm,derived,0.85,Backfilled from null-point pair proximity to reference alignments; nearest-reference distance 0.100 mm.,BIGLOBE Arm Data,https://www7a.biglobe.ne.jp/~yosh/armdata.htm
539,Magnepan,Unitrac-1,null_point_inner_mm,66.0,,mm,66/121,parsed,0.6,,BIGLOBE Arm Data,https://www7a.biglobe.ne.jp/~yosh/armdata.htm
540,Magnepan,Unitrac-1,null_point_outer_mm,121.0,,mm,66/121,parsed,0.6,,BIGLOBE Arm Data,https://www7a.biglobe.ne.jp/~yosh/armdata.htm
538,Magnepan,Unitrac-1,null_points,,66/121,,66/121,parsed,0.6,,BIGLOBE Arm Data,https://www7a.biglobe.ne.jp/~yosh/armdata.htm
537,Magnepan,Unitrac-1,offset_angle_deg,22.8,,deg,22.8,parsed,0.6,,BIGLOBE Arm Data,https://www7a.biglobe.ne.jp/~yosh/armdata.htm
536,Magnepan,Unitrac-1,overhang_mm,17.145,,mm,17.145,parsed,0.6,,BIGLOBE Arm Data,https://www7a.biglobe.ne.jp/~yosh/armdata.htm
2653,Magnepan,Unitrac-1,product_lineage,,Magnepan Unitrac-1 is documented by mirrored original-manual support as the Magnepan carbon-fibre unipivot tonearm.,,Magnepan Unitrac-1 manual page,parsed,0.8,Manual-mirror support for exact model.,Magnepan Unitrac 1 UnDamped Radial Uni-Pivot Tonearm Manual,https://www.vinylengine.com/library/magnepan/unitrac-1.shtml
547,Manticore,Magician 12inch,effective_length_mm,304.8,,mm,304.8,parsed,0.6,,BIGLOBE Arm Data,https://www7a.biglobe.ne.jp/~yosh/armdata.htm
1541,Manticore,Magician 12inch,null_alignment_type,,Other,,79.000 / 149.000 mm,derived,0.75,Backfilled from null-point pair proximity to reference alignments; nearest-reference distance 30.961 mm.,BIGLOBE Arm Data,https://www7a.biglobe.ne.jp/~yosh/armdata.htm
551,Manticore,Magician 12inch,null_point_inner_mm,79.0,,mm,79/149,parsed,0.6,,BIGLOBE Arm Data,https://www7a.biglobe.ne.jp/~yosh/armdata.htm
552,Manticore,Magician 12inch,null_point_outer_mm,149.0,,mm,79/149,parsed,0.6,,BIGLOBE Arm Data,https://www7a.biglobe.ne.jp/~yosh/armdata.htm
550,Manticore,Magician 12inch,null_points,,79/149,,79/149,parsed,0.6,,BIGLOBE Arm Data,https://www7a.biglobe.ne.jp/~yosh/armdata.htm
549,Manticore,Magician 12inch,offset_angle_deg,21.967,,deg,21.967,parsed,0.6,,BIGLOBE Arm Data,https://www7a.biglobe.ne.jp/~yosh/armdata.htm
548,Manticore,Magician 12inch,overhang_mm,20.0,,mm,20,parsed,0.6,,BIGLOBE Arm Data,https://www7a.biglobe.ne.jp/~yosh/armdata.htm
2665,Manticore,Magician 12inch,product_lineage,,"The Vinyl Engine Manticore library page states that Manticore produced the Musician and Magician tonearm range, providing mirrored library support for the Magician 12-inch row.",,Manticore library page names Musician and Magician range,parsed,0.65,Manual-library family support for historic exact model row.,Manticore Manuals | Vinyl Engine,https://www.vinylengine.com/library/manticore.shtml
541,Manticore,Musician/Magician,effective_length_mm,227.48,,mm,227.48,parsed,0.6,,BIGLOBE Arm Data,https://www7a.biglobe.ne.jp/~yosh/armdata.htm
1540,Manticore,Musician/Magician,null_alignment_type,,Other,,60.000 / 122.000 mm,derived,0.75,Backfilled from null-point pair proximity to reference alignments; nearest-reference distance 4.592 mm.,BIGLOBE Arm Data,https://www7a.biglobe.ne.jp/~yosh/armdata.htm
545,Manticore,Musician/Magician,null_point_inner_mm,60.0,,mm,60/122,parsed,0.6,,BIGLOBE Arm Data,https://www7a.biglobe.ne.jp/~yosh/armdata.htm
546,Manticore,Musician/Magician,null_point_outer_mm,122.0,,mm,60/122,parsed,0.6,,BIGLOBE Arm Data,https://www7a.biglobe.ne.jp/~yosh/armdata.htm
544,Manticore,Musician/Magician,null_points,,60/122,,60/122,parsed,0.6,,BIGLOBE Arm Data,https://www7a.biglobe.ne.jp/~yosh/armdata.htm
543,Manticore,Musician/Magician,offset_angle_deg,23.6,,deg,23.6,parsed,0.6,,BIGLOBE Arm Data,https://www7a.biglobe.ne.jp/~yosh/armdata.htm
542,Manticore,Musician/Magician,overhang_mm,16.78,,mm,16.78,parsed,0.6,,BIGLOBE Arm Data,https://www7a.biglobe.ne.jp/~yosh/armdata.htm
2666,Manticore,Musician/Magician,product_lineage,,"Manticore Musician is documented by mirrored original-manual support, and the related Magician is identified as the polished-aluminium counterpart within the same tonearm family.",,Manticore Musician manual page,parsed,0.75,Manual-mirror support for grouped row.,Manticore Musician Tonearm Manual,https://www.vinylengine.com/library/manticore/musician.shtml
559,Mayware,Formula 4 MK III/IV/V,effective_length_mm,229.0,,mm,229+/-3,parsed,0.6,,BIGLOBE Arm Data,https://www7a.biglobe.ne.jp/~yosh/armdata.htm
1543,Mayware,Formula 4 MK III/IV/V,null_alignment_type,,Other,,62.311 / 120.316 mm,derived,0.65,"Backfilled from derived null points using effective length, mounting distance/overhang, and offset angle; nearest-reference distance 3.512 mm.",BIGLOBE Arm Data,https://www7a.biglobe.ne.jp/~yosh/armdata.htm
563,Mayware,Formula 4 MK III/IV/V,null_point_inner_mm,63.5,,mm,around 63.5,parsed,0.6,,BIGLOBE Arm Data,https://www7a.biglobe.ne.jp/~yosh/armdata.htm
564,Mayware,Formula 4 MK III/IV/V,null_point_outer_mm,,,mm,around 63.5,raw_only,0.6,,BIGLOBE Arm Data,https://www7a.biglobe.ne.jp/~yosh/armdata.htm
562,Mayware,Formula 4 MK III/IV/V,null_points,,around 63.5,,around 63.5,parsed,0.6,,BIGLOBE Arm Data,https://www7a.biglobe.ne.jp/~yosh/armdata.htm
561,Mayware,Formula 4 MK III/IV/V,offset_angle_deg,23.5,,deg,around 23.5,parsed,0.6,,BIGLOBE Arm Data,https://www7a.biglobe.ne.jp/~yosh/armdata.htm
560,Mayware,Formula 4 MK III/IV/V,overhang_mm,17.0,,mm,around 17,parsed,0.6,,BIGLOBE Arm Data,https://www7a.biglobe.ne.jp/~yosh/armdata.htm
2628,Mayware,Formula 4 MK III/IV/V,product_lineage,,"Grouped Mayware row includes Formula IV, documented by mirrored original-manual support as the professional laboratory variable-mass silicone-damped pick-up arm in the Formula 4 family.",,Formula IV manual page,parsed,0.75,Manual-mirror support for grouped family member.,Mayware Formula IV,https://www.vinylengine.com/library/mayware/formula-iv.shtml
553,Mayware,Formula 4 Model PL S4/D,effective_length_mm,224.0,,mm,224,parsed,0.6,,BIGLOBE Arm Data,https://www7a.biglobe.ne.jp/~yosh/armdata.htm
1542,Mayware,Formula 4 Model PL S4/D,null_alignment_type,,Other,,60.000 / 108.000 mm,derived,0.75,Backfilled from null-point pair proximity to reference alignments; nearest-reference distance 9.426 mm.,BIGLOBE Arm Data,https://www7a.biglobe.ne.jp/~yosh/armdata.htm
557,Mayware,Formula 4 Model PL S4/D,null_point_inner_mm,60.0,,mm,60/108,parsed,0.6,,BIGLOBE Arm Data,https://www7a.biglobe.ne.jp/~yosh/armdata.htm
558,Mayware,Formula 4 Model PL S4/D,null_point_outer_mm,108.0,,mm,60/108,parsed,0.6,,BIGLOBE Arm Data,https://www7a.biglobe.ne.jp/~yosh/armdata.htm
556,Mayware,Formula 4 Model PL S4/D,null_points,,60/108,,60/108,parsed,0.6,,BIGLOBE Arm Data,https://www7a.biglobe.ne.jp/~yosh/armdata.htm
555,Mayware,Formula 4 Model PL S4/D,offset_angle_deg,22.023,,deg,22.023,parsed,0.6,,BIGLOBE Arm Data,https://www7a.biglobe.ne.jp/~yosh/armdata.htm
554,Mayware,Formula 4 Model PL S4/D,overhang_mm,15.0,,mm,15,parsed,0.6,,BIGLOBE Arm Data,https://www7a.biglobe.ne.jp/~yosh/armdata.htm
2629,Mayware,Formula 4 Model PL S4/D,product_lineage,,Mayware Formula 4 Model PL S4/D belongs to the Formula 4 family documented by mirrored original-manual support for the Formula IV professional laboratory variable-mass silicone-damped arm.,,Formula IV manual page,parsed,0.65,Conservative family-lineage support for exact variant row.,Mayware Formula IV,https://www.vinylengine.com/library/mayware/formula-iv.shtml
1684,Michell,T2 Tonearm,arm_mount,,Three point arm mounting system,,brand new arm tube and the current three point arm mounting system,parsed,0.9,,Michell T2 tonearm official page,https://www.michellaudio.com/michell-t2-tonearm
1682,Michell,T2 Tonearm,effective_mass_g,11.0,,g,Effective mass - Low / 11g,parsed,0.95,,Michell T2 tonearm official page,https://www.michellaudio.com/michell-t2-tonearm
1683,Michell,T2 Tonearm,mounting_distance_mm,222.0,,mm,Mounting distance platter centre to arm hole centre 222mm,parsed,0.95,,Michell T2 tonearm official page,https://www.michellaudio.com/michell-t2-tonearm
1768,Michell,T2 Tonearm,null_alignment_type,,Unknown,,Unknown,derived,0.4,Defaulted because the current source set does not explicitly specify a null alignment family.,Michell T2 tonearm official page,https://www.michellaudio.com/michell-t2-tonearm
1687,Michell,T8 Tonearm,arm_mount,,Partner with Gyro model turntables,,Partner with Gyro model turntables,parsed,0.85,,Michell T8 tonearm official page,https://www.michellaudio.com/michell-t8-tonearm
1685,Michell,T8 Tonearm,effective_mass_g,11.0,,g,Effective mass - Low / 11g,parsed,0.95,,Michell T8 tonearm official page,https://www.michellaudio.com/michell-t8-tonearm
1686,Michell,T8 Tonearm,mounting_distance_mm,222.0,,mm,Mounting distance platter centre to arm hole centre 222mm,parsed,0.95,,Michell T8 tonearm official page,https://www.michellaudio.com/michell-t8-tonearm
1769,Michell,T8 Tonearm,null_alignment_type,,Unknown,,Unknown,derived,0.4,Defaulted because the current source set does not explicitly specify a null alignment family.,Michell T8 tonearm official page,https://www.michellaudio.com/michell-t8-tonearm
1690,Michell,TecnoArm 2,arm_mount,,Partner with Gyro and Orbe model turntables; Rega compatibility without VTA adjuster on double-brace models,,Partner with Gyro and Orbe model turntables; only compatible with Rega turntables that utilise Double brace technology if you do not use the VTA adjuster,parsed,0.85,,Michell TecnoArm 2 official page,https://www.michellaudio.com/michell-tecnoarm-2-tonearm
1688,Michell,TecnoArm 2,effective_mass_g,12.5,,g,Effective mass - Low / 12.5g,parsed,0.95,,Michell TecnoArm 2 official page,https://www.michellaudio.com/michell-tecnoarm-2-tonearm
1689,Michell,TecnoArm 2,mounting_distance_mm,222.0,,mm,Mounting distance platter centre to arm hole centre 222mm,parsed,0.95,,Michell TecnoArm 2 official page,https://www.michellaudio.com/michell-tecnoarm-2-tonearm
1770,Michell,TecnoArm 2,null_alignment_type,,Unknown,,Unknown,derived,0.4,Defaulted because the current source set does not explicitly specify a null alignment family.,Michell TecnoArm 2 official page,https://www.michellaudio.com/michell-tecnoarm-2-tonearm
2504,Micro,MA-202,cartridge_range_high_g,6.0,,g,4～6g,parsed,0.75,Historical Micro specification page lists supported cartridge self-weight up to 6 g without added weight.,MICRO MA-202の仕様 マイクロ,https://audio-heritage.jp/MICRO/etc/ma-202.html
2503,Micro,MA-202,cartridge_range_low_g,4.0,,g,4～6g,parsed,0.75,Historical Micro specification page lists supported cartridge self-weight starting at 4 g.,MICRO MA-202の仕様 マイクロ,https://audio-heritage.jp/MICRO/etc/ma-202.html
187,Micro,MA-202,effective_length_mm,237.0,,mm,237,parsed,0.6,,BIGLOBE Arm Data,https://www7a.biglobe.ne.jp/~yosh/armdata.htm
2500,Micro,MA-202,effective_length_mm,237.0,,mm,237mm,parsed,0.8,Historical Micro specification page lists effective length as 237 mm.,MICRO MA-202の仕様 マイクロ,https://audio-heritage.jp/MICRO/etc/ma-202.html
1481,Micro,MA-202,null_alignment_type,,Other,,66.805 / 103.062 mm,derived,0.65,"Backfilled from derived null points using effective length, mounting distance/overhang, and offset angle; nearest-reference distance 13.983 mm.",MICRO MA-202の仕様 マイクロ,https://audio-heritage.jp/MICRO/etc/ma-202.html
191,Micro,MA-202,null_point_inner_mm,58.0,,mm,58/118 (67/103),parsed,0.6,,BIGLOBE Arm Data,https://www7a.biglobe.ne.jp/~yosh/armdata.htm
192,Micro,MA-202,null_point_outer_mm,118.0,,mm,58/118 (67/103),parsed,0.6,,BIGLOBE Arm Data,https://www7a.biglobe.ne.jp/~yosh/armdata.htm
190,Micro,MA-202,null_points,,58/118 (67/103),,58/118 (67/103),parsed,0.6,,BIGLOBE Arm Data,https://www7a.biglobe.ne.jp/~yosh/armdata.htm
189,Micro,MA-202,offset_angle_deg,21.833,,deg,21.833 (21),parsed,0.6,,BIGLOBE Arm Data,https://www7a.biglobe.ne.jp/~yosh/armdata.htm
2502,Micro,MA-202,offset_angle_deg,21.0,,deg,21゜,parsed,0.75,Historical Micro specification page lists offset angle as 21 degrees.,MICRO MA-202の仕様 マイクロ,https://audio-heritage.jp/MICRO/etc/ma-202.html
188,Micro,MA-202,overhang_mm,15.0,,mm,15,parsed,0.6,,BIGLOBE Arm Data,https://www7a.biglobe.ne.jp/~yosh/armdata.htm
2501,Micro,MA-202,overhang_mm,15.0,,mm,15mm,parsed,0.8,Historical Micro specification page lists overhang as 15 mm.,MICRO MA-202の仕様 マイクロ,https://audio-heritage.jp/MICRO/etc/ma-202.html
2509,Micro,MA-303,cartridge_range_high_g,12.0,,g,4～12g,parsed,0.75,Historical Micro specification page lists supported cartridge self-weight up to 12 g without sub-weight.,MICRO MA-303の仕様 マイクロ,https://audio-heritage.jp/MICRO/etc/ma-303.html
2508,Micro,MA-303,cartridge_range_low_g,4.0,,g,4～12g,parsed,0.75,Historical Micro specification page lists supported cartridge self-weight starting at 4 g.,MICRO MA-303の仕様 マイクロ,https://audio-heritage.jp/MICRO/etc/ma-303.html
193,Micro,MA-303,effective_length_mm,222.0,,mm,222,parsed,0.6,,BIGLOBE Arm Data,https://www7a.biglobe.ne.jp/~yosh/armdata.htm
2505,Micro,MA-303,effective_length_mm,222.0,,mm,222mm,parsed,0.8,Historical Micro specification page lists effective length as 222 mm.,MICRO MA-303の仕様 マイクロ,https://audio-heritage.jp/MICRO/etc/ma-303.html
1482,Micro,MA-303,null_alignment_type,,Other,,67.762 / 94.964 mm,derived,0.65,"Backfilled from derived null points using effective length, mounting distance/overhang, and offset angle; nearest-reference distance 21.787 mm.",MICRO MA-303の仕様 マイクロ,https://audio-heritage.jp/MICRO/etc/ma-303.html
197,Micro,MA-303,null_point_inner_mm,57.0,,mm,57/113 (54/120),parsed,0.6,,BIGLOBE Arm Data,https://www7a.biglobe.ne.jp/~yosh/armdata.htm
198,Micro,MA-303,null_point_outer_mm,113.0,,mm,57/113 (54/120),parsed,0.6,,BIGLOBE Arm Data,https://www7a.biglobe.ne.jp/~yosh/armdata.htm
196,Micro,MA-303,null_points,,57/113 (54/120),,57/113 (54/120),parsed,0.6,,BIGLOBE Arm Data,https://www7a.biglobe.ne.jp/~yosh/armdata.htm
195,Micro,MA-303,offset_angle_deg,22.5,,deg,22.5 (23),parsed,0.6,,BIGLOBE Arm Data,https://www7a.biglobe.ne.jp/~yosh/armdata.htm
2507,Micro,MA-303,offset_angle_deg,21.5,,deg,21゜30,parsed,0.75,Historical Micro specification page lists offset angle as 21 degrees 30 minutes.,MICRO MA-303の仕様 マイクロ,https://audio-heritage.jp/MICRO/etc/ma-303.html
194,Micro,MA-303,overhang_mm,15.0,,mm,15,parsed,0.6,,BIGLOBE Arm Data,https://www7a.biglobe.ne.jp/~yosh/armdata.htm
2506,Micro,MA-303,overhang_mm,15.0,,mm,15mm,parsed,0.8,Historical Micro specification page lists overhang as 15 mm.,MICRO MA-303の仕様 マイクロ,https://audio-heritage.jp/MICRO/etc/ma-303.html
205,Micro,"MA-505, MA-707, MAX-237, CF-1(dynamic)",effective_length_mm,237.0,,mm,237,parsed,0.6,,BIGLOBE Arm Data,https://www7a.biglobe.ne.jp/~yosh/armdata.htm
1484,Micro,"MA-505, MA-707, MAX-237, CF-1(dynamic)",null_alignment_type,,Other,,58.000 / 118.000 mm,derived,0.75,Backfilled from null-point pair proximity to reference alignments; nearest-reference distance 2.396 mm.,BIGLOBE Arm Data,https://www7a.biglobe.ne.jp/~yosh/armdata.htm
209,Micro,"MA-505, MA-707, MAX-237, CF-1(dynamic)",null_point_inner_mm,58.0,,mm,58/118,parsed,0.6,,BIGLOBE Arm Data,https://www7a.biglobe.ne.jp/~yosh/armdata.htm
210,Micro,"MA-505, MA-707, MAX-237, CF-1(dynamic)",null_point_outer_mm,118.0,,mm,58/118,parsed,0.6,,BIGLOBE Arm Data,https://www7a.biglobe.ne.jp/~yosh/armdata.htm
208,Micro,"MA-505, MA-707, MAX-237, CF-1(dynamic)",null_points,,58/118,,58/118,parsed,0.6,,BIGLOBE Arm Data,https://www7a.biglobe.ne.jp/~yosh/armdata.htm
207,Micro,"MA-505, MA-707, MAX-237, CF-1(dynamic)",offset_angle_deg,21.833,,deg,21.833（21°50'),parsed,0.6,,BIGLOBE Arm Data,https://www7a.biglobe.ne.jp/~yosh/armdata.htm
206,Micro,"MA-505, MA-707, MAX-237, CF-1(dynamic)",overhang_mm,15.0,,mm,15,parsed,0.6,,BIGLOBE Arm Data,https://www7a.biglobe.ne.jp/~yosh/armdata.htm
2510,Micro,"MA-505, MA-707, MAX-237, CF-1(dynamic)",product_lineage,,"Grouped dynamic-arm row includes MA-505 documented by original Micro historical specifications at 237 mm effective length, 15 mm overhang, and 21°50' offset.",,MA-505:237mm / 15mm / 21゜50',parsed,0.7,Historical Micro specification page documents the MA-505 member represented inside this grouped dynamic-arm row.,MICRO MA-505/MA-505Lの仕様 マイクロ,https://audio-heritage.jp/MICRO/etc/ma-505.html
199,Micro,"MA-701, CF-2 (static)",effective_length_mm,237.0,,mm,237,parsed,0.6,,BIGLOBE Arm Data,https://www7a.biglobe.ne.jp/~yosh/armdata.htm
1483,Micro,"MA-701, CF-2 (static)",null_alignment_type,,Other,,58.000 / 118.000 mm,derived,0.75,Backfilled from null-point pair proximity to reference alignments; nearest-reference distance 2.396 mm.,BIGLOBE Arm Data,https://www7a.biglobe.ne.jp/~yosh/armdata.htm
203,Micro,"MA-701, CF-2 (static)",null_point_inner_mm,58.0,,mm,58/118,parsed,0.6,,BIGLOBE Arm Data,https://www7a.biglobe.ne.jp/~yosh/armdata.htm
204,Micro,"MA-701, CF-2 (static)",null_point_outer_mm,118.0,,mm,58/118,parsed,0.6,,BIGLOBE Arm Data,https://www7a.biglobe.ne.jp/~yosh/armdata.htm
202,Micro,"MA-701, CF-2 (static)",null_points,,58/118,,58/118,parsed,0.6,,BIGLOBE Arm Data,https://www7a.biglobe.ne.jp/~yosh/armdata.htm
201,Micro,"MA-701, CF-2 (static)",offset_angle_deg,21.833,,deg,21.833（21°50'),parsed,0.6,,BIGLOBE Arm Data,https://www7a.biglobe.ne.jp/~yosh/armdata.htm
200,Micro,"MA-701, CF-2 (static)",overhang_mm,15.0,,mm,15,parsed,0.6,,BIGLOBE Arm Data,https://www7a.biglobe.ne.jp/~yosh/armdata.htm
2511,Micro,"MA-701, CF-2 (static)",product_lineage,,"Grouped static-arm row includes MA-701 documented as a low-mass straight tonearm with 237 mm effective length, 15 mm overhang, and 21°50' offset angle.",,MA-701:237 mm / 15 mm / 21°50',parsed,0.65,Historical brochure reproduction documents the MA-701 member represented inside this grouped static-arm row.,Micro Seiki MA-701,https://stereonomono.blogspot.com/2013/10/micro-seiki-ma-701.html
211,Micro,MAX-282 & MA-505L,effective_length_mm,282.0,,mm,282,parsed,0.6,,BIGLOBE Arm Data,https://www7a.biglobe.ne.jp/~yosh/armdata.htm
1485,Micro,MAX-282 & MA-505L,null_alignment_type,,Other,,61.000 / 109.000 mm,derived,0.75,Backfilled from null-point pair proximity to reference alignments; nearest-reference distance 8.447 mm.,BIGLOBE Arm Data,https://www7a.biglobe.ne.jp/~yosh/armdata.htm
215,Micro,MAX-282 & MA-505L,null_point_inner_mm,61.0,,mm,61/109,parsed,0.6,,BIGLOBE Arm Data,https://www7a.biglobe.ne.jp/~yosh/armdata.htm
216,Micro,MAX-282 & MA-505L,null_point_outer_mm,109.0,,mm,61/109,parsed,0.6,,BIGLOBE Arm Data,https://www7a.biglobe.ne.jp/~yosh/armdata.htm
214,Micro,MAX-282 & MA-505L,null_points,,61/109,,61/109,parsed,0.6,,BIGLOBE Arm Data,https://www7a.biglobe.ne.jp/~yosh/armdata.htm
213,Micro,MAX-282 & MA-505L,offset_angle_deg,17.5,,deg,17.5,parsed,0.6,,BIGLOBE Arm Data,https://www7a.biglobe.ne.jp/~yosh/armdata.htm
212,Micro,MAX-282 & MA-505L,overhang_mm,12.0,,mm,12,parsed,0.6,,BIGLOBE Arm Data,https://www7a.biglobe.ne.jp/~yosh/armdata.htm
2512,Micro,MAX-282 & MA-505L,product_lineage,,"Grouped long-arm row includes MA-505L documented by original Micro historical specifications at 282 mm effective length, 12 mm overhang, and 17°30' offset.",,MA-505L:282mm / 12mm / 17゜30',parsed,0.7,Historical Micro specification page documents the MA-505L member represented inside this grouped long-arm row.,MICRO MA-505/MA-505Lの仕様 マイクロ,https://audio-heritage.jp/MICRO/etc/ma-505.html
2042,Micro Seiki,MA-505,anti_skating,,spring tension system regulated according to tracking force,,Anti-skating device: Spring tension system regulated according to tracking force,parsed,0.86,,Micro Seiki MA-505 operating manual mirror,https://s.siteapi.org/500b43cd79ebb4d.ru/docs/crwe035jmxsgo0kwc04ksscwswsgww
2043,Micro Seiki,MA-505,arm_lifter,,built-in shock absorber for raising; slow return type; headshell turning mechanism installed,,Arm lifter: Built-in shock absorber for raising / Slow return type / Headshell turning mechanism installed,parsed,0.86,,Micro Seiki MA-505 operating manual mirror,https://s.siteapi.org/500b43cd79ebb4d.ru/docs/crwe035jmxsgo0kwc04ksscwswsgww
2028,Micro Seiki,MA-505,arm_type,,dynamic balance type universal tone arm,,Model: Dynamic balance type universal tone arm,parsed,0.86,,Micro Seiki MA-505 operating manual mirror,https://s.siteapi.org/500b43cd79ebb4d.ru/docs/crwe035jmxsgo0kwc04ksscwswsgww
2037,Micro Seiki,MA-505,cartridge_range_high_g,10.0,,g,Suitable cartridge weight: 4–10 g,parsed,0.86,,Micro Seiki MA-505 operating manual mirror,https://s.siteapi.org/500b43cd79ebb4d.ru/docs/crwe035jmxsgo0kwc04ksscwswsgww
2038,Micro Seiki,MA-505,cartridge_range_high_with_subweight_g,,9.5-16 g,,Using sub-weight (large): 9.5–16 g,parsed,0.86,,Micro Seiki MA-505 operating manual mirror,https://s.siteapi.org/500b43cd79ebb4d.ru/docs/crwe035jmxsgo0kwc04ksscwswsgww
2036,Micro Seiki,MA-505,cartridge_range_low_g,4.0,,g,Suitable cartridge weight: 4–10 g,parsed,0.86,,Micro Seiki MA-505 operating manual mirror,https://s.siteapi.org/500b43cd79ebb4d.ru/docs/crwe035jmxsgo0kwc04ksscwswsgww
2047,Micro Seiki,MA-505,connector_type,,electroplated in hard metal,,Connector: Electroplated in hard metal,parsed,0.86,,Micro Seiki MA-505 operating manual mirror,https://s.siteapi.org/500b43cd79ebb4d.ru/docs/crwe035jmxsgo0kwc04ksscwswsgww
2030,Micro Seiki,MA-505,effective_length_mm,237.0,,mm,"Working length: 237 mm (9-5/16"")",parsed,0.86,,Micro Seiki MA-505 operating manual mirror,https://s.siteapi.org/500b43cd79ebb4d.ru/docs/crwe035jmxsgo0kwc04ksscwswsgww
2046,Micro Seiki,MA-505,headshell_connector,,SME type 4P connector,,Head connector: SME type 4P connector,parsed,0.86,,Micro Seiki MA-505 operating manual mirror,https://s.siteapi.org/500b43cd79ebb4d.ru/docs/crwe035jmxsgo0kwc04ksscwswsgww
2045,Micro Seiki,MA-505,headshell_weight_g,9.7,,g,Headshell weight: 9.7 g (0.34 oz),parsed,0.86,,Micro Seiki MA-505 operating manual mirror,https://s.siteapi.org/500b43cd79ebb4d.ru/docs/crwe035jmxsgo0kwc04ksscwswsgww
2035,Micro Seiki,MA-505,height_adjustment_by_lever_mm,6.0,,mm,"Height adjustment range achieved by lever operation: 6 mm (1/4"")",parsed,0.86,,Micro Seiki MA-505 operating manual mirror,https://s.siteapi.org/500b43cd79ebb4d.ru/docs/crwe035jmxsgo0kwc04ksscwswsgww
2034,Micro Seiki,MA-505,height_adjustment_range_mm,,42-86 mm,,Height adjustment range: 42–86 mm (measured from the motor board to the cartridge installation surface),parsed,0.86,,Micro Seiki MA-505 operating manual mirror,https://s.siteapi.org/500b43cd79ebb4d.ru/docs/crwe035jmxsgo0kwc04ksscwswsgww
2039,Micro Seiki,MA-505,horizontal_motion_sensitivity_mg,25.0,,mg,Horizontal movement sensitivity: 25 mg,parsed,0.86,,Micro Seiki MA-505 operating manual mirror,https://s.siteapi.org/500b43cd79ebb4d.ru/docs/crwe035jmxsgo0kwc04ksscwswsgww
2048,Micro Seiki,MA-505,mount_hole_mm,28.0,,mm,"cut holes, using a drill, for the arm base (28 mm wide)",parsed,0.86,From installation page.,Micro Seiki MA-505 operating manual mirror,https://s.siteapi.org/500b43cd79ebb4d.ru/docs/crwe035jmxsgo0kwc04ksscwswsgww
2067,Micro Seiki,MA-505,null_alignment_type,,Other,,58.412 / 117.870 mm,derived,0.65,"Backfilled from derived null points using effective length, mounting distance/overhang, and offset angle; nearest-reference distance 1.965 mm.",Micro Seiki MA-505 operating manual mirror,https://s.siteapi.org/500b43cd79ebb4d.ru/docs/crwe035jmxsgo0kwc04ksscwswsgww
2032,Micro Seiki,MA-505,offset_angle_deg,21.833,,deg,Offset angle: 21° 50′,parsed,0.86,Converted from degrees and minutes.,Micro Seiki MA-505 operating manual mirror,https://s.siteapi.org/500b43cd79ebb4d.ru/docs/crwe035jmxsgo0kwc04ksscwswsgww
2044,Micro Seiki,MA-505,output_cable,,low capacity 5P plug-in shielded cord (55 pF/m),,Output lead: Low capacity 5P plug in (55 pF/m) shielded cord,parsed,0.86,,Micro Seiki MA-505 operating manual mirror,https://s.siteapi.org/500b43cd79ebb4d.ru/docs/crwe035jmxsgo0kwc04ksscwswsgww
2029,Micro Seiki,MA-505,overall_length_mm,322.0,,mm,"Total length: 322 mm (12-11/16"")",parsed,0.86,,Micro Seiki MA-505 operating manual mirror,https://s.siteapi.org/500b43cd79ebb4d.ru/docs/crwe035jmxsgo0kwc04ksscwswsgww
2031,Micro Seiki,MA-505,overhang_mm,15.0,,mm,"Overhang: 15 mm (19/32"")",parsed,0.86,,Micro Seiki MA-505 operating manual mirror,https://s.siteapi.org/500b43cd79ebb4d.ru/docs/crwe035jmxsgo0kwc04ksscwswsgww
2612,Micro Seiki,MA-505,product_lineage,,Micro Seiki MA-505 is documented by scanned original operating-manual support hosted on a third-party mirror.,,MA-505 original operating manual mirror,parsed,0.8,Official-manual support from original manufacturer manual scan.,Micro Seiki MA-505 original operating manual mirror,https://s.siteapi.org/500b43cd79ebb4d.ru/docs/crwe035jmxsgo0kwc04ksscwswsgww
2033,Micro Seiki,MA-505,tracking_error_angle_deg,,less than 1.5°,,Angle of tracking error: Less than 1.5°,parsed,0.86,,Micro Seiki MA-505 operating manual mirror,https://s.siteapi.org/500b43cd79ebb4d.ru/docs/crwe035jmxsgo0kwc04ksscwswsgww
2041,Micro Seiki,MA-505,tracking_force_range_g,,0-3 g,,Tracking force regulation range: 0–3 g scale,parsed,0.86,,Micro Seiki MA-505 operating manual mirror,https://s.siteapi.org/500b43cd79ebb4d.ru/docs/crwe035jmxsgo0kwc04ksscwswsgww
2040,Micro Seiki,MA-505,vertical_motion_sensitivity_mg,25.0,,mg,Vertical movement sensitivity: 25 mg,parsed,0.86,,Micro Seiki MA-505 operating manual mirror,https://s.siteapi.org/500b43cd79ebb4d.ru/docs/crwe035jmxsgo0kwc04ksscwswsgww
2060,Micro Seiki,MA-707,anti_skating,,spring tension type; set to same value as tracking force,,Anti-skating device: Spring tension type / set the bias knob to the same value as the tracking force,parsed,0.86,,Micro Seiki MA-707 operating manual mirror,https://s.siteapi.org/500b43cd79ebb4d.ru/docs/l1jmp82rc5cwkgck08g0co4w88ok8g
2049,Micro Seiki,MA-707,arm_type,,dynamic balance tonearm,,Type: Dynamic balance tonearm,parsed,0.86,,Micro Seiki MA-707 operating manual mirror,https://s.siteapi.org/500b43cd79ebb4d.ru/docs/l1jmp82rc5cwkgck08g0co4w88ok8g
2057,Micro Seiki,MA-707,cartridge_range_high_g,12.0,,g,Recommended cartridge weights: 4~12 g,parsed,0.86,,Micro Seiki MA-707 operating manual mirror,https://s.siteapi.org/500b43cd79ebb4d.ru/docs/l1jmp82rc5cwkgck08g0co4w88ok8g
2056,Micro Seiki,MA-707,cartridge_range_low_g,4.0,,g,Recommended cartridge weights: 4~12 g,parsed,0.86,,Micro Seiki MA-707 operating manual mirror,https://s.siteapi.org/500b43cd79ebb4d.ru/docs/l1jmp82rc5cwkgck08g0co4w88ok8g
2051,Micro Seiki,MA-707,effective_length_mm,237.0,,mm,Effective length: 237 mm (9-3/8 inch),parsed,0.86,,Micro Seiki MA-707 operating manual mirror,https://s.siteapi.org/500b43cd79ebb4d.ru/docs/l1jmp82rc5cwkgck08g0co4w88ok8g
2066,Micro Seiki,MA-707,effective_mass_tuning,,designed around ~10 Hz resonance with medium to high compliance cartridges; sub-weight used for lower compliance,,The MA-707 is designed so that the resonance frequency will be around 10Hz when used with medium to high compliance cartridges ... use the sub-weight for relatively low compliance,parsed,0.86,From effective mass adjustments page.,Micro Seiki MA-707 operating manual mirror,https://s.siteapi.org/500b43cd79ebb4d.ru/docs/l1jmp82rc5cwkgck08g0co4w88ok8g
2063,Micro Seiki,MA-707,headshell_connector,,"semi-integrated type, with hard gold plating",,"Connector: Semi-integrated type, with hard gold plating",parsed,0.86,,Micro Seiki MA-707 operating manual mirror,https://s.siteapi.org/500b43cd79ebb4d.ru/docs/l1jmp82rc5cwkgck08g0co4w88ok8g
2062,Micro Seiki,MA-707,headshell_weight_g,4.0,,g,Headshell weight: 4 g (0.14 oz),parsed,0.86,,Micro Seiki MA-707 operating manual mirror,https://s.siteapi.org/500b43cd79ebb4d.ru/docs/l1jmp82rc5cwkgck08g0co4w88ok8g
2055,Micro Seiki,MA-707,height_adjustment_range_mm,,43-83 mm,,Height range: 43~83 mm (1-3/4~3-1/4 inch),parsed,0.86,,Micro Seiki MA-707 operating manual mirror,https://s.siteapi.org/500b43cd79ebb4d.ru/docs/l1jmp82rc5cwkgck08g0co4w88ok8g
2058,Micro Seiki,MA-707,horizontal_motion_sensitivity_mg,10.0,,mg,Lateral motion sensitivity: 10 mg,parsed,0.86,,Micro Seiki MA-707 operating manual mirror,https://s.siteapi.org/500b43cd79ebb4d.ru/docs/l1jmp82rc5cwkgck08g0co4w88ok8g
2064,Micro Seiki,MA-707,mount_hole_mm,28.0,,mm,drill a 28mm diameter hole for the tonearm base,parsed,0.86,From installation page.,Micro Seiki MA-707 operating manual mirror,https://s.siteapi.org/500b43cd79ebb4d.ru/docs/l1jmp82rc5cwkgck08g0co4w88ok8g
2065,Micro Seiki,MA-707,mounting_angle_deg,60.0,,deg,"Set the tonearm at an angle of 60° as shown in fig. 2, and secure it.",parsed,0.86,Installation orientation note.,Micro Seiki MA-707 operating manual mirror,https://s.siteapi.org/500b43cd79ebb4d.ru/docs/l1jmp82rc5cwkgck08g0co4w88ok8g
2068,Micro Seiki,MA-707,null_alignment_type,,Other,,58.412 / 117.870 mm,derived,0.65,"Backfilled from derived null points using effective length, mounting distance/overhang, and offset angle; nearest-reference distance 1.965 mm.",Micro Seiki MA-707 operating manual mirror,https://s.siteapi.org/500b43cd79ebb4d.ru/docs/l1jmp82rc5cwkgck08g0co4w88ok8g
2053,Micro Seiki,MA-707,offset_angle_deg,21.833,,deg,Offset angle: 21°50′,parsed,0.86,Converted from degrees and minutes.,Micro Seiki MA-707 operating manual mirror,https://s.siteapi.org/500b43cd79ebb4d.ru/docs/l1jmp82rc5cwkgck08g0co4w88ok8g
2061,Micro Seiki,MA-707,output_cable,,5-connector plug-in low capacity design shielded cable (55 pF/m),,Output cable: 5-connector plug-in low capacity design (55PF/m) shielded cable,parsed,0.86,,Micro Seiki MA-707 operating manual mirror,https://s.siteapi.org/500b43cd79ebb4d.ru/docs/l1jmp82rc5cwkgck08g0co4w88ok8g
2050,Micro Seiki,MA-707,overall_length_mm,315.0,,mm,Overall length: 315 mm (12-3/8 inch),parsed,0.86,,Micro Seiki MA-707 operating manual mirror,https://s.siteapi.org/500b43cd79ebb4d.ru/docs/l1jmp82rc5cwkgck08g0co4w88ok8g
2052,Micro Seiki,MA-707,overhang_mm,15.0,,mm,Overhang: 15 mm (5/8 inch),parsed,0.86,,Micro Seiki MA-707 operating manual mirror,https://s.siteapi.org/500b43cd79ebb4d.ru/docs/l1jmp82rc5cwkgck08g0co4w88ok8g
2613,Micro Seiki,MA-707,product_lineage,,Micro Seiki MA-707 is documented by scanned original operating-manual support hosted on a third-party mirror.,,MA-707 original operating manual mirror,parsed,0.8,Official-manual support from original manufacturer manual scan.,Micro Seiki MA-707 original operating manual mirror,https://s.siteapi.org/500b43cd79ebb4d.ru/docs/l1jmp82rc5cwkgck08g0co4w88ok8g
2054,Micro Seiki,MA-707,tracking_error_angle_deg,,less than 1.5°,,Tracking error angle: Less than 1.5°,parsed,0.86,,Micro Seiki MA-707 operating manual mirror,https://s.siteapi.org/500b43cd79ebb4d.ru/docs/l1jmp82rc5cwkgck08g0co4w88ok8g
2059,Micro Seiki,MA-707,vertical_motion_sensitivity_mg,15.0,,mg,Vertical motion sensitivity: 15 mg,parsed,0.86,,Micro Seiki MA-707 operating manual mirror,https://s.siteapi.org/500b43cd79ebb4d.ru/docs/l1jmp82rc5cwkgck08g0co4w88ok8g
565,Mission,774 Original,effective_length_mm,229.0,,mm,229,parsed,0.6,,BIGLOBE Arm Data,https://www7a.biglobe.ne.jp/~yosh/armdata.htm
1544,Mission,774 Original,null_alignment_type,,Other,,60.000 / 100.000 mm,derived,0.75,Backfilled from null-point pair proximity to reference alignments; nearest-reference distance 17.423 mm.,BIGLOBE Arm Data,https://www7a.biglobe.ne.jp/~yosh/armdata.htm
569,Mission,774 Original,null_point_inner_mm,60.0,,mm,60/100?,parsed,0.6,,BIGLOBE Arm Data,https://www7a.biglobe.ne.jp/~yosh/armdata.htm
570,Mission,774 Original,null_point_outer_mm,100.0,,mm,60/100?,parsed,0.6,,BIGLOBE Arm Data,https://www7a.biglobe.ne.jp/~yosh/armdata.htm
568,Mission,774 Original,null_points,,60/100?,,60/100?,parsed,0.6,,BIGLOBE Arm Data,https://www7a.biglobe.ne.jp/~yosh/armdata.htm
567,Mission,774 Original,offset_angle_deg,20.5,,deg,20.5?,parsed,0.6,,BIGLOBE Arm Data,https://www7a.biglobe.ne.jp/~yosh/armdata.htm
566,Mission,774 Original,overhang_mm,13.6,,mm,13.6,parsed,0.6,,BIGLOBE Arm Data,https://www7a.biglobe.ne.jp/~yosh/armdata.htm
2638,Mission,774 Original,product_lineage,,Mission 774 Original is documented by official historical specifications as the low-mass oil-damped tonearm with interchangeable paddles for cartridge compliance matching.,,Mission 774 official historical page,parsed,0.8,Official historical support for exact model.,MISSION 774の仕様 ミッション,https://audio-heritage.jp/CYRUS-MISSION/etc/774.html
571,Moerch,DP-6 & UP-4,effective_length_mm,230.0,,mm,230,parsed,0.6,,BIGLOBE Arm Data,https://www7a.biglobe.ne.jp/~yosh/armdata.htm
1545,Moerch,DP-6 & UP-4,null_alignment_type,,Baewald,,65.000 / 122.000 mm,derived,0.85,Backfilled from null-point pair proximity to reference alignments; nearest-reference distance 1.487 mm.,BIGLOBE Arm Data,https://www7a.biglobe.ne.jp/~yosh/armdata.htm
575,Moerch,DP-6 & UP-4,null_point_inner_mm,65.0,,mm,65/122,parsed,0.6,,BIGLOBE Arm Data,https://www7a.biglobe.ne.jp/~yosh/armdata.htm
576,Moerch,DP-6 & UP-4,null_point_outer_mm,122.0,,mm,65/122,parsed,0.6,,BIGLOBE Arm Data,https://www7a.biglobe.ne.jp/~yosh/armdata.htm
574,Moerch,DP-6 & UP-4,null_points,,65/122,,65/122,parsed,0.6,,BIGLOBE Arm Data,https://www7a.biglobe.ne.jp/~yosh/armdata.htm
573,Moerch,DP-6 & UP-4,offset_angle_deg,24.0,,deg,24,parsed,0.6,,BIGLOBE Arm Data,https://www7a.biglobe.ne.jp/~yosh/armdata.htm
572,Moerch,DP-6 & UP-4,overhang_mm,18.0,,mm,18,parsed,0.6,,BIGLOBE Arm Data,https://www7a.biglobe.ne.jp/~yosh/armdata.htm
2654,Moerch,DP-6 & UP-4,product_lineage,,Official Mørch technical specifications document both DP-6 and UP-4 as interchangeable-armtube tonearms within the same product family.,,Moerch DP-6/UP-4 technical specifications,parsed,0.9,Official exact grouped support.,Technical specifications: Mørch DP-6/DP-8/UP-4,http://www.moerch.dk/spec1.htm
1013,Moerch,DP-6 12-inch,effective_length_mm,307.4,,mm,307.4 mm,parsed,0.95,,Moerch official specifications,http://www.moerch.dk/spec1.htm
1017,Moerch,DP-6 12-inch,effective_mass_g,,Armtube dependent: 4 g green / 7.5 g red / 14 g blue,g,Effective mass depends on installed armtube,raw_only,0.8,,Moerch official specifications,http://www.moerch.dk/spec1.htm
1014,Moerch,DP-6 12-inch,mounting_distance_mm,294.0,,mm,294 mm,parsed,0.95,,Moerch official specifications,http://www.moerch.dk/spec1.htm
1618,Moerch,DP-6 12-inch,null_alignment_type,,Other,,38.002 / 212.059 mm,derived,0.65,"Backfilled from derived null points using effective length, mounting distance/overhang, and offset angle; nearest-reference distance 95.362 mm.",Moerch official specifications,http://www.moerch.dk/spec1.htm
1016,Moerch,DP-6 12-inch,offset_angle_deg,24.0,,deg,24 degrees,parsed,0.95,,Moerch official specifications,http://www.moerch.dk/spec1.htm
1015,Moerch,DP-6 12-inch,overhang_mm,13.3,,mm,13.3 mm,parsed,0.95,,Moerch official specifications,http://www.moerch.dk/spec1.htm
905,Moerch,DP-6 9-inch,effective_length_mm,230.0,,mm,230 mm,parsed,0.95,,Moerch official specifications,http://www.moerch.dk/spec1.htm
912,Moerch,DP-6 9-inch,effective_mass_g,,Armtube dependent: 4 g green / 7.5 g red / 14 g blue,g,Effective mass depends on installed armtube,raw_only,0.8,,Moerch official specifications,http://www.moerch.dk/spec1.htm
906,Moerch,DP-6 9-inch,mounting_distance_mm,212.0,,mm,212 mm,parsed,0.95,,Moerch official specifications,http://www.moerch.dk/spec1.htm
1600,Moerch,DP-6 9-inch,null_alignment_type,,Baewald,,66.000 / 120.900 mm,derived,0.9,Backfilled from null-point pair proximity to reference alignments; nearest-reference distance 0.000 mm.,Moerch official specifications,http://www.moerch.dk/spec1.htm
910,Moerch,DP-6 9-inch,null_point_inner_mm,66.0,,mm,66 mm,parsed,0.95,,Moerch official specifications,http://www.moerch.dk/spec1.htm
911,Moerch,DP-6 9-inch,null_point_outer_mm,120.9,,mm,120.9 mm,parsed,0.95,,Moerch official specifications,http://www.moerch.dk/spec1.htm
909,Moerch,DP-6 9-inch,null_points,,66 / 120.9,,0 degrees at 66 mm and 120.9 mm,parsed,0.95,,Moerch official specifications,http://www.moerch.dk/spec1.htm
908,Moerch,DP-6 9-inch,offset_angle_deg,24.0,,deg,24 degrees,parsed,0.95,,Moerch official specifications,http://www.moerch.dk/spec1.htm
907,Moerch,DP-6 9-inch,overhang_mm,18.0,,mm,18 mm,parsed,0.95,,Moerch official specifications,http://www.moerch.dk/spec1.htm
1018,Moerch,DP-8 12-inch,effective_length_mm,307.4,,mm,307.4 mm,parsed,0.95,,Moerch official specifications,http://www.moerch.dk/spec1.htm
1022,Moerch,DP-8 12-inch,effective_mass_g,,Armtube dependent: 4 g green / 7.5 g red / 14 g blue,g,Effective mass depends on installed armtube,raw_only,0.8,,Moerch official specifications,http://www.moerch.dk/spec1.htm
1019,Moerch,DP-8 12-inch,mounting_distance_mm,294.0,,mm,294 mm,parsed,0.95,,Moerch official specifications,http://www.moerch.dk/spec1.htm
1619,Moerch,DP-8 12-inch,null_alignment_type,,Other,,38.002 / 212.059 mm,derived,0.65,"Backfilled from derived null points using effective length, mounting distance/overhang, and offset angle; nearest-reference distance 95.362 mm.",Moerch official specifications,http://www.moerch.dk/spec1.htm
1021,Moerch,DP-8 12-inch,offset_angle_deg,24.0,,deg,24 degrees,parsed,0.95,,Moerch official specifications,http://www.moerch.dk/spec1.htm
1020,Moerch,DP-8 12-inch,overhang_mm,13.3,,mm,13.3 mm,parsed,0.95,,Moerch official specifications,http://www.moerch.dk/spec1.htm
913,Moerch,DP-8 9-inch,effective_length_mm,230.0,,mm,230 mm,parsed,0.95,,Moerch official specifications,http://www.moerch.dk/spec1.htm
920,Moerch,DP-8 9-inch,effective_mass_g,,Armtube dependent: 4 g green / 7.5 g red / 14 g blue,g,Effective mass depends on installed armtube,raw_only,0.8,,Moerch official specifications,http://www.moerch.dk/spec1.htm
914,Moerch,DP-8 9-inch,mounting_distance_mm,212.0,,mm,212 mm,parsed,0.95,,Moerch official specifications,http://www.moerch.dk/spec1.htm
1601,Moerch,DP-8 9-inch,null_alignment_type,,Baewald,,66.000 / 120.900 mm,derived,0.9,Backfilled from null-point pair proximity to reference alignments; nearest-reference distance 0.000 mm.,Moerch official specifications,http://www.moerch.dk/spec1.htm
918,Moerch,DP-8 9-inch,null_point_inner_mm,66.0,,mm,66 mm,parsed,0.95,,Moerch official specifications,http://www.moerch.dk/spec1.htm
919,Moerch,DP-8 9-inch,null_point_outer_mm,120.9,,mm,120.9 mm,parsed,0.95,,Moerch official specifications,http://www.moerch.dk/spec1.htm
917,Moerch,DP-8 9-inch,null_points,,66 / 120.9,,0 degrees at 66 mm and 120.9 mm,parsed,0.95,,Moerch official specifications,http://www.moerch.dk/spec1.htm
916,Moerch,DP-8 9-inch,offset_angle_deg,24.0,,deg,24 degrees,parsed,0.95,,Moerch official specifications,http://www.moerch.dk/spec1.htm
915,Moerch,DP-8 9-inch,overhang_mm,18.0,,mm,18 mm,parsed,0.95,,Moerch official specifications,http://www.moerch.dk/spec1.htm
1359,Moerch,UP-4 12-inch,arm_mount,,20 mm hole,,Diameter of hole for mounting arm base: 20 mm,raw_only,0.9,,Moerch official specifications,http://www.moerch.dk/spec1.htm
1351,Moerch,UP-4 12-inch,effective_length_mm,307.4,,mm,12 inch tube: 307.4 mm,parsed,0.95,,Moerch official specifications,http://www.moerch.dk/spec1.htm
1358,Moerch,UP-4 12-inch,effective_mass_g,,4 / 7.5 / 14,g,Light green 4 g medium red 7.5 g heavy blue 14 g,raw_only,0.9,Mass depends on selected armtube.,Moerch official specifications,http://www.moerch.dk/spec1.htm
1669,Moerch,UP-4 12-inch,null_alignment_type,,Baewald,,66.000 / 120.900 mm,derived,0.9,Backfilled from null-point pair proximity to reference alignments; nearest-reference distance 0.000 mm.,Moerch official specifications,http://www.moerch.dk/spec1.htm
1355,Moerch,UP-4 12-inch,null_point_inner_mm,66.0,,mm,0 degrees at 66 mm and 120.9 mm,parsed,0.9,Shared official lateral tracking error spec.,Moerch official specifications,http://www.moerch.dk/spec1.htm
1356,Moerch,UP-4 12-inch,null_point_outer_mm,120.9,,mm,0 degrees at 66 mm and 120.9 mm,parsed,0.9,Shared official lateral tracking error spec.,Moerch official specifications,http://www.moerch.dk/spec1.htm
1357,Moerch,UP-4 12-inch,null_points,,66 / 120.9,,66 mm and 120.9 mm,parsed,0.9,Shared official lateral tracking error spec.,Moerch official specifications,http://www.moerch.dk/spec1.htm
1354,Moerch,UP-4 12-inch,offset_angle_deg,24.0,,deg,24 degrees,parsed,0.95,,Moerch official specifications,http://www.moerch.dk/spec1.htm
1353,Moerch,UP-4 12-inch,overhang_mm,13.3,,mm,12 inch tube: 13.3 mm,parsed,0.95,,Moerch official specifications,http://www.moerch.dk/spec1.htm
1352,Moerch,UP-4 12-inch,pivot_to_spindle_mm,294.0,,mm,12 inch tube: 294 mm,parsed,0.95,,Moerch official specifications,http://www.moerch.dk/spec1.htm
1350,Moerch,UP-4 9-inch,arm_mount,,20 mm hole,,Diameter of hole for mounting arm base: 20 mm,raw_only,0.9,,Moerch official specifications,http://www.moerch.dk/spec1.htm
1342,Moerch,UP-4 9-inch,effective_length_mm,230.0,,mm,9 inch tube: 230 mm,parsed,0.95,,Moerch official specifications,http://www.moerch.dk/spec1.htm
1349,Moerch,UP-4 9-inch,effective_mass_g,,4 / 7.5 / 14,g,Light green 4 g medium red 7.5 g heavy blue 14 g,raw_only,0.9,Mass depends on selected armtube.,Moerch official specifications,http://www.moerch.dk/spec1.htm
1668,Moerch,UP-4 9-inch,null_alignment_type,,Baewald,,66.000 / 120.900 mm,derived,0.9,Backfilled from null-point pair proximity to reference alignments; nearest-reference distance 0.000 mm.,Moerch official specifications,http://www.moerch.dk/spec1.htm
1346,Moerch,UP-4 9-inch,null_point_inner_mm,66.0,,mm,0 degrees at 66 mm and 120.9 mm,parsed,0.9,Shared official lateral tracking error spec.,Moerch official specifications,http://www.moerch.dk/spec1.htm
1347,Moerch,UP-4 9-inch,null_point_outer_mm,120.9,,mm,0 degrees at 66 mm and 120.9 mm,parsed,0.9,Shared official lateral tracking error spec.,Moerch official specifications,http://www.moerch.dk/spec1.htm
1348,Moerch,UP-4 9-inch,null_points,,66 / 120.9,,66 mm and 120.9 mm,parsed,0.9,Shared official lateral tracking error spec.,Moerch official specifications,http://www.moerch.dk/spec1.htm
1345,Moerch,UP-4 9-inch,offset_angle_deg,24.0,,deg,24 degrees,parsed,0.95,,Moerch official specifications,http://www.moerch.dk/spec1.htm
1344,Moerch,UP-4 9-inch,overhang_mm,18.0,,mm,9 inch tube: 18 mm,parsed,0.95,,Moerch official specifications,http://www.moerch.dk/spec1.htm
1343,Moerch,UP-4 9-inch,pivot_to_spindle_mm,212.0,,mm,9 inch tube: 212 mm,parsed,0.95,,Moerch official specifications,http://www.moerch.dk/spec1.htm
1421,Music Hall,MMF-1.3,arm_mount,,Aluminum tonearm with removable headshell,,Aluminum tonearm with removable headshell,parsed,0.85,Arm-type note from fetched official page.,Music Hall MMF-1.3 official product page,https://www.musichallaudio.com/products/music-hall-mmf-1-3-turntable
1419,Music Hall,MMF-1.3,effective_length_mm,221.5,,mm,221.5 mm effective length,parsed,0.75,Numeric geometry came from official product-page search snippet.,Music Hall MMF-1.3 official product page,https://www.musichallaudio.com/products/music-hall-mmf-1-3-turntable
1681,Music Hall,MMF-1.3,null_alignment_type,,Unknown,,Unknown,derived,0.4,Defaulted because the current source set does not explicitly specify a null alignment family.,Music Hall MMF-1.3 official product page,https://www.musichallaudio.com/products/music-hall-mmf-1-3-turntable
1420,Music Hall,MMF-1.3,overhang_mm,19.0,,mm,19.0 mm overhang,parsed,0.75,Numeric geometry came from official product-page search snippet.,Music Hall MMF-1.3 official product page,https://www.musichallaudio.com/products/music-hall-mmf-1-3-turntable
1418,Music Hall,MMF-2.3,arm_mount,,Carbon fiber tonearm / fully adjustable gimbal bearing assembly,,"Carbon fiber tonearm; fully adjustable tonearm, gimbal bearing assembly",parsed,0.8,Arm-type note from fetched official page.,Music Hall MMF-2.3 official product page,https://www.musichallaudio.com/products/music-hall-mmf-2-3-series-turntable
1416,Music Hall,MMF-2.3,effective_length_mm,218.5,,mm,218.5 mm effective length,parsed,0.75,Numeric geometry came from official product-page search snippet.,Music Hall MMF-2.3 official product page,https://www.musichallaudio.com/products/music-hall-mmf-2-3-series-turntable
1680,Music Hall,MMF-2.3,null_alignment_type,,Unknown,,Unknown,derived,0.4,Defaulted because the current source set does not explicitly specify a null alignment family.,Music Hall MMF-2.3 official product page,https://www.musichallaudio.com/products/music-hall-mmf-2-3-series-turntable
1417,Music Hall,MMF-2.3,overhang_mm,18.5,,mm,18.5 mm overhang,parsed,0.75,Numeric geometry came from official product-page search snippet.,Music Hall MMF-2.3 official product page,https://www.musichallaudio.com/products/music-hall-mmf-2-3-series-turntable
1415,Music Hall,MMF-3.3,arm_mount,,Custom carbon fiber tonearm with alloy headshell,,Custom carbon fiber tonearm with alloy headshell,parsed,0.85,Arm-type note from fetched official page.,Music Hall MMF-3.3 official product page,https://www.musichallaudio.com/products/music-hall-mmf-3-3-turntable
1413,Music Hall,MMF-3.3,effective_length_mm,218.5,,mm,218.5 mm effective length,parsed,0.75,Numeric geometry came from official product-page search snippet.,Music Hall MMF-3.3 official product page,https://www.musichallaudio.com/products/music-hall-mmf-3-3-turntable
1679,Music Hall,MMF-3.3,null_alignment_type,,Unknown,,Unknown,derived,0.4,Defaulted because the current source set does not explicitly specify a null alignment family.,Music Hall MMF-3.3 official product page,https://www.musichallaudio.com/products/music-hall-mmf-3-3-turntable
1414,Music Hall,MMF-3.3,overhang_mm,18.5,,mm,18.5 mm overhang,parsed,0.75,Numeric geometry came from official product-page search snippet.,Music Hall MMF-3.3 official product page,https://www.musichallaudio.com/products/music-hall-mmf-3-3-turntable
1412,Music Hall,MMF-5.3,arm_mount,,9 inch carbon fiber tonearm / adjustable VTA + azimuth,,Top tier 9 inch carbon fiber tonearm; adjustable VTA and azimuth,parsed,0.85,Arm-type note from fetched official page.,Music Hall MMF-5.3 official product page,https://www.musichallaudio.com/products/music-hall-mmf-5-3-turntable
1410,Music Hall,MMF-5.3,effective_length_mm,230.0,,mm,230.0 mm effective length,parsed,0.8,Official page states 9 inch carbon fiber tonearm; numeric effective length from official snippet.,Music Hall MMF-5.3 official product page,https://www.musichallaudio.com/products/music-hall-mmf-5-3-turntable
1678,Music Hall,MMF-5.3,null_alignment_type,,Unknown,,Unknown,derived,0.4,Defaulted because the current source set does not explicitly specify a null alignment family.,Music Hall MMF-5.3 official product page,https://www.musichallaudio.com/products/music-hall-mmf-5-3-turntable
1411,Music Hall,MMF-5.3,overhang_mm,18.0,,mm,18.0 mm overhang,parsed,0.75,Numeric geometry came from official product-page search snippet.,Music Hall MMF-5.3 official product page,https://www.musichallaudio.com/products/music-hall-mmf-5-3-turntable
1409,Music Hall,MMF-7.3,arm_mount,,Full carbon fiber tonearm / adjustable VTA + azimuth,,Full carbon fiber tonearm; adjustable VTA and azimuth,parsed,0.8,Arm-type note from fetched official page.,Music Hall MMF-7.3 official product page,https://www.musichallaudio.com/products/music-hall-mmf-7-3-turntable
1407,Music Hall,MMF-7.3,effective_length_mm,230.0,,mm,230.0 mm effective length,parsed,0.75,Numeric geometry came from official product-page search snippet.,Music Hall MMF-7.3 official product page,https://www.musichallaudio.com/products/music-hall-mmf-7-3-turntable
1677,Music Hall,MMF-7.3,null_alignment_type,,Unknown,,Unknown,derived,0.4,Defaulted because the current source set does not explicitly specify a null alignment family.,Music Hall MMF-7.3 official product page,https://www.musichallaudio.com/products/music-hall-mmf-7-3-turntable
1408,Music Hall,MMF-7.3,overhang_mm,18.0,,mm,18.0 mm overhang,parsed,0.75,Numeric geometry came from official product-page search snippet.,Music Hall MMF-7.3 official product page,https://www.musichallaudio.com/products/music-hall-mmf-7-3-turntable
1406,Music Hall,MMF-9.3,arm_mount,,Full carbon fiber tonearm / adjustable VTA,,Full carbon fiber tonearm with adjustable VTA,parsed,0.8,Arm-type note from fetched official page.,Music Hall MMF-9.3 official product page,https://www.musichallaudio.com/products/music-hall-mmf-9-3-turntable
1404,Music Hall,MMF-9.3,effective_length_mm,230.0,,mm,230.0 mm effective length,parsed,0.75,Numeric geometry came from official product-page search snippet.,Music Hall MMF-9.3 official product page,https://www.musichallaudio.com/products/music-hall-mmf-9-3-turntable
1676,Music Hall,MMF-9.3,null_alignment_type,,Unknown,,Unknown,derived,0.4,Defaulted because the current source set does not explicitly specify a null alignment family.,Music Hall MMF-9.3 official product page,https://www.musichallaudio.com/products/music-hall-mmf-9-3-turntable
1405,Music Hall,MMF-9.3,overhang_mm,18.0,,mm,18.0 mm overhang,parsed,0.75,Numeric geometry came from official product-page search snippet.,Music Hall MMF-9.3 official product page,https://www.musichallaudio.com/products/music-hall-mmf-9-3-turntable
577,Naim,Aro,effective_length_mm,230.5,,mm,230.5(230),parsed,0.6,,BIGLOBE Arm Data,https://www7a.biglobe.ne.jp/~yosh/armdata.htm
1546,Naim,Aro,null_alignment_type,,Baewald,,65.000 / 122.000 mm,derived,0.85,Backfilled from null-point pair proximity to reference alignments; nearest-reference distance 1.487 mm.,BIGLOBE Arm Data,https://www7a.biglobe.ne.jp/~yosh/armdata.htm
581,Naim,Aro,null_point_inner_mm,65.0,,mm,65/122,parsed,0.6,,BIGLOBE Arm Data,https://www7a.biglobe.ne.jp/~yosh/armdata.htm
582,Naim,Aro,null_point_outer_mm,122.0,,mm,65/122,parsed,0.6,,BIGLOBE Arm Data,https://www7a.biglobe.ne.jp/~yosh/armdata.htm
580,Naim,Aro,null_points,,65/122,,65/122,parsed,0.6,,BIGLOBE Arm Data,https://www7a.biglobe.ne.jp/~yosh/armdata.htm
579,Naim,Aro,offset_angle_deg,24.0,,deg,24,parsed,0.6,,BIGLOBE Arm Data,https://www7a.biglobe.ne.jp/~yosh/armdata.htm
578,Naim,Aro,overhang_mm,18.0,,mm,18,parsed,0.6,,BIGLOBE Arm Data,https://www7a.biglobe.ne.jp/~yosh/armdata.htm
2655,Naim,Aro,product_lineage,,Naim ARO is documented by mirrored original-manual support as the Naim uni-pivot tonearm.,,Naim ARO manual,parsed,0.8,Manual-mirror support for exact model.,NAIM ARO Manual,https://www.manualslib.com/manual/372395/Naim-Aro.html
583,Odyssey,RP1-XG & RP1 Gold,effective_length_mm,230.0,,mm,230,parsed,0.6,,BIGLOBE Arm Data,https://www7a.biglobe.ne.jp/~yosh/armdata.htm
1547,Odyssey,RP1-XG & RP1 Gold,null_alignment_type,,Other,,63.500 / 120.000 mm,derived,0.75,Backfilled from null-point pair proximity to reference alignments; nearest-reference distance 2.657 mm.,BIGLOBE Arm Data,https://www7a.biglobe.ne.jp/~yosh/armdata.htm
587,Odyssey,RP1-XG & RP1 Gold,null_point_inner_mm,63.5,,mm,63.5/120,parsed,0.6,,BIGLOBE Arm Data,https://www7a.biglobe.ne.jp/~yosh/armdata.htm
588,Odyssey,RP1-XG & RP1 Gold,null_point_outer_mm,120.0,,mm,63.5/120,parsed,0.6,,BIGLOBE Arm Data,https://www7a.biglobe.ne.jp/~yosh/armdata.htm
586,Odyssey,RP1-XG & RP1 Gold,null_points,,63.5/120,,63.5/120,parsed,0.6,,BIGLOBE Arm Data,https://www7a.biglobe.ne.jp/~yosh/armdata.htm
585,Odyssey,RP1-XG & RP1 Gold,offset_angle_deg,23.5,,deg,23.5,parsed,0.6,,BIGLOBE Arm Data,https://www7a.biglobe.ne.jp/~yosh/armdata.htm
584,Odyssey,RP1-XG & RP1 Gold,overhang_mm,17.2,,mm,17.2,parsed,0.6,,BIGLOBE Arm Data,https://www7a.biglobe.ne.jp/~yosh/armdata.htm
2667,Odyssey,RP1-XG & RP1 Gold,product_lineage,,"The official Odyssey Tonearms history page documents the RP1-XG as part of the RP1 development line, providing official lineage support for the grouped RP1-XG and RP1 Gold row.",,Odyssey RP1 to RP1-XGII history page,parsed,0.8,Official family-lineage support for grouped row.,ODYSSEY TONEARMS: RP1 to RP1-XGII,https://odysseytonearms.blogspot.com/p/rp1-rp1-p.html
2668,Odyssey,RP1-XG & RP1 Gold,product_lineage,,"Official Odyssey documentation states that the Gold Signature used the basic RP1-XG concept, reinforcing official support for the grouped RP1-XG and RP1 Gold family row.",,Odyssey Gold Signature page references RP1-XG concept,parsed,0.8,Official support for grouped gold-variant row.,ODYSSEY TONEARMS: Odyssey Gold Signature,https://odysseytonearms.blogspot.com/p/rp1-gold-signature.html
2948,Origin Live,"10""",null_alignment_type,,Unknown,,Unknown,derived,0.4,Defaulted because the current source set does not explicitly specify a null alignment family.,Origin Live tonearm overview page,https://www.originlive.com/hi-fi/tonearm/
2944,Origin Live,"10""",product_family,,special arm length option,,There are instances where it is difficult to fit the 9.5-inch arms so by popular demand we also offer different arm lengths and geometry to enable fitting to a large variety of other brand turntables.,parsed,0.8,Official family support for 10-inch option.,Origin Live tonearm overview page,https://www.originlive.com/hi-fi/tonearm/
2940,Origin Live,"10""",product_lineage,,official 10-inch Origin Live arm length option.,,10-inch arm length option (will not fit Origin Live decks),parsed,0.85,Official length-option support.,Origin Live tonearm overview page,https://www.originlive.com/hi-fi/tonearm/
2942,Origin Live,"12""",effective_length_mm,309.0,,mm,12-inch arm length option (fits Origin Live decks),parsed,0.82,Official length-option geometry.,Origin Live tonearm overview page,https://www.originlive.com/hi-fi/tonearm/
2943,Origin Live,"12""",mounting_distance_mm,295.6,,mm,For 12-inch Arms Only – Centre of 23mm – 25mm diameter hole for arm mount to centre of platter spindle is 295.6mm plus or minus 1mm.,parsed,0.82,Official 12-inch mounting distance support.,Origin Live tonearm overview page,https://www.originlive.com/hi-fi/tonearm/
2949,Origin Live,"12""",null_alignment_type,,Unknown,,Unknown,derived,0.4,Defaulted because the current source set does not explicitly specify a null alignment family.,Origin Live tonearm overview page,https://www.originlive.com/hi-fi/tonearm/
2941,Origin Live,"12""",product_lineage,,official 12-inch Origin Live arm length option.,,12-inch arm length option (fits Origin Live decks),parsed,0.85,Official length-option support.,Origin Live tonearm overview page,https://www.originlive.com/hi-fi/tonearm/
2937,Origin Live,"9""",effective_length_mm,229.0,,mm,9-inch length (229mm) with Linn effective arm length and geometry with base mount to fit your existing Linn armboard.,parsed,0.82,Official length-option geometry.,Origin Live tonearm overview page,https://www.originlive.com/hi-fi/tonearm/
2946,Origin Live,"9""",null_alignment_type,,Unknown,,Unknown,derived,0.4,Defaulted because the current source set does not explicitly specify a null alignment family.,Origin Live tonearm overview page,https://www.originlive.com/hi-fi/tonearm/
2936,Origin Live,"9""",product_lineage,,official Linn-geometry Origin Live arm length option.,,9-inch length (229mm) with Linn effective arm length and geometry with base mount to fit your existing Linn armboard.,parsed,0.85,Official length-option support.,Origin Live tonearm overview page,https://www.originlive.com/hi-fi/tonearm/
2939,Origin Live,"9.5""",effective_length_mm,240.0,,mm,Our Standard arms are 9.5 inches (240mm) effective in length.,parsed,0.82,Official length-option geometry.,Origin Live tonearm overview page,https://www.originlive.com/hi-fi/tonearm/
2947,Origin Live,"9.5""",null_alignment_type,,Unknown,,Unknown,derived,0.4,Defaulted because the current source set does not explicitly specify a null alignment family.,Origin Live tonearm overview page,https://www.originlive.com/hi-fi/tonearm/
2938,Origin Live,"9.5""",product_lineage,,official standard Origin Live arm length option.,,Our Standard arms are 9.5 inches (240mm) effective in length.,parsed,0.85,Official length-option support.,Origin Live tonearm overview page,https://www.originlive.com/hi-fi/tonearm/
2928,Origin Live,Agile,null_alignment_type,,Unknown,,Unknown,derived,0.4,Defaulted because the current source set does not explicitly specify a null alignment family.,Origin Live Agile official page,https://www.originlive.com/hi-fi/tonearm/high-end-agile-tonearm/
2917,Origin Live,Agile,product_family,,High-End Tonearms,,The High-End Range combines advanced engineering with design research that goes much deeper than most other manufacturers.,parsed,0.8,Official range classification from overview page.,Origin Live tonearm overview page,https://www.originlive.com/hi-fi/tonearm/
2916,Origin Live,Agile,product_lineage,,The Agile tonearm comes from an ambitious undertaking: to create a high end tonearm which improves on all that came before it.,,The Agile tonearm comes from an ambitious undertaking: to create a high end tonearm which improves on all that came before it.,parsed,0.88,Exact-model official page support.,Origin Live Agile official page,https://www.originlive.com/hi-fi/tonearm/high-end-agile-tonearm/
871,Origin Live,Alliance,arm_mount,,23-24 mm mounting hole / 32 mm A-F nut / 27 mm max armboard thickness,,23-24 mm mounting hole,parsed,0.95,,Origin Live tonearm specifications,https://www.originlive.com/shop/tonearms-specifications-all-arms
867,Origin Live,Alliance,effective_length_mm,237.0,,mm,237 mm,parsed,0.95,,Origin Live tonearm specifications,https://www.originlive.com/shop/tonearms-specifications-all-arms
868,Origin Live,Alliance,mounting_distance_mm,222.0,,mm,222 mm,parsed,0.95,,Origin Live tonearm specifications,https://www.originlive.com/shop/tonearms-specifications-all-arms
1593,Origin Live,Alliance,null_alignment_type,,Other,,57.203 / 120.360 mm,derived,0.65,"Backfilled from derived null points using effective length, mounting distance/overhang, and offset angle; nearest-reference distance 4.288 mm.",Origin Live tonearm specifications,https://www.originlive.com/shop/tonearms-specifications-all-arms
870,Origin Live,Alliance,offset_angle_deg,22.0,,deg,22 degrees,parsed,0.95,,Origin Live tonearm specifications,https://www.originlive.com/shop/tonearms-specifications-all-arms
869,Origin Live,Alliance,overhang_mm,17.24,,mm,17.24 mm,parsed,0.95,,Origin Live tonearm specifications,https://www.originlive.com/shop/tonearms-specifications-all-arms
2945,Origin Live,Conquerer,null_alignment_type,,Unknown,,Unknown,derived,0.4,Defaulted because the current source set does not explicitly specify a null alignment family.,Origin Live Conqueror official page,https://www.originlive.com/hi-fi/tonearm/award-winning-tonearm-conqueror/
2935,Origin Live,Conquerer,product_family,,Premium Tonearms,,"The premium range includes transformative features like our arm tubes, built from multiple layers to improve stiffness, energy transmission and damping. They also employ dual-pivot bearings to reduce friction and improve de-coupling.",parsed,0.8,Official family support for spelling variant target.,Origin Live tonearm overview page,https://www.originlive.com/hi-fi/tonearm/
2934,Origin Live,Conquerer,product_lineage,,Official Origin Live Conqueror tonearm product page; workbook spells target as Conquerer.,,Award-Winning Conqueror Tonearm | Origin Live Award Winning Hi-Fi,parsed,0.87,Exact target closure using official page despite workbook spelling variant.,Origin Live Conqueror official page,https://www.originlive.com/hi-fi/tonearm/award-winning-tonearm-conqueror/
2931,Origin Live,Conqueror,null_alignment_type,,Unknown,,Unknown,derived,0.4,Defaulted because the current source set does not explicitly specify a null alignment family.,Origin Live Conqueror official page,https://www.originlive.com/hi-fi/tonearm/award-winning-tonearm-conqueror/
2923,Origin Live,Conqueror,product_family,,Premium Tonearms,,"The premium range includes transformative features like our arm tubes, built from multiple layers to improve stiffness, energy transmission and damping. They also employ dual-pivot bearings to reduce friction and improve de-coupling.",parsed,0.8,Official range classification from overview page.,Origin Live tonearm overview page,https://www.originlive.com/hi-fi/tonearm/
2922,Origin Live,Conqueror,product_lineage,,Official Origin Live Conqueror tonearm product page.,,Official Origin Live Conqueror tonearm product page.,parsed,0.88,Exact-model official page support.,Origin Live Conqueror official page,https://www.originlive.com/hi-fi/tonearm/award-winning-tonearm-conqueror/
2929,Origin Live,Encounter,null_alignment_type,,Unknown,,Unknown,derived,0.4,Defaulted because the current source set does not explicitly specify a null alignment family.,Origin Live Encounter official page,https://www.originlive.com/hi-fi/tonearm/dual-pivot-tonearm-encounter/
2919,Origin Live,Encounter,product_family,,Premium Tonearms,,"The premium range includes transformative features like our arm tubes, built from multiple layers to improve stiffness, energy transmission and damping. They also employ dual-pivot bearings to reduce friction and improve de-coupling.",parsed,0.8,Official range classification from overview page.,Origin Live tonearm overview page,https://www.originlive.com/hi-fi/tonearm/
2918,Origin Live,Encounter,product_lineage,,The Encounter arm introduces dual-pivot bearings to the Origin Live tonearm range.,,The Encounter arm introduces dual-pivot bearings to the Origin Live tonearm range.,parsed,0.88,Exact-model official page support.,Origin Live Encounter official page,https://www.originlive.com/hi-fi/tonearm/dual-pivot-tonearm-encounter/
2932,Origin Live,Enterprise,null_alignment_type,,Unknown,,Unknown,derived,0.4,Defaulted because the current source set does not explicitly specify a null alignment family.,Origin Live Enterprise official page,https://www.originlive.com/hi-fi/tonearm/high-end-tonearm-enterprise/
2925,Origin Live,Enterprise,product_family,,High-End Tonearms,,The High-End Range combines advanced engineering with design research that goes much deeper than most other manufacturers.,parsed,0.8,Official range classification from overview page.,Origin Live tonearm overview page,https://www.originlive.com/hi-fi/tonearm/
2924,Origin Live,Enterprise,product_lineage,,Official Origin Live Enterprise tonearm product page.,,Official Origin Live Enterprise tonearm product page.,parsed,0.88,Exact-model official page support.,Origin Live Enterprise official page,https://www.originlive.com/hi-fi/tonearm/high-end-tonearm-enterprise/
2930,Origin Live,Illustrious,null_alignment_type,,Unknown,,Unknown,derived,0.4,Defaulted because the current source set does not explicitly specify a null alignment family.,Origin Live Illustrious official page,https://www.originlive.com/hi-fi/tonearm/tracking-tonearm-illustrious/
2921,Origin Live,Illustrious,product_family,,Premium Tonearms,,"The premium range includes transformative features like our arm tubes, built from multiple layers to improve stiffness, energy transmission and damping. They also employ dual-pivot bearings to reduce friction and improve de-coupling.",parsed,0.8,Official range classification from overview page.,Origin Live tonearm overview page,https://www.originlive.com/hi-fi/tonearm/
2920,Origin Live,Illustrious,product_lineage,,Official Origin Live Illustrious tonearm product page.,,Official Origin Live Illustrious tonearm product page.,parsed,0.88,Exact-model official page support.,Origin Live Illustrious official page,https://www.originlive.com/hi-fi/tonearm/tracking-tonearm-illustrious/
877,Origin Live,Onyx,arm_mount,,23-24 mm mounting hole / 32 mm A-F nut / 27 mm max armboard thickness,,23-24 mm mounting hole,parsed,0.95,,Origin Live tonearm specifications,https://www.originlive.com/shop/tonearms-specifications-all-arms
872,Origin Live,Onyx,effective_length_mm,237.0,,mm,237 mm,parsed,0.95,,Origin Live tonearm specifications,https://www.originlive.com/shop/tonearms-specifications-all-arms
876,Origin Live,Onyx,effective_mass_g,12.0,,g,12 g,parsed,0.95,,Origin Live tonearm specifications,https://www.originlive.com/shop/tonearms-specifications-all-arms
873,Origin Live,Onyx,mounting_distance_mm,222.0,,mm,222 mm,parsed,0.95,,Origin Live tonearm specifications,https://www.originlive.com/shop/tonearms-specifications-all-arms
1594,Origin Live,Onyx,null_alignment_type,,Other,,57.203 / 120.360 mm,derived,0.65,"Backfilled from derived null points using effective length, mounting distance/overhang, and offset angle; nearest-reference distance 4.288 mm.",Origin Live tonearm specifications,https://www.originlive.com/shop/tonearms-specifications-all-arms
875,Origin Live,Onyx,offset_angle_deg,22.0,,deg,22 degrees,parsed,0.95,,Origin Live tonearm specifications,https://www.originlive.com/shop/tonearms-specifications-all-arms
874,Origin Live,Onyx,overhang_mm,17.24,,mm,17.24 mm,parsed,0.95,,Origin Live tonearm specifications,https://www.originlive.com/shop/tonearms-specifications-all-arms
2933,Origin Live,Renown,null_alignment_type,,Unknown,,Unknown,derived,0.4,Defaulted because the current source set does not explicitly specify a null alignment family.,Origin Live Renown official page,https://www.originlive.com/hi-fi/tonearm/renown-tonearm/
2927,Origin Live,Renown,product_family,,High-End Tonearms,,The High-End Range combines advanced engineering with design research that goes much deeper than most other manufacturers.,parsed,0.8,Official range classification from overview page.,Origin Live tonearm overview page,https://www.originlive.com/hi-fi/tonearm/
2926,Origin Live,Renown,product_lineage,,Official Origin Live Renown tonearm product page.,,Official Origin Live Renown tonearm product page.,parsed,0.88,Exact-model official page support.,Origin Live Renown official page,https://www.originlive.com/hi-fi/tonearm/renown-tonearm/
883,Origin Live,Silver,arm_mount,,23-24 mm mounting hole / 32 mm A-F nut / 27 mm max armboard thickness,,23-24 mm mounting hole,parsed,0.95,,Origin Live tonearm specifications,https://www.originlive.com/shop/tonearms-specifications-all-arms
878,Origin Live,Silver,effective_length_mm,237.0,,mm,237 mm,parsed,0.95,,Origin Live tonearm specifications,https://www.originlive.com/shop/tonearms-specifications-all-arms
882,Origin Live,Silver,effective_mass_g,12.0,,g,12 g,parsed,0.95,,Origin Live tonearm specifications,https://www.originlive.com/shop/tonearms-specifications-all-arms
879,Origin Live,Silver,mounting_distance_mm,222.0,,mm,222 mm,parsed,0.95,,Origin Live tonearm specifications,https://www.originlive.com/shop/tonearms-specifications-all-arms
1595,Origin Live,Silver,null_alignment_type,,Other,,57.203 / 120.360 mm,derived,0.65,"Backfilled from derived null points using effective length, mounting distance/overhang, and offset angle; nearest-reference distance 4.288 mm.",Origin Live tonearm specifications,https://www.originlive.com/shop/tonearms-specifications-all-arms
881,Origin Live,Silver,offset_angle_deg,22.0,,deg,22 degrees,parsed,0.95,,Origin Live tonearm specifications,https://www.originlive.com/shop/tonearms-specifications-all-arms
880,Origin Live,Silver,overhang_mm,17.24,,mm,17.24 mm,parsed,0.95,,Origin Live tonearm specifications,https://www.originlive.com/shop/tonearms-specifications-all-arms
889,Origin Live,Zephyr,arm_mount,,23-24 mm mounting hole / 32 mm A-F nut / 27 mm max armboard thickness,,23-24 mm mounting hole,parsed,0.95,,Origin Live tonearm specifications,https://www.originlive.com/shop/tonearms-specifications-all-arms
884,Origin Live,Zephyr,effective_length_mm,237.0,,mm,237 mm,parsed,0.95,,Origin Live tonearm specifications,https://www.originlive.com/shop/tonearms-specifications-all-arms
888,Origin Live,Zephyr,effective_mass_g,12.4,,g,12.4 g,parsed,0.95,,Origin Live tonearm specifications,https://www.originlive.com/shop/tonearms-specifications-all-arms
885,Origin Live,Zephyr,mounting_distance_mm,222.0,,mm,222 mm,parsed,0.95,,Origin Live tonearm specifications,https://www.originlive.com/shop/tonearms-specifications-all-arms
1596,Origin Live,Zephyr,null_alignment_type,,Other,,57.203 / 120.360 mm,derived,0.65,"Backfilled from derived null points using effective length, mounting distance/overhang, and offset angle; nearest-reference distance 4.288 mm.",Origin Live tonearm specifications,https://www.originlive.com/shop/tonearms-specifications-all-arms
887,Origin Live,Zephyr,offset_angle_deg,22.0,,deg,22 degrees,parsed,0.95,,Origin Live tonearm specifications,https://www.originlive.com/shop/tonearms-specifications-all-arms
886,Origin Live,Zephyr,overhang_mm,17.24,,mm,17.24 mm,parsed,0.95,,Origin Live tonearm specifications,https://www.originlive.com/shop/tonearms-specifications-all-arms
1242,Ortofon,AS-212R,arm_mount,,22 mm shaft hole / 40 mm fixing screw circle,,Arm shaft diameter 18 mm; recommended hole diameter 22 mm; arm base fixing screw position 40 mm diameter,parsed,0.9,,Ortofon AS-212R / AS-309R userguide,https://ortofon.com/cdn/shop/files/Userguide_Tonearm_AS-212R_AS-309R.pdf?v=16206892059160213752
1234,Ortofon,AS-212R,effective_length_mm,232.0,,mm,232 mm,parsed,0.95,,Ortofon AS-212R / AS-309R userguide,https://ortofon.com/cdn/shop/files/Userguide_Tonearm_AS-212R_AS-309R.pdf?v=16206892059160213752
1238,Ortofon,AS-212R,effective_mass_g,7.0,,g,7 g,parsed,0.95,,Ortofon AS-212R / AS-309R userguide,https://ortofon.com/cdn/shop/files/Userguide_Tonearm_AS-212R_AS-309R.pdf?v=16206892059160213752
1235,Ortofon,AS-212R,mounting_distance_mm,214.0,,mm,214 mm,parsed,0.95,,Ortofon AS-212R / AS-309R userguide,https://ortofon.com/cdn/shop/files/Userguide_Tonearm_AS-212R_AS-309R.pdf?v=16206892059160213752
1655,Ortofon,AS-212R,null_alignment_type,,Baewald,,66.040 / 120.900 mm,derived,0.9,Backfilled from null-point pair proximity to reference alignments; nearest-reference distance 0.040 mm.,Ortofon AS-212R / AS-309R userguide,https://ortofon.com/cdn/shop/files/Userguide_Tonearm_AS-212R_AS-309R.pdf?v=16206892059160213752
1240,Ortofon,AS-212R,null_point_inner_mm,66.04,,mm,66.04 mm,parsed,0.95,,Ortofon AS-212R / AS-309R userguide,https://ortofon.com/cdn/shop/files/Userguide_Tonearm_AS-212R_AS-309R.pdf?v=16206892059160213752
1241,Ortofon,AS-212R,null_point_outer_mm,120.9,,mm,120.9 mm,parsed,0.95,,Ortofon AS-212R / AS-309R userguide,https://ortofon.com/cdn/shop/files/Userguide_Tonearm_AS-212R_AS-309R.pdf?v=16206892059160213752
1239,Ortofon,AS-212R,null_points,,66.04 / 120.9,,66.04 and 120.9 mm,parsed,0.95,,Ortofon AS-212R / AS-309R userguide,https://ortofon.com/cdn/shop/files/Userguide_Tonearm_AS-212R_AS-309R.pdf?v=16206892059160213752
1237,Ortofon,AS-212R,offset_angle_deg,23.75,,deg,23.75 degrees,parsed,0.95,,Ortofon AS-212R / AS-309R userguide,https://ortofon.com/cdn/shop/files/Userguide_Tonearm_AS-212R_AS-309R.pdf?v=16206892059160213752
1236,Ortofon,AS-212R,overhang_mm,18.0,,mm,18 mm,parsed,0.95,,Ortofon AS-212R / AS-309R userguide,https://ortofon.com/cdn/shop/files/Userguide_Tonearm_AS-212R_AS-309R.pdf?v=16206892059160213752
1251,Ortofon,AS-309R,arm_mount,,22 mm shaft hole / 40 mm fixing screw circle,,Arm shaft diameter 18 mm; recommended hole diameter 22 mm; arm base fixing screw position 40 mm diameter,parsed,0.9,,Ortofon AS-212R / AS-309R userguide,https://ortofon.com/cdn/shop/files/Userguide_Tonearm_AS-212R_AS-309R.pdf?v=16206892059160213752
1243,Ortofon,AS-309R,effective_length_mm,323.5,,mm,323.5 mm,parsed,0.95,,Ortofon AS-212R / AS-309R userguide,https://ortofon.com/cdn/shop/files/Userguide_Tonearm_AS-212R_AS-309R.pdf?v=16206892059160213752
1247,Ortofon,AS-309R,effective_mass_g,11.0,,g,11 g,parsed,0.95,,Ortofon AS-212R / AS-309R userguide,https://ortofon.com/cdn/shop/files/Userguide_Tonearm_AS-212R_AS-309R.pdf?v=16206892059160213752
1244,Ortofon,AS-309R,mounting_distance_mm,311.0,,mm,311 mm,parsed,0.95,,Ortofon AS-212R / AS-309R userguide,https://ortofon.com/cdn/shop/files/Userguide_Tonearm_AS-212R_AS-309R.pdf?v=16206892059160213752
1656,Ortofon,AS-309R,null_alignment_type,,Baewald,,66.000 / 120.900 mm,derived,0.9,Backfilled from null-point pair proximity to reference alignments; nearest-reference distance 0.000 mm.,Ortofon AS-212R / AS-309R userguide,https://ortofon.com/cdn/shop/files/Userguide_Tonearm_AS-212R_AS-309R.pdf?v=16206892059160213752
1249,Ortofon,AS-309R,null_point_inner_mm,66.0,,mm,66 mm,parsed,0.95,,Ortofon AS-212R / AS-309R userguide,https://ortofon.com/cdn/shop/files/Userguide_Tonearm_AS-212R_AS-309R.pdf?v=16206892059160213752
1250,Ortofon,AS-309R,null_point_outer_mm,120.9,,mm,120.9 mm,parsed,0.95,,Ortofon AS-212R / AS-309R userguide,https://ortofon.com/cdn/shop/files/Userguide_Tonearm_AS-212R_AS-309R.pdf?v=16206892059160213752
1248,Ortofon,AS-309R,null_points,,66 / 120.9,,66 and 120.9 mm,parsed,0.95,,Ortofon AS-212R / AS-309R userguide,https://ortofon.com/cdn/shop/files/Userguide_Tonearm_AS-212R_AS-309R.pdf?v=16206892059160213752
1246,Ortofon,AS-309R,offset_angle_deg,16.75,,deg,16.75 degrees,parsed,0.95,,Ortofon AS-212R / AS-309R userguide,https://ortofon.com/cdn/shop/files/Userguide_Tonearm_AS-212R_AS-309R.pdf?v=16206892059160213752
1245,Ortofon,AS-309R,overhang_mm,12.5,,mm,12.5 mm,parsed,0.95,,Ortofon AS-212R / AS-309R userguide,https://ortofon.com/cdn/shop/files/Userguide_Tonearm_AS-212R_AS-309R.pdf?v=16206892059160213752
589,Ortofon,RMG-212 & RS-212,effective_length_mm,228.0,,mm,228,parsed,0.6,,BIGLOBE Arm Data,https://www7a.biglobe.ne.jp/~yosh/armdata.htm
2441,Ortofon,RMG-212 & RS-212,effective_length_mm,231.0,,mm,RS/AS-212 SPU L [mm] 231,parsed,0.9,,Ortofon RS/AS tonearm alignment recommendations,https://cdn.shopify.com/s/files/1/0756/9247/4651/files/recommendations_for_rs_and_as_tonearms.pdf?v=1705500339
2440,Ortofon,RMG-212 & RS-212,mounting_distance_mm,217.0,,mm,RS/AS-212 ... D [mm] 217,parsed,0.9,,Ortofon RS/AS tonearm alignment recommendations,https://cdn.shopify.com/s/files/1/0756/9247/4651/files/recommendations_for_rs_and_as_tonearms.pdf?v=1705500339
1548,Ortofon,RMG-212 & RS-212,null_alignment_type,,Other,,51.661 / 121.408 mm,derived,0.65,"Backfilled from derived null points using effective length, mounting distance/overhang, and offset angle; nearest-reference distance 9.538 mm.",Ortofon RS/AS tonearm alignment recommendations,https://cdn.shopify.com/s/files/1/0756/9247/4651/files/recommendations_for_rs_and_as_tonearms.pdf?v=1705500339
593,Ortofon,RMG-212 & RS-212,null_point_inner_mm,61.0,,mm,61/114,parsed,0.6,,BIGLOBE Arm Data,https://www7a.biglobe.ne.jp/~yosh/armdata.htm
594,Ortofon,RMG-212 & RS-212,null_point_outer_mm,114.0,,mm,61/114,parsed,0.6,,BIGLOBE Arm Data,https://www7a.biglobe.ne.jp/~yosh/armdata.htm
2444,Ortofon,RMG-212 & RS-212,null_point_outer_mm,121.5,,mm,RS/AS-212 SPU Zero radii [mm] 121.5,parsed,0.9,,Ortofon RS/AS tonearm alignment recommendations,https://cdn.shopify.com/s/files/1/0756/9247/4651/files/recommendations_for_rs_and_as_tonearms.pdf?v=1705500339
592,Ortofon,RMG-212 & RS-212,null_points,,61/114,,61/114,parsed,0.6,,BIGLOBE Arm Data,https://www7a.biglobe.ne.jp/~yosh/armdata.htm
591,Ortofon,RMG-212 & RS-212,offset_angle_deg,22.7,,deg,22.7,parsed,0.6,,BIGLOBE Arm Data,https://www7a.biglobe.ne.jp/~yosh/armdata.htm
2443,Ortofon,RMG-212 & RS-212,offset_angle_deg,22.0,,deg,RS/AS-212 SPU Offset angle [deg] 22,parsed,0.9,,Ortofon RS/AS tonearm alignment recommendations,https://cdn.shopify.com/s/files/1/0756/9247/4651/files/recommendations_for_rs_and_as_tonearms.pdf?v=1705500339
590,Ortofon,RMG-212 & RS-212,overhang_mm,16.0,,mm,16,parsed,0.6,,BIGLOBE Arm Data,https://www7a.biglobe.ne.jp/~yosh/armdata.htm
2442,Ortofon,RMG-212 & RS-212,overhang_mm,14.0,,mm,RS/AS-212 SPU Overhang [mm] 14,parsed,0.9,,Ortofon RS/AS tonearm alignment recommendations,https://cdn.shopify.com/s/files/1/0756/9247/4651/files/recommendations_for_rs_and_as_tonearms.pdf?v=1705500339
2445,Ortofon,RMG-212 & RS-212,product_family,,historical product,,RS 212 vintage – Ortofon Historical product,parsed,0.82,,Ortofon RS 212 vintage page,https://ortofon.com/pages/rs-212-vintage
595,Ortofon,RMG-309,effective_length_mm,320.0,,mm,320,parsed,0.6,,BIGLOBE Arm Data,https://www7a.biglobe.ne.jp/~yosh/armdata.htm
2447,Ortofon,RMG-309,marketing_description,,perfect long arm for broadcasting and other professional purposes demanding the highest obtainable precision,,"The Ortofon RMG 309 is the perfect, long arm for broadcasting and other professional purposes demanding the highest obtainable precision.",parsed,0.8,,Ortofon RMG 309 vintage page,https://ortofon.com/pages/rmg-309-vintage
1549,Ortofon,RMG-309,null_alignment_type,,Other,,60.000 / 115.000 mm,derived,0.75,Backfilled from null-point pair proximity to reference alignments; nearest-reference distance 2.442 mm.,BIGLOBE Arm Data,https://www7a.biglobe.ne.jp/~yosh/armdata.htm
599,Ortofon,RMG-309,null_point_inner_mm,60.0,,mm,60/115,parsed,0.6,,BIGLOBE Arm Data,https://www7a.biglobe.ne.jp/~yosh/armdata.htm
600,Ortofon,RMG-309,null_point_outer_mm,115.0,,mm,60/115,parsed,0.6,,BIGLOBE Arm Data,https://www7a.biglobe.ne.jp/~yosh/armdata.htm
598,Ortofon,RMG-309,null_points,,60/115,,60/115,parsed,0.6,,BIGLOBE Arm Data,https://www7a.biglobe.ne.jp/~yosh/armdata.htm
597,Ortofon,RMG-309,offset_angle_deg,15.9,,deg,15.9,parsed,0.6,,BIGLOBE Arm Data,https://www7a.biglobe.ne.jp/~yosh/armdata.htm
596,Ortofon,RMG-309,overhang_mm,11.0,,mm,11,parsed,0.6,,BIGLOBE Arm Data,https://www7a.biglobe.ne.jp/~yosh/armdata.htm
2446,Ortofon,RMG-309,product_family,,historical product,,RMG 309 vintage – Ortofon Historical product,parsed,0.82,,Ortofon RMG 309 vintage page,https://ortofon.com/pages/rmg-309-vintage
1260,Ortofon,RS-212D,arm_mount,,34-36 mm base hole / 50 mm fixing PCD,,Diameter of armbase mounting hole 34-36 mm; fixing holes PCD 50 mm,parsed,0.9,,Ortofon RS-212D official product page,https://ortofon.com/pages/rs-212d-9
1252,Ortofon,RS-212D,effective_length_mm,231.0,,mm,231 mm,parsed,0.95,,Ortofon RS-212D official product page,https://ortofon.com/pages/rs-212d-9
1256,Ortofon,RS-212D,effective_mass_g,3.5,,g,3.5 g without headshell,parsed,0.95,,Ortofon RS-212D official product page,https://ortofon.com/pages/rs-212d-9
1253,Ortofon,RS-212D,mounting_distance_mm,216.0,,mm,216 mm,parsed,0.95,,Ortofon RS-212D official product page,https://ortofon.com/pages/rs-212d-9
1657,Ortofon,RS-212D,null_alignment_type,,Other,,58.500 / 114.500 mm,derived,0.75,Backfilled from null-point pair proximity to reference alignments; nearest-reference distance 3.443 mm.,Ortofon RS-212D official product page,https://ortofon.com/pages/rs-212d-9
1258,Ortofon,RS-212D,null_point_inner_mm,58.5,,mm,58.5 mm,parsed,0.95,,Ortofon RS-212D official product page,https://ortofon.com/pages/rs-212d-9
1259,Ortofon,RS-212D,null_point_outer_mm,114.5,,mm,114.5 mm,parsed,0.95,,Ortofon RS-212D official product page,https://ortofon.com/pages/rs-212d-9
1257,Ortofon,RS-212D,null_points,,58.5 / 114.5,,58.5 mm and 114.5 mm,parsed,0.95,,Ortofon RS-212D official product page,https://ortofon.com/pages/rs-212d-9
1255,Ortofon,RS-212D,offset_angle_deg,22.0,,deg,22 degrees,parsed,0.95,,Ortofon RS-212D official product page,https://ortofon.com/pages/rs-212d-9
1254,Ortofon,RS-212D,overhang_mm,15.0,,mm,15 mm,parsed,0.95,,Ortofon RS-212D official product page,https://ortofon.com/pages/rs-212d-9
1266,Ortofon,RS-309D,arm_mount,,34-36 mm base hole / 50 mm fixing PCD,,Diameter of armbase mounting hole 34-36 mm; fixing holes PCD 50 mm,parsed,0.9,,Ortofon RS-309D official product page,https://ortofon.com/pages/rs-309d-12
1261,Ortofon,RS-309D,effective_length_mm,329.0,,mm,329 mm,parsed,0.95,,Ortofon RS-309D official product page,https://ortofon.com/pages/rs-309d-12
1265,Ortofon,RS-309D,effective_mass_g,4.0,,g,4.0 g without headshell,parsed,0.95,,Ortofon RS-309D official product page,https://ortofon.com/pages/rs-309d-12
1262,Ortofon,RS-309D,mounting_distance_mm,314.0,,mm,314 mm,parsed,0.95,,Ortofon RS-309D official product page,https://ortofon.com/pages/rs-309d-12
1658,Ortofon,RS-309D,null_alignment_type,,Other,,64.357 / 149.867 mm,derived,0.65,"Backfilled from derived null points using effective length, mounting distance/overhang, and offset angle; nearest-reference distance 29.013 mm.",Ortofon RS-309D official product page,https://ortofon.com/pages/rs-309d-12
1264,Ortofon,RS-309D,offset_angle_deg,19.0,,deg,19 degrees,parsed,0.95,,Ortofon RS-309D official product page,https://ortofon.com/pages/rs-309d-12
1263,Ortofon,RS-309D,overhang_mm,15.0,,mm,15 mm,parsed,0.95,,Ortofon RS-309D official product page,https://ortofon.com/pages/rs-309d-12
2449,Ortofon,SMG-212/SKG-212/AS-212,anti_skating,,Yes,,"The AS Series tonearms can be used for a wide array of cartridges, featuring anti-skating control.",parsed,0.9,,Ortofon AS-212S page,https://ortofon.com/pages/as-212s-9
2448,Ortofon,SMG-212/SKG-212/AS-212,arm_type,,static-balance tonearm,,"Ortofon AS-212S 9"" static-balance tonearm",parsed,0.9,,Ortofon AS-212S page,https://ortofon.com/pages/as-212s-9
601,Ortofon,SMG-212/SKG-212/AS-212,effective_length_mm,228.0,,mm,228,parsed,0.6,,BIGLOBE Arm Data,https://www7a.biglobe.ne.jp/~yosh/armdata.htm
2452,Ortofon,SMG-212/SKG-212/AS-212,effective_length_mm,234.7,,mm,RS/AS-212 HS L [mm] 234.7,parsed,0.9,,Ortofon RS/AS tonearm alignment recommendations,https://cdn.shopify.com/s/files/1/0756/9247/4651/files/recommendations_for_rs_and_as_tonearms.pdf?v=1705500339
2450,Ortofon,SMG-212/SKG-212/AS-212,geometry_note,,Japanese geometry; not normal Baerwald,,"The AS-212S, AS-309S, RS-212D, and RS-309D tonearms have a Japanese geometry, which will not directly fit the normal Baerwald alignment.",parsed,0.9,,Ortofon AS-212S page,https://ortofon.com/pages/as-212s-9
2451,Ortofon,SMG-212/SKG-212/AS-212,mounting_distance_mm,217.0,,mm,RS/AS-212 ... D [mm] 217,parsed,0.9,,Ortofon RS/AS tonearm alignment recommendations,https://cdn.shopify.com/s/files/1/0756/9247/4651/files/recommendations_for_rs_and_as_tonearms.pdf?v=1705500339
1550,Ortofon,SMG-212/SKG-212/AS-212,null_alignment_type,,Baewald,,Japanese geometry; not normal Baerwald,derived,0.95,Backfilled from explicit alignment-language evidence in model metadata or source text.,Ortofon AS-212S page,https://ortofon.com/pages/as-212s-9
605,Ortofon,SMG-212/SKG-212/AS-212,null_point_inner_mm,61.0,,mm,61/114,parsed,0.6,,BIGLOBE Arm Data,https://www7a.biglobe.ne.jp/~yosh/armdata.htm
2455,Ortofon,SMG-212/SKG-212/AS-212,null_point_inner_mm,66.0,,mm,RS/AS-212 HS Zero radii [mm] 66 and 121,parsed,0.9,,Ortofon RS/AS tonearm alignment recommendations,https://cdn.shopify.com/s/files/1/0756/9247/4651/files/recommendations_for_rs_and_as_tonearms.pdf?v=1705500339
606,Ortofon,SMG-212/SKG-212/AS-212,null_point_outer_mm,114.0,,mm,61/114,parsed,0.6,,BIGLOBE Arm Data,https://www7a.biglobe.ne.jp/~yosh/armdata.htm
2456,Ortofon,SMG-212/SKG-212/AS-212,null_point_outer_mm,121.0,,mm,RS/AS-212 HS Zero radii [mm] 66 and 121,parsed,0.9,,Ortofon RS/AS tonearm alignment recommendations,https://cdn.shopify.com/s/files/1/0756/9247/4651/files/recommendations_for_rs_and_as_tonearms.pdf?v=1705500339
604,Ortofon,SMG-212/SKG-212/AS-212,null_points,,61/114,,61/114,parsed,0.6,,BIGLOBE Arm Data,https://www7a.biglobe.ne.jp/~yosh/armdata.htm
603,Ortofon,SMG-212/SKG-212/AS-212,offset_angle_deg,22.7,,deg,22.7,parsed,0.6,,BIGLOBE Arm Data,https://www7a.biglobe.ne.jp/~yosh/armdata.htm
2454,Ortofon,SMG-212/SKG-212/AS-212,offset_angle_deg,23.5,,deg,RS/AS-212 HS Offset angle [deg] 23.5,parsed,0.9,,Ortofon RS/AS tonearm alignment recommendations,https://cdn.shopify.com/s/files/1/0756/9247/4651/files/recommendations_for_rs_and_as_tonearms.pdf?v=1705500339
602,Ortofon,SMG-212/SKG-212/AS-212,overhang_mm,16.0,,mm,16,parsed,0.6,,BIGLOBE Arm Data,https://www7a.biglobe.ne.jp/~yosh/armdata.htm
2453,Ortofon,SMG-212/SKG-212/AS-212,overhang_mm,17.7,,mm,RS/AS-212 HS Overhang [mm] 17.7,parsed,0.9,,Ortofon RS/AS tonearm alignment recommendations,https://cdn.shopify.com/s/files/1/0756/9247/4651/files/recommendations_for_rs_and_as_tonearms.pdf?v=1705500339
767,Ortofon,TA-110,arm_mount,,Mounting distance 213.0 mm; armbase hole 19-20 mm; center shaft 18 mm,,19-20 mm armbase hole / 18 mm center shaft,parsed,0.9,,Ortofon TA-110 user manual,https://www.manualslib.com/manual/1449246/Ortofon-Ta-110.html
1432,Ortofon,TA-110,arm_mount,,19-20 mm armbase hole / 18 mm center shaft / 5-pin DIN,,Diameter of the armbase mounting hole: 19-20 mm; Diameter of the center shaft: 18.0 mm; standard 5-pin DIN connector,parsed,0.9,,Ortofon TA-110 official product page,https://ortofon.com/pages/ta-110-9
765,Ortofon,TA-110,cartridge_range_high_g,12.5,,g,21-28 g total minus supplied 15.5 g headshell,derived,0.6,Derived from stated cartridge+headshell mass window and supplied headshell mass.,Ortofon TA-110 user manual,https://www.manualslib.com/manual/1449246/Ortofon-Ta-110.html
1431,Ortofon,TA-110,cartridge_range_high_g,12.5,,g,Counterweight for cartridge + headshell mass between 21 and 28 g included; headshell 15.5 g,derived,0.8,Derived by subtracting supplied 15.5 g headshell mass from 21-28 g cartridge+headshell range.,Ortofon TA-110 official product page,https://ortofon.com/pages/ta-110-9
764,Ortofon,TA-110,cartridge_range_low_g,5.5,,g,21-28 g total minus supplied 15.5 g headshell,derived,0.6,Derived from stated cartridge+headshell mass window and supplied headshell mass.,Ortofon TA-110 user manual,https://www.manualslib.com/manual/1449246/Ortofon-Ta-110.html
1430,Ortofon,TA-110,cartridge_range_low_g,5.5,,g,Counterweight for cartridge + headshell mass between 21 and 28 g included; headshell 15.5 g,derived,0.8,Derived by subtracting supplied 15.5 g headshell mass from 21-28 g cartridge+headshell range.,Ortofon TA-110 official product page,https://ortofon.com/pages/ta-110-9
757,Ortofon,TA-110,effective_length_mm,231.0,,mm,231.0 mm,parsed,0.9,,Ortofon TA-110 user manual,https://www.manualslib.com/manual/1449246/Ortofon-Ta-110.html
1422,Ortofon,TA-110,effective_length_mm,231.0,,mm,231.0 mm,parsed,0.95,,Ortofon TA-110 official product page,https://ortofon.com/pages/ta-110-9
763,Ortofon,TA-110,effective_mass_g,3.5,,g,3.5 g without headshell,parsed,0.9,,Ortofon TA-110 user manual,https://www.manualslib.com/manual/1449246/Ortofon-Ta-110.html
1426,Ortofon,TA-110,effective_mass_g,3.5,,g,Effective mass without headshell: 3.5 g,parsed,0.95,,Ortofon TA-110 official product page,https://ortofon.com/pages/ta-110-9
766,Ortofon,TA-110,mounting_distance_mm,213.0,,mm,213.0 mm,parsed,0.9,,Ortofon TA-110 user manual,https://www.manualslib.com/manual/1449246/Ortofon-Ta-110.html
1423,Ortofon,TA-110,mounting_distance_mm,213.0,,mm,213.0 mm,parsed,0.95,,Ortofon TA-110 official product page,https://ortofon.com/pages/ta-110-9
1576,Ortofon,TA-110,null_alignment_type,,Baewald,,66.000 / 120.900 mm,derived,0.9,Backfilled from null-point pair proximity to reference alignments; nearest-reference distance 0.000 mm.,Ortofon TA-110 official product page,https://ortofon.com/pages/ta-110-9
761,Ortofon,TA-110,null_point_inner_mm,66.0,,mm,66 mm,parsed,0.9,,Ortofon TA-110 user manual,https://www.manualslib.com/manual/1449246/Ortofon-Ta-110.html
1427,Ortofon,TA-110,null_point_inner_mm,66.0,,mm,Inner null point: 66 mm,parsed,0.95,,Ortofon TA-110 official product page,https://ortofon.com/pages/ta-110-9
762,Ortofon,TA-110,null_point_outer_mm,120.9,,mm,120.9 mm,parsed,0.9,,Ortofon TA-110 user manual,https://www.manualslib.com/manual/1449246/Ortofon-Ta-110.html
1428,Ortofon,TA-110,null_point_outer_mm,120.9,,mm,Outer null point: 120.9 mm,parsed,0.95,,Ortofon TA-110 official product page,https://ortofon.com/pages/ta-110-9
760,Ortofon,TA-110,null_points,,66 / 120.9,,66 mm / 120.9 mm,parsed,0.9,,Ortofon TA-110 user manual,https://www.manualslib.com/manual/1449246/Ortofon-Ta-110.html
1429,Ortofon,TA-110,null_points,,66 / 120.9,,66 mm / 120.9 mm,parsed,0.95,,Ortofon TA-110 official product page,https://ortofon.com/pages/ta-110-9
759,Ortofon,TA-110,offset_angle_deg,23.9,,deg,23.9 degrees,parsed,0.9,,Ortofon TA-110 user manual,https://www.manualslib.com/manual/1449246/Ortofon-Ta-110.html
1425,Ortofon,TA-110,offset_angle_deg,23.9,,deg,23.9 degrees,parsed,0.95,,Ortofon TA-110 official product page,https://ortofon.com/pages/ta-110-9
758,Ortofon,TA-110,overhang_mm,18.0,,mm,18.0 mm,parsed,0.9,,Ortofon TA-110 user manual,https://www.manualslib.com/manual/1449246/Ortofon-Ta-110.html
1424,Ortofon,TA-110,overhang_mm,18.0,,mm,18.0 mm,parsed,0.95,,Ortofon TA-110 official product page,https://ortofon.com/pages/ta-110-9
1800,Pear Audio,Cornet 1,arm_tube_material,,long grain carbon fibre,,long grain Carbon fiber,parsed,0.9,,Pear Audio tonearms official page,https://pearaudio-analogue.com/tonearms/
1799,Pear Audio,Cornet 1,arm_type,,unipivot,,Cornet’s unipivot design uses a new approach,parsed,0.9,,Pear Audio tonearms official page,https://pearaudio-analogue.com/tonearms/
1803,Pear Audio,Cornet 1,effective_length_mm,239.0,,mm,Tonearm effective length 239 mm,parsed,0.9,,Pear Audio tonearms official page,https://pearaudio-analogue.com/tonearms/
1802,Pear Audio,Cornet 1,effective_mass_g,12.5,,g,"Effective mass 12,50 g",parsed,0.9,,Pear Audio tonearms official page,https://pearaudio-analogue.com/tonearms/
1801,Pear Audio,Cornet 1,mounting_distance_mm,222.0,,mm,Distance from Tone arm center to spindle 222 mm,parsed,0.9,,Pear Audio tonearms official page,https://pearaudio-analogue.com/tonearms/
1810,Pear Audio,Cornet 1,null_alignment_type,,Unknown,,Unknown,derived,0.4,Defaulted because the current source set does not explicitly specify a null alignment family.,Pear Audio tonearms official page,https://pearaudio-analogue.com/tonearms/
1805,Pear Audio,Cornet 2,arm_tube_material,,long grain carbon fibre,,"the more expensive Cornet 2 – long grain Carbon fiber, Unipivot design, in-line headshell",parsed,0.9,,Pear Audio tonearms official page,https://pearaudio-analogue.com/tonearms/
1804,Pear Audio,Cornet 2,arm_type,,unipivot,,Cornet 1 and Cornet 2 tone-arms are the culmination of Tom Fletcher’s continuing development of the Space Arm.,parsed,0.9,,Pear Audio tonearms official page,https://pearaudio-analogue.com/tonearms/
1811,Pear Audio,Cornet 2,null_alignment_type,,Unknown,,Unknown,derived,0.4,Defaulted because the current source set does not explicitly specify a null alignment family.,Pear Audio tonearms official page,https://pearaudio-analogue.com/tonearms/
2741,Pear Audio,Cornet 3,arm_type,,12-inch tonearm,,12 inch Cornet 3 arm,parsed,0.9,Official nominal arm-length designation.,Pear Audio Aras official page,https://pearaudio-analogue.com/aras/
2743,Pear Audio,Cornet 3,null_alignment_type,,Unknown,,Unknown,derived,0.4,Defaulted because the current source set does not explicitly specify a null alignment family.,Pear Audio Aras official page,https://pearaudio-analogue.com/aras/
2740,Pear Audio,Cornet 3,product_lineage,,Official Pear Audio Aras page states the turntable employs the 12 inch Cornet 3 arm.,,Featuring the same 14 inch platter as the Odar and also imploying the 12 inch Cornet 3 arm.,parsed,0.92,Official exact-model presence on current Pear Audio site.,Pear Audio Aras official page,https://pearaudio-analogue.com/aras/
2742,Pear Audio,Cornet 3,product_lineage,,Official Pear Audio review page presents the Odar/Cornet 3 combination as the brand’s top-level reference setup.,,the ultimate that the Odar/Cornet 3 combination represents,parsed,0.88,Official site exact-model review/support signal.,Pear Audio Golden Ear Odar/Cornet 3 page,https://pearaudio-analogue.com/golden-ear-pear-audio-blue-odar-turntable-with-cornet-3-tonearm/
217,Pioneer,PA-100,effective_length_mm,237.0,,mm,237,parsed,0.6,,BIGLOBE Arm Data,https://www7a.biglobe.ne.jp/~yosh/armdata.htm
1486,Pioneer,PA-100,null_alignment_type,,Other,,57.000 / 117.000 mm,derived,0.75,Backfilled from null-point pair proximity to reference alignments; nearest-reference distance 3.351 mm.,BIGLOBE Arm Data,https://www7a.biglobe.ne.jp/~yosh/armdata.htm
221,Pioneer,PA-100,null_point_inner_mm,57.0,,mm,57/117,parsed,0.6,,BIGLOBE Arm Data,https://www7a.biglobe.ne.jp/~yosh/armdata.htm
222,Pioneer,PA-100,null_point_outer_mm,117.0,,mm,57/117,parsed,0.6,,BIGLOBE Arm Data,https://www7a.biglobe.ne.jp/~yosh/armdata.htm
220,Pioneer,PA-100,null_points,,57/117,,57/117,parsed,0.6,,BIGLOBE Arm Data,https://www7a.biglobe.ne.jp/~yosh/armdata.htm
219,Pioneer,PA-100,offset_angle_deg,21.5,,deg,21.5?,parsed,0.6,,BIGLOBE Arm Data,https://www7a.biglobe.ne.jp/~yosh/armdata.htm
218,Pioneer,PA-100,overhang_mm,14.5,,mm,14.5,parsed,0.6,,BIGLOBE Arm Data,https://www7a.biglobe.ne.jp/~yosh/armdata.htm
2618,Pioneer,PA-100,product_lineage,,Pioneer PA-100 is documented by official historical specifications as a universal static-balance tonearm with magnetic anti-skating and adjustable height.,,PA-100 official historical page,parsed,0.8,Official historical support for exact model.,Pioneer PA-100の仕様 パイオニア,https://audio-heritage.jp/PIONEER-EXCLUSIVE/etc/pa-100.html
223,Pioneer,PA-1000,effective_length_mm,237.0,,mm,237,parsed,0.6,,BIGLOBE Arm Data,https://www7a.biglobe.ne.jp/~yosh/armdata.htm
1487,Pioneer,PA-1000,null_alignment_type,,Stevenson,,60.000 / 116.000 mm,derived,0.85,Backfilled from null-point pair proximity to reference alignments; nearest-reference distance 1.457 mm.,BIGLOBE Arm Data,https://www7a.biglobe.ne.jp/~yosh/armdata.htm
227,Pioneer,PA-1000,null_point_inner_mm,60.0,,mm,60/116,parsed,0.6,,BIGLOBE Arm Data,https://www7a.biglobe.ne.jp/~yosh/armdata.htm
228,Pioneer,PA-1000,null_point_outer_mm,116.0,,mm,60/116,parsed,0.6,,BIGLOBE Arm Data,https://www7a.biglobe.ne.jp/~yosh/armdata.htm
226,Pioneer,PA-1000,null_points,,60/116,,60/116,parsed,0.6,,BIGLOBE Arm Data,https://www7a.biglobe.ne.jp/~yosh/armdata.htm
225,Pioneer,PA-1000,offset_angle_deg,21.683,,deg,21.683 (21°41'),parsed,0.6,,BIGLOBE Arm Data,https://www7a.biglobe.ne.jp/~yosh/armdata.htm
224,Pioneer,PA-1000,overhang_mm,15.0,,mm,15,parsed,0.6,,BIGLOBE Arm Data,https://www7a.biglobe.ne.jp/~yosh/armdata.htm
2619,Pioneer,PA-1000,product_lineage,,Pioneer PA-1000 is documented by official historical specifications as a carbon-fibre S-shaped universal tonearm with angular-contact bearings and adjustable arm height.,,PA-1000 official historical page,parsed,0.8,Official historical support for exact model.,Pioneer PA-1000の仕様 パイオニア,https://audio-heritage.jp/PIONEER-EXCLUSIVE/etc/pa-1000.html
2620,Pioneer,PA-1000,product_lineage,,Pioneer PA-1000 is also documented by mirrored original-manual support describing the super-lightweight carbon fibre pipe arm and universal headshell joint.,,PA-1000 manual page,parsed,0.75,Manual-mirror support for exact model.,Pioneer PA-1000 Carbon Fibre Tonearm Manual,https://www.vinylengine.com/library/pioneer/pa-1000.shtml
953,Pro-Ject,10cc Evolution,effective_length_mm,254.0,,mm,10 inch / 254 mm,parsed,0.95,,Pro-Ject Evolution tonearm manual,https://pro-jectusa.com/wp-content/uploads/2020/05/Pro-Ject-Evolution-Tonearm-User-Manual.pdf
957,Pro-Ject,10cc Evolution,effective_mass_g,8.5,,g,8.5 g,parsed,0.95,,Pro-Ject Evolution tonearm manual,https://pro-jectusa.com/wp-content/uploads/2020/05/Pro-Ject-Evolution-Tonearm-User-Manual.pdf
954,Pro-Ject,10cc Evolution,mounting_distance_mm,238.0,,mm,238 mm,parsed,0.95,,Pro-Ject Evolution tonearm manual,https://pro-jectusa.com/wp-content/uploads/2020/05/Pro-Ject-Evolution-Tonearm-User-Manual.pdf
1608,Pro-Ject,10cc Evolution,null_alignment_type,,Baewald,,65.895 / 119.462 mm,derived,0.85,"Backfilled from derived null points using effective length, mounting distance/overhang, and offset angle; nearest-reference distance 1.442 mm.",Pro-Ject Evolution tonearm manual,https://pro-jectusa.com/wp-content/uploads/2020/05/Pro-Ject-Evolution-Tonearm-User-Manual.pdf
956,Pro-Ject,10cc Evolution,offset_angle_deg,21.4,,deg,21.4 degrees,parsed,0.95,,Pro-Ject Evolution tonearm manual,https://pro-jectusa.com/wp-content/uploads/2020/05/Pro-Ject-Evolution-Tonearm-User-Manual.pdf
955,Pro-Ject,10cc Evolution,overhang_mm,16.0,,mm,16 mm,parsed,0.95,,Pro-Ject Evolution tonearm manual,https://pro-jectusa.com/wp-content/uploads/2020/05/Pro-Ject-Evolution-Tonearm-User-Manual.pdf
958,Pro-Ject,12cc Evolution,effective_length_mm,304.8,,mm,12 inch / 304.8 mm,parsed,0.95,,Pro-Ject Evolution tonearm manual,https://pro-jectusa.com/wp-content/uploads/2020/05/Pro-Ject-Evolution-Tonearm-User-Manual.pdf
962,Pro-Ject,12cc Evolution,effective_mass_g,10.5,,g,10.5 g,parsed,0.95,,Pro-Ject Evolution tonearm manual,https://pro-jectusa.com/wp-content/uploads/2020/05/Pro-Ject-Evolution-Tonearm-User-Manual.pdf
959,Pro-Ject,12cc Evolution,mounting_distance_mm,291.6,,mm,291.6 mm,parsed,0.95,,Pro-Ject Evolution tonearm manual,https://pro-jectusa.com/wp-content/uploads/2020/05/Pro-Ject-Evolution-Tonearm-User-Manual.pdf
1609,Pro-Ject,12cc Evolution,null_alignment_type,,Other,,62.582 / 125.795 mm,derived,0.65,"Backfilled from derived null points using effective length, mounting distance/overhang, and offset angle; nearest-reference distance 5.970 mm.",Pro-Ject Evolution tonearm manual,https://pro-jectusa.com/wp-content/uploads/2020/05/Pro-Ject-Evolution-Tonearm-User-Manual.pdf
961,Pro-Ject,12cc Evolution,offset_angle_deg,18.0,,deg,18 degrees,parsed,0.95,,Pro-Ject Evolution tonearm manual,https://pro-jectusa.com/wp-content/uploads/2020/05/Pro-Ject-Evolution-Tonearm-User-Manual.pdf
960,Pro-Ject,12cc Evolution,overhang_mm,13.2,,mm,13.2 mm,parsed,0.95,,Pro-Ject Evolution tonearm manual,https://pro-jectusa.com/wp-content/uploads/2020/05/Pro-Ject-Evolution-Tonearm-User-Manual.pdf
948,Pro-Ject,9cc Evolution,effective_length_mm,230.0,,mm,9 inch / 230 mm,parsed,0.95,,Pro-Ject Evolution tonearm manual,https://pro-jectusa.com/wp-content/uploads/2020/05/Pro-Ject-Evolution-Tonearm-User-Manual.pdf
952,Pro-Ject,9cc Evolution,effective_mass_g,8.0,,g,8 g,parsed,0.95,,Pro-Ject Evolution tonearm manual,https://pro-jectusa.com/wp-content/uploads/2020/05/Pro-Ject-Evolution-Tonearm-User-Manual.pdf
949,Pro-Ject,9cc Evolution,mounting_distance_mm,212.0,,mm,212 mm,parsed,0.95,,Pro-Ject Evolution tonearm manual,https://pro-jectusa.com/wp-content/uploads/2020/05/Pro-Ject-Evolution-Tonearm-User-Manual.pdf
1607,Pro-Ject,9cc Evolution,null_alignment_type,,Baewald,,65.345 / 121.754 mm,derived,0.85,"Backfilled from derived null points using effective length, mounting distance/overhang, and offset angle; nearest-reference distance 1.076 mm.",Pro-Ject Evolution tonearm manual,https://pro-jectusa.com/wp-content/uploads/2020/05/Pro-Ject-Evolution-Tonearm-User-Manual.pdf
951,Pro-Ject,9cc Evolution,offset_angle_deg,24.0,,deg,24 degrees,parsed,0.95,,Pro-Ject Evolution tonearm manual,https://pro-jectusa.com/wp-content/uploads/2020/05/Pro-Ject-Evolution-Tonearm-User-Manual.pdf
950,Pro-Ject,9cc Evolution,overhang_mm,18.0,,mm,18 mm,parsed,0.95,,Pro-Ject Evolution tonearm manual,https://pro-jectusa.com/wp-content/uploads/2020/05/Pro-Ject-Evolution-Tonearm-User-Manual.pdf
229,RS-Lab,Alternative alignment (underhang),effective_length_mm,215.0,,mm,215,parsed,0.6,,BIGLOBE Arm Data,https://www7a.biglobe.ne.jp/~yosh/armdata.htm
1488,RS-Lab,Alternative alignment (underhang),null_alignment_type,,Other,,RS Laboratory RS-A1 is documented by mirrored original-manual support as the distinctive RS-Lab tonearm family associated with alternative alignment and rotating-shell geometry.,derived,0.95,Backfilled from explicit alignment-language evidence in model metadata or source text.,RS Laboratory RS-A1 Japanese Uni-Pivot Tonearm Manual,https://www.vinylengine.com/library/rs-laboratory/rs-a1.shtml
233,RS-Lab,Alternative alignment (underhang),null_point_inner_mm,93.86,,mm,93.86?,parsed,0.6,,BIGLOBE Arm Data,https://www7a.biglobe.ne.jp/~yosh/armdata.htm
234,RS-Lab,Alternative alignment (underhang),null_point_outer_mm,,,mm,93.86?,raw_only,0.6,,BIGLOBE Arm Data,https://www7a.biglobe.ne.jp/~yosh/armdata.htm
232,RS-Lab,Alternative alignment (underhang),null_points,,93.86?,,93.86?,parsed,0.6,,BIGLOBE Arm Data,https://www7a.biglobe.ne.jp/~yosh/armdata.htm
231,RS-Lab,Alternative alignment (underhang),offset_angle_deg,0.0,,deg,0,parsed,0.6,,BIGLOBE Arm Data,https://www7a.biglobe.ne.jp/~yosh/armdata.htm
230,RS-Lab,Alternative alignment (underhang),overhang_mm,-19.6,,mm,-19.6?,parsed,0.6,,BIGLOBE Arm Data,https://www7a.biglobe.ne.jp/~yosh/armdata.htm
2674,RS-Lab,Alternative alignment (underhang),product_lineage,,RS Laboratory RS-A1 is documented by mirrored original-manual support as the distinctive RS-Lab tonearm family associated with alternative alignment and rotating-shell geometry.,,RS Laboratory RS-A1 manual page,parsed,0.8,Manual-mirror support for exact family row.,RS Laboratory RS-A1 Japanese Uni-Pivot Tonearm Manual,https://www.vinylengine.com/library/rs-laboratory/rs-a1.shtml
2952,Rabco,SL-8,arm_type,,servo-controlled straight-line tangential tonearm,,The SL-8 and SL-8E are servo controlled.,parsed,0.83,Archival technical description shared by both Rabco variants.,Soundfountain Rabco SL-8/SL-8E technical archive,https://www.soundfountain.com/amb/ttrabco.html
2953,Rabco,SL-8,effective_mass_g,24.0,,g,The Rabco engineers were well aware of that and gave the arm a rather high mass of 24 gr.,parsed,0.8,Effective mass value from archival technical analysis.,Soundfountain Rabco SL-8/SL-8E technical archive,https://www.soundfountain.com/amb/ttrabco.html
2958,Rabco,SL-8,null_alignment_type,,Unknown,,Unknown,derived,0.4,Defaulted because the current source set does not explicitly specify a null alignment family.,Rabco SL-8 manual via Library of Congress,http://lcweb2.loc.gov/master/mbrs/recording_preservation/manuals/Rabco%20SL-8%20Servo-Driven%20Straight%20Line%20Phonograph%20Arm.pdf
2950,Rabco,SL-8,product_family,,Servo-driven straight-line phonograph arm family documentation from original Rabco manual archive.,,"The servo is capable of moving the carriage faster than required for tracking 33, 45 or 78 RPM records, but is slower than that required to follow the run-off groove.",parsed,0.72,Accepted official-manual family support from archival original manual hosting.,Rabco SL-8 manual via Library of Congress,http://lcweb2.loc.gov/master/mbrs/recording_preservation/manuals/Rabco%20SL-8%20Servo-Driven%20Straight%20Line%20Phonograph%20Arm.pdf
2951,Rabco,SL-8,product_lineage,,Rabco came up with a separate arm: the SL-8 which was superseded by the SL-8E around 1969.,,Rabco came up with a separate arm: the SL-8 which was superseded by the SL-8E around 1969.,parsed,0.84,Exact model lineage from archival technical source.,Soundfountain Rabco SL-8/SL-8E technical archive,https://www.soundfountain.com/amb/ttrabco.html
2956,Rabco,SL-8E,arm_type,,servo-controlled straight-line tangential tonearm,,The SL-8 and SL-8E are servo controlled.,parsed,0.83,Archival technical description shared by both Rabco variants.,Soundfountain Rabco SL-8/SL-8E technical archive,https://www.soundfountain.com/amb/ttrabco.html
2957,Rabco,SL-8E,effective_mass_g,24.0,,g,The Rabco engineers were well aware of that and gave the arm a rather high mass of 24 gr.,parsed,0.8,Effective mass value from archival technical analysis.,Soundfountain Rabco SL-8/SL-8E technical archive,https://www.soundfountain.com/amb/ttrabco.html
2959,Rabco,SL-8E,null_alignment_type,,Unknown,,Unknown,derived,0.4,Defaulted because the current source set does not explicitly specify a null alignment family.,Rabco SL-8 manual via Library of Congress,http://lcweb2.loc.gov/master/mbrs/recording_preservation/manuals/Rabco%20SL-8%20Servo-Driven%20Straight%20Line%20Phonograph%20Arm.pdf
2954,Rabco,SL-8E,product_family,,Servo-driven straight-line phonograph arm family documentation from original Rabco manual archive.,,"The servo is capable of moving the carriage faster than required for tracking 33, 45 or 78 RPM records, but is slower than that required to follow the run-off groove.",parsed,0.72,Accepted official-manual family support from archival original manual hosting.,Rabco SL-8 manual via Library of Congress,http://lcweb2.loc.gov/master/mbrs/recording_preservation/manuals/Rabco%20SL-8%20Servo-Driven%20Straight%20Line%20Phonograph%20Arm.pdf
2955,Rabco,SL-8E,product_lineage,,Rabco came up with a separate arm: the SL-8 which was superseded by the SL-8E around 1969.,,Rabco came up with a separate arm: the SL-8 which was superseded by the SL-8E around 1969.,parsed,0.84,Exact model lineage from archival technical source.,Soundfountain Rabco SL-8/SL-8E technical archive,https://www.soundfountain.com/amb/ttrabco.html
1003,Reed,1H 10.5-inch,effective_length_mm,266.7,,mm,10.5 inch effective length,derived,0.85,Converted from official inch designation.,Reed 1H official page,https://www.reed.lt/product/reed-1h/
1007,Reed,1H 10.5-inch,effective_mass_g,15.0,,g,Carbon fiber 15 g,parsed,0.9,,Reed 1H official page,https://www.reed.lt/product/reed-1h/
1004,Reed,1H 10.5-inch,mounting_distance_mm,251.6,,mm,251.6 mm pivot to spindle distance,parsed,0.95,,Reed 1H official page,https://www.reed.lt/product/reed-1h/
1616,Reed,1H 10.5-inch,null_alignment_type,,Other,,61.701 / 126.842 mm,derived,0.65,"Backfilled from derived null points using effective length, mounting distance/overhang, and offset angle; nearest-reference distance 7.334 mm.",Reed 1H official page,https://www.reed.lt/product/reed-1h/
1006,Reed,1H 10.5-inch,offset_angle_deg,20.7,,deg,20.7 degrees,parsed,0.95,,Reed 1H official page,https://www.reed.lt/product/reed-1h/
1005,Reed,1H 10.5-inch,overhang_mm,15.4,,mm,15.4 mm,parsed,0.95,,Reed 1H official page,https://www.reed.lt/product/reed-1h/
1008,Reed,1H 12-inch,effective_length_mm,304.8,,mm,12 inch effective length,derived,0.85,Converted from official inch designation.,Reed 1H official page,https://www.reed.lt/product/reed-1h/
1012,Reed,1H 12-inch,effective_mass_g,18.0,,g,Carbon fiber 18 g,parsed,0.9,,Reed 1H official page,https://www.reed.lt/product/reed-1h/
1009,Reed,1H 12-inch,mounting_distance_mm,295.6,,mm,295.6 mm pivot to spindle distance,parsed,0.95,,Reed 1H official page,https://www.reed.lt/product/reed-1h/
1617,Reed,1H 12-inch,null_alignment_type,,Other,,37.663 / 146.662 mm,derived,0.65,"Backfilled from derived null points using effective length, mounting distance/overhang, and offset angle; nearest-reference distance 36.996 mm.",Reed 1H official page,https://www.reed.lt/product/reed-1h/
1011,Reed,1H 12-inch,offset_angle_deg,17.6,,deg,17.6 degrees,parsed,0.95,,Reed 1H official page,https://www.reed.lt/product/reed-1h/
1010,Reed,1H 12-inch,overhang_mm,13.4,,mm,13.4 mm,parsed,0.95,,Reed 1H official page,https://www.reed.lt/product/reed-1h/
998,Reed,1H 9.5-inch,effective_length_mm,241.3,,mm,9.5 inch effective length,derived,0.85,Converted from official inch designation.,Reed 1H official page,https://www.reed.lt/product/reed-1h/
1002,Reed,1H 9.5-inch,effective_mass_g,12.0,,g,Carbon fiber 12 g,parsed,0.9,,Reed 1H official page,https://www.reed.lt/product/reed-1h/
999,Reed,1H 9.5-inch,mounting_distance_mm,223.0,,mm,223 mm pivot to spindle distance,parsed,0.95,,Reed 1H official page,https://www.reed.lt/product/reed-1h/
1615,Reed,1H 9.5-inch,null_alignment_type,,Other,,76.016 / 111.776 mm,derived,0.65,"Backfilled from derived null points using effective length, mounting distance/overhang, and offset angle; nearest-reference distance 7.494 mm.",Reed 1H official page,https://www.reed.lt/product/reed-1h/
1001,Reed,1H 9.5-inch,offset_angle_deg,22.9,,deg,22.9 degrees,parsed,0.95,,Reed 1H official page,https://www.reed.lt/product/reed-1h/
1000,Reed,1H 9.5-inch,overhang_mm,17.0,,mm,17 mm,parsed,0.95,,Reed 1H official page,https://www.reed.lt/product/reed-1h/
895,Reed,3P 10.5-inch,effective_length_mm,266.7,,mm,10.5 inch effective length,derived,0.8,Converted from official inch designation.,Reed 3P official page,https://www.reed.lt/product/reed-3p/
1330,Reed,3P 10.5-inch,effective_length_mm,266.7,,mm,10.5 inches,derived,0.85,Converted from official inch designation.,Reed 3P official page,https://www.reed.lt/product/reed-3p/
899,Reed,3P 10.5-inch,effective_mass_g,,Approximate by armwand: Wenge 12 / Makassar ebony 14 / Cocobolo 14 / Teak 10,g,Material-dependent effective mass table on official page,raw_only,0.7,Model has multiple armwand materials with different masses.,Reed 3P official page,https://www.reed.lt/product/reed-3p/
1335,Reed,3P 10.5-inch,effective_mass_g,,Material dependent: Wenge 12 / Makassar ebony 14 / Cocobolo 14 / Teak 10,g,See armwand material table,raw_only,0.85,,Reed 3P official page,https://www.reed.lt/product/reed-3p/
896,Reed,3P 10.5-inch,mounting_distance_mm,251.6,,mm,251.6 mm pivot to spindle distance,parsed,0.9,,Reed 3P official page,https://www.reed.lt/product/reed-3p/
1331,Reed,3P 10.5-inch,mounting_distance_mm,236.1,,mm,236.1 mm,parsed,0.95,,Reed 3P official page,https://www.reed.lt/product/reed-3p/
1598,Reed,3P 10.5-inch,null_alignment_type,,Unknown,,Unknown,derived,0.4,Defaulted because the current source set does not explicitly specify a null alignment family.,Reed 3P official page,https://www.reed.lt/product/reed-3p/
898,Reed,3P 10.5-inch,offset_angle_deg,20.7,,deg,20.7 degrees,parsed,0.9,,Reed 3P official page,https://www.reed.lt/product/reed-3p/
1334,Reed,3P 10.5-inch,offset_angle_deg,20.7,,deg,20.7 degrees,parsed,0.95,,Reed 3P official page,https://www.reed.lt/product/reed-3p/
897,Reed,3P 10.5-inch,overhang_mm,15.4,,mm,15.4 mm,parsed,0.9,,Reed 3P official page,https://www.reed.lt/product/reed-3p/
1333,Reed,3P 10.5-inch,overhang_mm,15.4,,mm,15.4 mm,parsed,0.95,,Reed 3P official page,https://www.reed.lt/product/reed-3p/
1332,Reed,3P 10.5-inch,pivot_to_spindle_mm,251.6,,mm,251.6 mm,parsed,0.95,,Reed 3P official page,https://www.reed.lt/product/reed-3p/
900,Reed,3P 12-inch,effective_length_mm,304.8,,mm,12 inch effective length,derived,0.8,Converted from official inch designation.,Reed 3P official page,https://www.reed.lt/product/reed-3p/
1336,Reed,3P 12-inch,effective_length_mm,304.8,,mm,12 inches,derived,0.85,Converted from official inch designation.,Reed 3P official page,https://www.reed.lt/product/reed-3p/
904,Reed,3P 12-inch,effective_mass_g,,Approximate by armwand: Wenge 14 / Makassar ebony 18 / Cocobolo 18 / Teak 12,g,Material-dependent effective mass table on official page,raw_only,0.7,Model has multiple armwand materials with different masses.,Reed 3P official page,https://www.reed.lt/product/reed-3p/
1341,Reed,3P 12-inch,effective_mass_g,,Material dependent: Wenge 14 / Makassar ebony 18 / Cocobolo 18 / Teak 12,g,See armwand material table,raw_only,0.85,,Reed 3P official page,https://www.reed.lt/product/reed-3p/
901,Reed,3P 12-inch,mounting_distance_mm,295.6,,mm,295.6 mm pivot to spindle distance,parsed,0.9,,Reed 3P official page,https://www.reed.lt/product/reed-3p/
1337,Reed,3P 12-inch,mounting_distance_mm,283.8,,mm,283.8 mm,parsed,0.95,,Reed 3P official page,https://www.reed.lt/product/reed-3p/
1599,Reed,3P 12-inch,null_alignment_type,,Unknown,,Unknown,derived,0.4,Defaulted because the current source set does not explicitly specify a null alignment family.,Reed 3P official page,https://www.reed.lt/product/reed-3p/
903,Reed,3P 12-inch,offset_angle_deg,17.6,,deg,17.6 degrees,parsed,0.9,,Reed 3P official page,https://www.reed.lt/product/reed-3p/
1340,Reed,3P 12-inch,offset_angle_deg,17.6,,deg,17.6 degrees,parsed,0.95,,Reed 3P official page,https://www.reed.lt/product/reed-3p/
902,Reed,3P 12-inch,overhang_mm,13.4,,mm,13.4 mm,parsed,0.9,,Reed 3P official page,https://www.reed.lt/product/reed-3p/
1339,Reed,3P 12-inch,overhang_mm,13.4,,mm,13.4 mm,parsed,0.95,,Reed 3P official page,https://www.reed.lt/product/reed-3p/
1338,Reed,3P 12-inch,pivot_to_spindle_mm,295.6,,mm,295.6 mm,parsed,0.95,,Reed 3P official page,https://www.reed.lt/product/reed-3p/
890,Reed,3P 9.5-inch,effective_length_mm,241.3,,mm,9.5 inch effective length,derived,0.8,Converted from official inch designation.,Reed 3P official page,https://www.reed.lt/product/reed-3p/
1324,Reed,3P 9.5-inch,effective_length_mm,241.3,,mm,9.5 inches,derived,0.85,Converted from official inch designation.,Reed 3P official page,https://www.reed.lt/product/reed-3p/
894,Reed,3P 9.5-inch,effective_mass_g,,Approximate by armwand: Wenge 10 / Makassar ebony 12 / Cocobolo 12 / Teak 8,g,Material-dependent effective mass table on official page,raw_only,0.7,Model has multiple armwand materials with different masses.,Reed 3P official page,https://www.reed.lt/product/reed-3p/
1329,Reed,3P 9.5-inch,effective_mass_g,,Material dependent: Wenge 10 / Makassar ebony 12 / Cocobolo 12 / Teak 8,g,See armwand material table,raw_only,0.85,,Reed 3P official page,https://www.reed.lt/product/reed-3p/
891,Reed,3P 9.5-inch,mounting_distance_mm,223.0,,mm,223 mm pivot to spindle distance,parsed,0.9,,Reed 3P official page,https://www.reed.lt/product/reed-3p/
1325,Reed,3P 9.5-inch,mounting_distance_mm,205.5,,mm,205.5 mm,parsed,0.95,,Reed 3P official page,https://www.reed.lt/product/reed-3p/
1597,Reed,3P 9.5-inch,null_alignment_type,,Unknown,,Unknown,derived,0.4,Defaulted because the current source set does not explicitly specify a null alignment family.,Reed 3P official page,https://www.reed.lt/product/reed-3p/
893,Reed,3P 9.5-inch,offset_angle_deg,22.9,,deg,22.9 degrees,parsed,0.9,,Reed 3P official page,https://www.reed.lt/product/reed-3p/
1328,Reed,3P 9.5-inch,offset_angle_deg,22.9,,deg,22.9 degrees,parsed,0.95,,Reed 3P official page,https://www.reed.lt/product/reed-3p/
892,Reed,3P 9.5-inch,overhang_mm,17.0,,mm,17 mm,parsed,0.9,,Reed 3P official page,https://www.reed.lt/product/reed-3p/
1327,Reed,3P 9.5-inch,overhang_mm,17.0,,mm,17 mm,parsed,0.95,,Reed 3P official page,https://www.reed.lt/product/reed-3p/
1326,Reed,3P 9.5-inch,pivot_to_spindle_mm,223.0,,mm,223 mm,parsed,0.95,,Reed 3P official page,https://www.reed.lt/product/reed-3p/
2790,Rega,RB2000,anti_skating,,bias adjustment slider,,Set the bias adjustment slider to the same figure as the cartridge tracking force pressure quoted by your cartridge manufacturer.,parsed,0.87,Exact-model manual setup detail.,Rega RB2000 user manual mirror,https://www.manualsdir.com/manuals/627890/rega-rb2000.html
2789,Rega,RB2000,bearing_system,,improved hand selected bearings,,The RB2000 uses improved bearings with each one being hand selected to be an interference fit with the paired spindle,parsed,0.87,Exact-model manual bearing description.,Rega RB2000 user manual mirror,https://www.manualsdir.com/manuals/627890/rega-rb2000.html
2795,Rega,RB2000,null_alignment_type,,Unknown,,Unknown,derived,0.4,Defaulted because the current source set does not explicitly specify a null alignment family.,Rega RB2000 user manual mirror,https://www.manualsdir.com/manuals/627890/rega-rb2000.html
2788,Rega,RB2000,product_lineage,,High-performance Rega tonearm developed to maximise detail retrieval from record surface and complement the RP10 turntable.,,The RB2000 tonearm is packed with new features pushing the boundaries of tonearm design ... designed specifically to maximise performance of the tonearm and cartridge ... manufactured to further compliment the inherent design philosophy of the RP10 turntable.,parsed,0.89,Exact-model manual text with official-manual character despite mirror hosting.,Rega RB2000 user manual mirror,https://www.manualsdir.com/manuals/627890/rega-rb2000.html
2779,Rega,RB220,anti_skating,,adjustable bias / anti-skate system,,The Rega designed bias / anti skate system will adjust the amount of bias as the tonearm tracks the record ensuring even tracking throughout playback.,parsed,0.9,Official anti-skating description.,Rega RB220 official page,https://www.rega.co.uk/products/rb220
2778,Rega,RB220,arm_tube_material,,one piece aluminium arm tube,,"The RB220 uses our custom one piece, aluminium arm tube",parsed,0.92,Official construction detail.,Rega RB220 official page,https://www.rega.co.uk/products/rb220
2791,Rega,RB220,null_alignment_type,,Unknown,,Unknown,derived,0.4,Defaulted because the current source set does not explicitly specify a null alignment family.,Rega RB220 official page,https://www.rega.co.uk/products/rb220
2777,Rega,RB220,product_lineage,,Latest incarnation of one of Rega's most popular tonearms taking full advantage of Rega's brand new arm tube and current three point arm mounting system.,,"The RB220 is the latest incarnation of one of our most popular tonearms, taking full advantage of our brand new arm tube and the current three point arm mounting system.",parsed,0.94,Official exact-model lineage statement.,Rega RB220 official page,https://www.rega.co.uk/products/rb220
2459,Rega,RB250,bearing_design,,near frictionless movement with no measurable free play,,achievement of near frictionless movement horizontally and vertically whilst having no measurable free play in the bearing assemblies,parsed,0.85,General Rega tonearm design principle; supports RB-series family context.,Rega zero-play tonearm note,https://www.rega.co.uk/download/the-importance-of-zero-play.pdf
963,Rega,RB250,effective_length_mm,237.0,,mm,237 mm,parsed,0.65,,BIGLOBE grouped legacy split,https://www7a.biglobe.ne.jp/~yosh/armdata.htm
2457,Rega,RB250,launch_year,1984.0,,year,RB250 tonearm ... April 1984,parsed,0.85,,Rega product timeline,https://www.rega.co.uk/about/timeline
964,Rega,RB250,mounting_distance_mm,222.0,,mm,Derived from 237 mm effective length and 15 mm overhang,derived,0.6,,BIGLOBE grouped legacy split,https://www7a.biglobe.ne.jp/~yosh/armdata.htm
1610,Rega,RB250,null_alignment_type,,Other,,60.000 / 115.000 mm,derived,0.75,Backfilled from null-point pair proximity to reference alignments; nearest-reference distance 2.442 mm.,BIGLOBE grouped legacy split,https://www7a.biglobe.ne.jp/~yosh/armdata.htm
968,Rega,RB250,null_point_inner_mm,60.0,,mm,60 mm,parsed,0.65,,BIGLOBE grouped legacy split,https://www7a.biglobe.ne.jp/~yosh/armdata.htm
969,Rega,RB250,null_point_outer_mm,115.0,,mm,115 mm,parsed,0.65,,BIGLOBE grouped legacy split,https://www7a.biglobe.ne.jp/~yosh/armdata.htm
967,Rega,RB250,null_points,,60 / 115,,60/115,parsed,0.65,,BIGLOBE grouped legacy split,https://www7a.biglobe.ne.jp/~yosh/armdata.htm
966,Rega,RB250,offset_angle_deg,21.63,,deg,21.63 degrees,parsed,0.65,,BIGLOBE grouped legacy split,https://www7a.biglobe.ne.jp/~yosh/armdata.htm
965,Rega,RB250,overhang_mm,15.0,,mm,15 mm,parsed,0.65,,BIGLOBE grouped legacy split,https://www7a.biglobe.ne.jp/~yosh/armdata.htm
2458,Rega,RB250,product_lineage,,RB220 evolved from famous RB250; RB250 supplied as standard on early Planar 2 and P2,,"The RB220 ... an evolution of the famous RB250, which was supplied as standard on early Planar 2 and P2 turntable.",parsed,0.85,,Rega Planar 78 product page,https://www.rega.co.uk/products/planar-78
2464,Rega,RB250 & RB300,bearing_design,,near frictionless movement with no measurable free play,,achievement of near frictionless movement horizontally and vertically whilst having no measurable free play in the bearing assemblies,parsed,0.85,,Rega zero-play tonearm note,https://www.rega.co.uk/download/the-importance-of-zero-play.pdf
607,Rega,RB250 & RB300,effective_length_mm,237.0,,mm,237,parsed,0.6,,BIGLOBE Arm Data,https://www7a.biglobe.ne.jp/~yosh/armdata.htm
1551,Rega,RB250 & RB300,null_alignment_type,,Other,,60.000 / 115.000 mm,derived,0.75,Backfilled from null-point pair proximity to reference alignments; nearest-reference distance 2.442 mm.,BIGLOBE Arm Data,https://www7a.biglobe.ne.jp/~yosh/armdata.htm
611,Rega,RB250 & RB300,null_point_inner_mm,60.0,,mm,60/115,parsed,0.6,,BIGLOBE Arm Data,https://www7a.biglobe.ne.jp/~yosh/armdata.htm
612,Rega,RB250 & RB300,null_point_outer_mm,115.0,,mm,60/115,parsed,0.6,,BIGLOBE Arm Data,https://www7a.biglobe.ne.jp/~yosh/armdata.htm
610,Rega,RB250 & RB300,null_points,,60/115,,60/115,parsed,0.6,,BIGLOBE Arm Data,https://www7a.biglobe.ne.jp/~yosh/armdata.htm
609,Rega,RB250 & RB300,offset_angle_deg,21.63,,deg,21.63,parsed,0.6,,BIGLOBE Arm Data,https://www7a.biglobe.ne.jp/~yosh/armdata.htm
608,Rega,RB250 & RB300,overhang_mm,15.0,,mm,15,parsed,0.6,,BIGLOBE Arm Data,https://www7a.biglobe.ne.jp/~yosh/armdata.htm
2463,Rega,RB250 & RB300,product_family,,historical RB-series tonearms,,RB300 Tonearm ... April 1983; RB250 tonearm ... April 1984,parsed,0.85,,Rega product timeline,https://www.rega.co.uk/about/timeline
2465,Rega,RB250 & RB300,product_lineage,,RB250 was standard on early Planar 2 and P2; RB220 is its evolution,,"The RB220 offers astonishing performance ... an evolution of the famous RB250, which was supplied as standard on early Planar 2 and P2 turntable.",parsed,0.85,,Rega Planar 78 product page,https://www.rega.co.uk/products/planar-78
2461,Rega,RB300,bearing_design,,near frictionless movement with no measurable free play,,achievement of near frictionless movement horizontally and vertically whilst having no measurable free play in the bearing assemblies,parsed,0.85,General Rega tonearm design principle; supports RB-series family context.,Rega zero-play tonearm note,https://www.rega.co.uk/download/the-importance-of-zero-play.pdf
970,Rega,RB300,effective_length_mm,237.0,,mm,237 mm,parsed,0.65,,BIGLOBE grouped legacy split,https://www7a.biglobe.ne.jp/~yosh/armdata.htm
2460,Rega,RB300,launch_year,1983.0,,year,RB300 Tonearm ... April 1983,parsed,0.85,,Rega product timeline,https://www.rega.co.uk/about/timeline
971,Rega,RB300,mounting_distance_mm,222.0,,mm,Derived from 237 mm effective length and 15 mm overhang,derived,0.6,,BIGLOBE grouped legacy split,https://www7a.biglobe.ne.jp/~yosh/armdata.htm
1611,Rega,RB300,null_alignment_type,,Other,,60.000 / 115.000 mm,derived,0.75,Backfilled from null-point pair proximity to reference alignments; nearest-reference distance 2.442 mm.,BIGLOBE grouped legacy split,https://www7a.biglobe.ne.jp/~yosh/armdata.htm
975,Rega,RB300,null_point_inner_mm,60.0,,mm,60 mm,parsed,0.65,,BIGLOBE grouped legacy split,https://www7a.biglobe.ne.jp/~yosh/armdata.htm
976,Rega,RB300,null_point_outer_mm,115.0,,mm,115 mm,parsed,0.65,,BIGLOBE grouped legacy split,https://www7a.biglobe.ne.jp/~yosh/armdata.htm
974,Rega,RB300,null_points,,60 / 115,,60/115,parsed,0.65,,BIGLOBE grouped legacy split,https://www7a.biglobe.ne.jp/~yosh/armdata.htm
973,Rega,RB300,offset_angle_deg,21.63,,deg,21.63 degrees,parsed,0.65,,BIGLOBE grouped legacy split,https://www7a.biglobe.ne.jp/~yosh/armdata.htm
972,Rega,RB300,overhang_mm,15.0,,mm,15 mm,parsed,0.65,,BIGLOBE grouped legacy split,https://www7a.biglobe.ne.jp/~yosh/armdata.htm
2462,Rega,RB300,product_lineage,,RB330 culmination of more than 35 years of Rega tonearm design experience,,"Designed using the latest 3D CAD & CAM technology, the new RB330 is the culmination of more than 35 years of tonearm design experience.",parsed,0.85,Supports long-running RB-series design lineage from official manufacturer page.,Rega RB330 page,https://www.rega.co.uk/products/rb330
2785,Rega,RB3000,arm_tube_material,,hand polished aluminium arm tube,,The RB3000 uses the latest award-winning Rega arm tube. Each one which is meticulously hand polished,parsed,0.89,Official construction detail.,Rega RB3000 official page,https://www.rega.co.uk/products/rb3000
2786,Rega,RB3000,bearing_system,,hand selected interference-fit bearings,,The R3000 uses improved bearings with each one being hand selected to be an interference fit with the paired spindle,parsed,0.9,Official bearing description.,Rega RB3000 official page,https://www.rega.co.uk/products/rb3000
2793,Rega,RB3000,null_alignment_type,,Unknown,,Unknown,derived,0.4,Defaulted because the current source set does not explicitly specify a null alignment family.,Rega RB3000 official page,https://www.rega.co.uk/products/rb3000
2784,Rega,RB3000,product_lineage,,High-performance Rega reference tonearm designed to maximise tonearm and cartridge performance.,,"This is a Rega developed method of increasing the amount of detail retrieved from the record surface, designed specifically to maximise performance of the tonearm and cartridge.",parsed,0.93,Official exact-model performance and lineage statement.,Rega RB3000 official page,https://www.rega.co.uk/products/rb3000
794,Rega,RB330,arm_mount,,25 mm pillar / 3-point Rega fixing,,25 mm mounting pillar / 3-point mounting,parsed,0.9,,Rega RB330 official instructions PDF,https://www.rega.co.uk/download/rb330-retail-instructions-master-2017.pdf
789,Rega,RB330,effective_length_mm,236.5,,mm,236.5 mm,parsed,0.9,,Rega RB330 official product page,https://www.rega.co.uk/products/rb330
793,Rega,RB330,effective_mass_g,11.0,,g,11 g,parsed,0.85,,Rega RB330 official product page,https://www.rega.co.uk/products/rb330
792,Rega,RB330,mounting_distance_mm,222.0,,mm,222 mm,parsed,0.95,,Rega RB330 official instructions PDF,https://www.rega.co.uk/download/rb330-retail-instructions-master-2017.pdf
1580,Rega,RB330,null_alignment_type,,Other,,56.902 / 116.837 mm,derived,0.65,"Backfilled from derived null points using effective length, mounting distance/overhang, and offset angle; nearest-reference distance 3.472 mm.",Rega RB330 official product page,https://www.rega.co.uk/products/rb330
791,Rega,RB330,offset_angle_deg,21.55,,deg,21.55 degrees,parsed,0.9,,Rega RB330 official product page,https://www.rega.co.uk/products/rb330
790,Rega,RB330,overhang_mm,14.5,,mm,14.5 mm,parsed,0.9,,Rega RB330 official product page,https://www.rega.co.uk/products/rb330
2794,Rega,RB700,null_alignment_type,,Unknown,,Unknown,derived,0.4,Defaulted because the current source set does not explicitly specify a null alignment family.,Rega official product timeline,https://www.rega.co.uk/about/timeline
2787,Rega,RB700,product_lineage,,Rega RB700 tonearm introduced April 2002 and standard with P5 and P7 turntables.,,RB700 tonearm ... April 2002 ... Standard with P5 and P7 turntables.,parsed,0.84,Official exact-model historical presence from Rega timeline.,Rega official product timeline,https://www.rega.co.uk/about/timeline
2781,Rega,RB880,arm_tube_material,,low mass aluminium tonearm tube,,Rega's award winning low mass aluminium tonearm tube,parsed,0.9,Official construction detail.,Rega RB880 official page,https://www.rega.co.uk/products/rb880
2782,Rega,RB880,bearing_system,,hand matched bearing assemblies,,"Extreme levels of stability achieved, coupled with almost friction free movement from the high precision hand matched bearing assemblies",parsed,0.89,Official bearing description.,Rega RB880 official page,https://www.rega.co.uk/products/rb880
2792,Rega,RB880,null_alignment_type,,Unknown,,Unknown,derived,0.4,Defaulted because the current source set does not explicitly specify a null alignment family.,Rega RB880 official page,https://www.rega.co.uk/products/rb880
2783,Rega,RB880,output_cable,,low capacitance phono cable,,Externally we have fitted a bespoke Rega designed low capacitance phono cable.,parsed,0.88,Official cable description.,Rega RB880 official page,https://www.rega.co.uk/products/rb880
2780,Rega,RB880,product_lineage,,Culmination of almost 40 years of tonearm design experience.,,"Designed using the latest 3D CAD & CAM technology, the new RB880 is the culmination of almost 40 years of tonearm design experience.",parsed,0.94,Official exact-model lineage statement.,Rega RB880 official page,https://www.rega.co.uk/products/rb880
613,Roksan,Artemiz/Tabriz,effective_length_mm,240.0,,mm,240,parsed,0.6,,BIGLOBE Arm Data,https://www7a.biglobe.ne.jp/~yosh/armdata.htm
1552,Roksan,Artemiz/Tabriz,null_alignment_type,,Other,,68.000 / 118.000 mm,derived,0.75,Backfilled from null-point pair proximity to reference alignments; nearest-reference distance 2.677 mm.,BIGLOBE Arm Data,https://www7a.biglobe.ne.jp/~yosh/armdata.htm
617,Roksan,Artemiz/Tabriz,null_point_inner_mm,68.0,,mm,68/118,parsed,0.6,,BIGLOBE Arm Data,https://www7a.biglobe.ne.jp/~yosh/armdata.htm
618,Roksan,Artemiz/Tabriz,null_point_outer_mm,118.0,,mm,68/118,parsed,0.6,,BIGLOBE Arm Data,https://www7a.biglobe.ne.jp/~yosh/armdata.htm
616,Roksan,Artemiz/Tabriz,null_points,,68/118,,68/118,parsed,0.6,,BIGLOBE Arm Data,https://www7a.biglobe.ne.jp/~yosh/armdata.htm
615,Roksan,Artemiz/Tabriz,offset_angle_deg,22.9,,deg,22.9,parsed,0.6,,BIGLOBE Arm Data,https://www7a.biglobe.ne.jp/~yosh/armdata.htm
614,Roksan,Artemiz/Tabriz,overhang_mm,17.5,,mm,17.5,parsed,0.6,,BIGLOBE Arm Data,https://www7a.biglobe.ne.jp/~yosh/armdata.htm
2656,Roksan,Artemiz/Tabriz,product_lineage,,Roksan official heritage documentation identifies Artemiz as a high-performance Roksan tonearm introduced in 1987.,,Roksan Artemiz heritage page,parsed,0.85,Official exact-model support inside grouped row.,Artemiz Tonearm | Roksan,https://www.roksan.com/en/product-ranges/roksan-heritage/artemiz-tonearm-1987/
2657,Roksan,Artemiz/Tabriz,product_lineage,,"Roksan official heritage documentation identifies Tabriz as a Roksan tonearm introduced in 1989, pairing with Artemiz as the grouped historic Roksan arm family row.",,Roksan Tabriz heritage page,parsed,0.85,Official exact-model support inside grouped row.,Tabriz Tonearm | Roksan,https://www.roksan.com/en/product-ranges/roksan-heritage/tabriz-tonearm-1989/
1052,SAT,LM-09,alignment_standard,,SAT custom 143 / 75 mm groove radii,,Outer radius 143 mm / inner radius 75 mm,parsed,0.9,,SAT 9 vs 12 geometry paper,https://swedishat.com/SAT%209%22%20vs%2012%22%20paper.pdf
1047,SAT,LM-09,effective_length_mm,235.0,,mm,Derived from 212.2 + 22.8 mm,derived,0.9,,SAT 9 vs 12 geometry paper,https://swedishat.com/SAT%209%22%20vs%2012%22%20paper.pdf
1045,SAT,LM-09,mounting_distance_mm,212.2,,mm,212.2 mm,parsed,0.95,,SAT 9 vs 12 geometry paper,https://swedishat.com/SAT%209%22%20vs%2012%22%20paper.pdf
1624,SAT,LM-09,null_alignment_type,,Other,,80.000 / 126.000 mm,derived,0.75,Backfilled from null-point pair proximity to reference alignments; nearest-reference distance 13.515 mm.,SAT 9 vs 12 geometry paper,https://swedishat.com/SAT%209%22%20vs%2012%22%20paper.pdf
1050,SAT,LM-09,null_point_inner_mm,80.0,,mm,80 mm,parsed,0.95,,SAT 9 vs 12 geometry paper,https://swedishat.com/SAT%209%22%20vs%2012%22%20paper.pdf
1051,SAT,LM-09,null_point_outer_mm,126.0,,mm,126 mm,parsed,0.95,,SAT 9 vs 12 geometry paper,https://swedishat.com/SAT%209%22%20vs%2012%22%20paper.pdf
1049,SAT,LM-09,null_points,,80 / 126,,80 mm / 126 mm,parsed,0.95,,SAT 9 vs 12 geometry paper,https://swedishat.com/SAT%209%22%20vs%2012%22%20paper.pdf
1048,SAT,LM-09,offset_angle_deg,26.1,,deg,26.1 degrees,parsed,0.95,,SAT 9 vs 12 geometry paper,https://swedishat.com/SAT%209%22%20vs%2012%22%20paper.pdf
1046,SAT,LM-09,overhang_mm,22.8,,mm,22.8 mm,parsed,0.95,,SAT 9 vs 12 geometry paper,https://swedishat.com/SAT%209%22%20vs%2012%22%20paper.pdf
1060,SAT,LM-12,alignment_standard,,SAT custom 143 / 75 mm groove radii,,Outer radius 143 mm / inner radius 75 mm,parsed,0.9,,SAT 9 vs 12 geometry paper,https://swedishat.com/SAT%209%22%20vs%2012%22%20paper.pdf
1055,SAT,LM-12,effective_length_mm,297.6,,mm,Derived from 280.0 + 17.6 mm,derived,0.9,,SAT 9 vs 12 geometry paper,https://swedishat.com/SAT%209%22%20vs%2012%22%20paper.pdf
1053,SAT,LM-12,mounting_distance_mm,280.0,,mm,280.0 mm,parsed,0.95,,SAT 9 vs 12 geometry paper,https://swedishat.com/SAT%209%22%20vs%2012%22%20paper.pdf
1625,SAT,LM-12,null_alignment_type,,Other,,80.000 / 126.000 mm,derived,0.75,Backfilled from null-point pair proximity to reference alignments; nearest-reference distance 13.515 mm.,SAT 9 vs 12 geometry paper,https://swedishat.com/SAT%209%22%20vs%2012%22%20paper.pdf
1058,SAT,LM-12,null_point_inner_mm,80.0,,mm,80 mm,parsed,0.95,,SAT 9 vs 12 geometry paper,https://swedishat.com/SAT%209%22%20vs%2012%22%20paper.pdf
1059,SAT,LM-12,null_point_outer_mm,126.0,,mm,126 mm,parsed,0.95,,SAT 9 vs 12 geometry paper,https://swedishat.com/SAT%209%22%20vs%2012%22%20paper.pdf
1057,SAT,LM-12,null_points,,80 / 126,,80 mm / 126 mm,parsed,0.95,,SAT 9 vs 12 geometry paper,https://swedishat.com/SAT%209%22%20vs%2012%22%20paper.pdf
1056,SAT,LM-12,offset_angle_deg,20.3,,deg,20.3 degrees,parsed,0.95,,SAT 9 vs 12 geometry paper,https://swedishat.com/SAT%209%22%20vs%2012%22%20paper.pdf
1054,SAT,LM-12,overhang_mm,17.6,,mm,17.6 mm,parsed,0.95,,SAT 9 vs 12 geometry paper,https://swedishat.com/SAT%209%22%20vs%2012%22%20paper.pdf
2262,SME,3009 II imp & imp/S2: (later=S/N 439606 or above),arm_type,,precision pick-up arm,,SME Model 3009 Series II Improved precision pick-up arms,parsed,0.88,,SME Model 3009 Series II Improved instruction book,https://sme.co.uk/wp-content/uploads/MODEL_3009_SERIES_II_IMPROVED_INSTRUCTION_BOOK.pdf
631,SME,3009 II imp & imp/S2: (later=S/N 439606 or above),effective_length_mm,231.2,,mm,231.2,parsed,0.6,,BIGLOBE Arm Data,https://www7a.biglobe.ne.jp/~yosh/armdata.htm
2263,SME,3009 II imp & imp/S2: (later=S/N 439606 or above),headshell_type,,detachable shell (S2 Improved variant),,Model 3009/S2 Improved (detachable shell),parsed,0.88,,SME Model 3009 Series II Improved instruction book,https://sme.co.uk/wp-content/uploads/MODEL_3009_SERIES_II_IMPROVED_INSTRUCTION_BOOK.pdf
1555,SME,3009 II imp & imp/S2: (later=S/N 439606 or above),null_alignment_type,,Baewald,,66.000 / 121.000 mm,derived,0.85,Backfilled from null-point pair proximity to reference alignments; nearest-reference distance 0.100 mm.,BIGLOBE Arm Data,https://www7a.biglobe.ne.jp/~yosh/armdata.htm
635,SME,3009 II imp & imp/S2: (later=S/N 439606 or above),null_point_inner_mm,66.0,,mm,66/121,parsed,0.6,,BIGLOBE Arm Data,https://www7a.biglobe.ne.jp/~yosh/armdata.htm
636,SME,3009 II imp & imp/S2: (later=S/N 439606 or above),null_point_outer_mm,121.0,,mm,66/121,parsed,0.6,,BIGLOBE Arm Data,https://www7a.biglobe.ne.jp/~yosh/armdata.htm
634,SME,3009 II imp & imp/S2: (later=S/N 439606 or above),null_points,,66/121,,66/121,parsed,0.6,,BIGLOBE Arm Data,https://www7a.biglobe.ne.jp/~yosh/armdata.htm
633,SME,3009 II imp & imp/S2: (later=S/N 439606 or above),offset_angle_deg,23.84,,deg,23.84,parsed,0.6,,BIGLOBE Arm Data,https://www7a.biglobe.ne.jp/~yosh/armdata.htm
632,SME,3009 II imp & imp/S2: (later=S/N 439606 or above),overhang_mm,17.95,,mm,17.95,parsed,0.6,,BIGLOBE Arm Data,https://www7a.biglobe.ne.jp/~yosh/armdata.htm
2264,SME,3009 II imp & imp/S2: (later=S/N 439606 or above),tracking_force_increment_g,0.25,,g,Each division travelled applies .25 gram tracking force at the stylus,parsed,0.82,,SME Model 3009 Series II Improved instruction book,https://sme.co.uk/wp-content/uploads/MODEL_3009_SERIES_II_IMPROVED_INSTRUCTION_BOOK.pdf
2265,SME,3009 Series II improved with non-detachable shell and imp/S2 with detachable shell: (early=Serial Number less than 439606). Don't mix up previous Series II with imp/S2. See pdf arranged by SME for the identification of specific models IMO: S2 was named after the lightweight shell type S-2.,arm_type,,precision pick-up arm,,This pick-up arm is built to precision engineering standards,parsed,0.88,,SME Series II precision pick-up arms instruction book,https://sme.co.uk/wp-content/uploads/SERIES_II_PRECISION_PICK-UP_ARMS_INSTRUCTION_BOOK.pdf
625,SME,3009 Series II improved with non-detachable shell and imp/S2 with detachable shell: (early=Serial Number less than 439606). Don't mix up previous Series II with imp/S2. See pdf arranged by SME for the identification of specific models IMO: S2 was named after the lightweight shell type S-2.,effective_length_mm,231.2,,mm,231.2,parsed,0.6,,BIGLOBE Arm Data,https://www7a.biglobe.ne.jp/~yosh/armdata.htm
2266,SME,3009 Series II improved with non-detachable shell and imp/S2 with detachable shell: (early=Serial Number less than 439606). Don't mix up previous Series II with imp/S2. See pdf arranged by SME for the identification of specific models IMO: S2 was named after the lightweight shell type S-2.,effective_length_mm,228.6,,mm,"The length of the SME arm, pivot to cartridge mounting centres, is 9” for the Model 3009",parsed,0.86,,SME Series II precision pick-up arms instruction book,https://sme.co.uk/wp-content/uploads/SERIES_II_PRECISION_PICK-UP_ARMS_INSTRUCTION_BOOK.pdf
2268,SME,3009 Series II improved with non-detachable shell and imp/S2 with detachable shell: (early=Serial Number less than 439606). Don't mix up previous Series II with imp/S2. See pdf arranged by SME for the identification of specific models IMO: S2 was named after the lightweight shell type S-2.,headshell_type,,detachable shell (S2 Improved variant),,Model 3009/S2 Improved (detachable shell),parsed,0.88,,SME Model 3009 Series II Improved instruction book,https://sme.co.uk/wp-content/uploads/MODEL_3009_SERIES_II_IMPROVED_INSTRUCTION_BOOK.pdf
1554,SME,3009 Series II improved with non-detachable shell and imp/S2 with detachable shell: (early=Serial Number less than 439606). Don't mix up previous Series II with imp/S2. See pdf arranged by SME for the identification of specific models IMO: S2 was named after the lightweight shell type S-2.,null_alignment_type,,Stevenson,,60.000 / 117.000 mm,derived,0.85,Backfilled from null-point pair proximity to reference alignments; nearest-reference distance 0.531 mm.,BIGLOBE Arm Data,https://www7a.biglobe.ne.jp/~yosh/armdata.htm
629,SME,3009 Series II improved with non-detachable shell and imp/S2 with detachable shell: (early=Serial Number less than 439606). Don't mix up previous Series II with imp/S2. See pdf arranged by SME for the identification of specific models IMO: S2 was named after the lightweight shell type S-2.,null_point_inner_mm,60.0,,mm,60/117,parsed,0.6,,BIGLOBE Arm Data,https://www7a.biglobe.ne.jp/~yosh/armdata.htm
630,SME,3009 Series II improved with non-detachable shell and imp/S2 with detachable shell: (early=Serial Number less than 439606). Don't mix up previous Series II with imp/S2. See pdf arranged by SME for the identification of specific models IMO: S2 was named after the lightweight shell type S-2.,null_point_outer_mm,117.0,,mm,60/117,parsed,0.6,,BIGLOBE Arm Data,https://www7a.biglobe.ne.jp/~yosh/armdata.htm
628,SME,3009 Series II improved with non-detachable shell and imp/S2 with detachable shell: (early=Serial Number less than 439606). Don't mix up previous Series II with imp/S2. See pdf arranged by SME for the identification of specific models IMO: S2 was named after the lightweight shell type S-2.,null_points,,60/117,,60/117,parsed,0.6,,BIGLOBE Arm Data,https://www7a.biglobe.ne.jp/~yosh/armdata.htm
627,SME,3009 Series II improved with non-detachable shell and imp/S2 with detachable shell: (early=Serial Number less than 439606). Don't mix up previous Series II with imp/S2. See pdf arranged by SME for the identification of specific models IMO: S2 was named after the lightweight shell type S-2.,offset_angle_deg,22.6,,deg,22.6,parsed,0.6,,BIGLOBE Arm Data,https://www7a.biglobe.ne.jp/~yosh/armdata.htm
626,SME,3009 Series II improved with non-detachable shell and imp/S2 with detachable shell: (early=Serial Number less than 439606). Don't mix up previous Series II with imp/S2. See pdf arranged by SME for the identification of specific models IMO: S2 was named after the lightweight shell type S-2.,overhang_mm,15.86,,mm,15.86,parsed,0.6,,BIGLOBE Arm Data,https://www7a.biglobe.ne.jp/~yosh/armdata.htm
2267,SME,3009 Series II improved with non-detachable shell and imp/S2 with detachable shell: (early=Serial Number less than 439606). Don't mix up previous Series II with imp/S2. See pdf arranged by SME for the identification of specific models IMO: S2 was named after the lightweight shell type S-2.,tracking_alignment,,alignment protractor single pinhole setup,,Place the alignment protractor on the turntable spindle. Insert the stylus into the pinhole.,parsed,0.84,,SME Series II precision pick-up arms instruction book,https://sme.co.uk/wp-content/uploads/SERIES_II_PRECISION_PICK-UP_ARMS_INSTRUCTION_BOOK.pdf
637,SME,3009III &3009IIIS (original/smaller shell),effective_length_mm,229.0,,mm,229,parsed,0.6,,BIGLOBE Arm Data,https://www7a.biglobe.ne.jp/~yosh/armdata.htm
2269,SME,3009III &3009IIIS (original/smaller shell),effective_length_mm,229.0,,mm,"Nominal length, pivot to stylus 9 229.0",parsed,0.88,,SME Series III instruction book,https://sme.co.uk/wp-content/uploads/SERIES_III_PRECISION_PICK-UP_ARM_INSTRUCTION_BOOK.pdf
2271,SME,3009III &3009IIIS (original/smaller shell),headshell_type,,original smaller shell,,The original design. Arms of this type ...,parsed,0.88,,SME Series III instruction book,https://sme.co.uk/wp-content/uploads/SERIES_III_PRECISION_PICK-UP_ARM_INSTRUCTION_BOOK.pdf
2270,SME,3009III &3009IIIS (original/smaller shell),mounting_distance_mm,215.4,,mm,Distance from bedplate centre to turntable centre (L) 8.48 215.4,parsed,0.88,,SME Series III instruction book,https://sme.co.uk/wp-content/uploads/SERIES_III_PRECISION_PICK-UP_ARM_INSTRUCTION_BOOK.pdf
1556,SME,3009III &3009IIIS (original/smaller shell),null_alignment_type,,Stevenson,,60.000 / 117.000 mm,derived,0.85,Backfilled from null-point pair proximity to reference alignments; nearest-reference distance 0.531 mm.,SME Series III instruction book,https://sme.co.uk/wp-content/uploads/SERIES_III_PRECISION_PICK-UP_ARM_INSTRUCTION_BOOK.pdf
641,SME,3009III &3009IIIS (original/smaller shell),null_point_inner_mm,60.0,,mm,60/117,parsed,0.6,,BIGLOBE Arm Data,https://www7a.biglobe.ne.jp/~yosh/armdata.htm
2272,SME,3009III &3009IIIS (original/smaller shell),null_point_inner_mm,60.0,,mm,"The alignment protractor, with single null point at 2.375” (60 mm) radius",parsed,0.88,,SME Series III instruction book,https://sme.co.uk/wp-content/uploads/SERIES_III_PRECISION_PICK-UP_ARM_INSTRUCTION_BOOK.pdf
642,SME,3009III &3009IIIS (original/smaller shell),null_point_outer_mm,117.0,,mm,60/117,parsed,0.6,,BIGLOBE Arm Data,https://www7a.biglobe.ne.jp/~yosh/armdata.htm
640,SME,3009III &3009IIIS (original/smaller shell),null_points,,60/117,,60/117,parsed,0.6,,BIGLOBE Arm Data,https://www7a.biglobe.ne.jp/~yosh/armdata.htm
639,SME,3009III &3009IIIS (original/smaller shell),offset_angle_deg,22.8,,deg,22.8,parsed,0.6,,BIGLOBE Arm Data,https://www7a.biglobe.ne.jp/~yosh/armdata.htm
638,SME,3009III &3009IIIS (original/smaller shell),overhang_mm,16.0,,mm,16,parsed,0.6,,BIGLOBE Arm Data,https://www7a.biglobe.ne.jp/~yosh/armdata.htm
643,SME,3009III &3009IIIS with modified wand (larger shell),effective_length_mm,233.2,,mm,233.2,parsed,0.6,,BIGLOBE Arm Data,https://www7a.biglobe.ne.jp/~yosh/armdata.htm
2273,SME,3009III &3009IIIS with modified wand (larger shell),effective_length_mm,229.0,,mm,"Nominal length, pivot to stylus 9 229.0",parsed,0.88,,SME Series III instruction book,https://sme.co.uk/wp-content/uploads/SERIES_III_PRECISION_PICK-UP_ARM_INSTRUCTION_BOOK.pdf
2275,SME,3009III &3009IIIS with modified wand (larger shell),headshell_type,,modified larger shell,,The modified design ... provide a larger shell and geometry optimised for 12” records,parsed,0.88,,SME Series III instruction book,https://sme.co.uk/wp-content/uploads/SERIES_III_PRECISION_PICK-UP_ARM_INSTRUCTION_BOOK.pdf
2274,SME,3009III &3009IIIS with modified wand (larger shell),mounting_distance_mm,215.4,,mm,Distance from bedplate centre to turntable centre (L) 8.48 215.4,parsed,0.88,,SME Series III instruction book,https://sme.co.uk/wp-content/uploads/SERIES_III_PRECISION_PICK-UP_ARM_INSTRUCTION_BOOK.pdf
1557,SME,3009III &3009IIIS with modified wand (larger shell),null_alignment_type,,Baewald,,66.000 / 121.000 mm,derived,0.9,Backfilled from null-point pair proximity to reference alignments; nearest-reference distance 0.100 mm.,SME Series III instruction book,https://sme.co.uk/wp-content/uploads/SERIES_III_PRECISION_PICK-UP_ARM_INSTRUCTION_BOOK.pdf
647,SME,3009III &3009IIIS with modified wand (larger shell),null_point_inner_mm,66.0,,mm,66/121,parsed,0.6,,BIGLOBE Arm Data,https://www7a.biglobe.ne.jp/~yosh/armdata.htm
2276,SME,3009III &3009IIIS with modified wand (larger shell),null_point_inner_mm,66.0,,mm,"two null points, the inner at 2.60” (66 mm)",parsed,0.88,,SME Series III instruction book,https://sme.co.uk/wp-content/uploads/SERIES_III_PRECISION_PICK-UP_ARM_INSTRUCTION_BOOK.pdf
648,SME,3009III &3009IIIS with modified wand (larger shell),null_point_outer_mm,121.0,,mm,66/121,parsed,0.6,,BIGLOBE Arm Data,https://www7a.biglobe.ne.jp/~yosh/armdata.htm
2277,SME,3009III &3009IIIS with modified wand (larger shell),null_point_outer_mm,121.0,,mm,the outer at 4.76” (121 mm) radius,parsed,0.88,,SME Series III instruction book,https://sme.co.uk/wp-content/uploads/SERIES_III_PRECISION_PICK-UP_ARM_INSTRUCTION_BOOK.pdf
646,SME,3009III &3009IIIS with modified wand (larger shell),null_points,,66/121,,66/121,parsed,0.6,,BIGLOBE Arm Data,https://www7a.biglobe.ne.jp/~yosh/armdata.htm
645,SME,3009III &3009IIIS with modified wand (larger shell),offset_angle_deg,23.62,,deg,23.62,parsed,0.6,,BIGLOBE Arm Data,https://www7a.biglobe.ne.jp/~yosh/armdata.htm
644,SME,3009III &3009IIIS with modified wand (larger shell),overhang_mm,17.8,,mm,17.8,parsed,0.6,,BIGLOBE Arm Data,https://www7a.biglobe.ne.jp/~yosh/armdata.htm
649,SME,3009R,effective_length_mm,233.2,,mm,233.2,parsed,0.6,,BIGLOBE Arm Data,https://www7a.biglobe.ne.jp/~yosh/armdata.htm
2196,SME,3009R,effective_length_mm,231.8,,mm,"Nominal length, pivot to stylus",parsed,0.88,,"SME Models 3012-R, 3010-R and 3009-R instruction book",https://sme.co.uk/wp-content/uploads/MODELS_301_2-R_301_O-R_AND_3009-R_PRECISION_PICK-UP_ARMS_INSTRUCTION_BOOK.pdf
2197,SME,3009R,mounting_distance_mm,215.4,,mm,Distance from bedplate centre to turntable centre (L),parsed,0.88,,"SME Models 3012-R, 3010-R and 3009-R instruction book",https://sme.co.uk/wp-content/uploads/MODELS_301_2-R_301_O-R_AND_3009-R_PRECISION_PICK-UP_ARMS_INSTRUCTION_BOOK.pdf
1558,SME,3009R,null_alignment_type,,Baewald,,66.000 / 121.000 mm,derived,0.9,Backfilled from null-point pair proximity to reference alignments; nearest-reference distance 0.100 mm.,"SME Models 3012-R, 3010-R and 3009-R instruction book",https://sme.co.uk/wp-content/uploads/MODELS_301_2-R_301_O-R_AND_3009-R_PRECISION_PICK-UP_ARMS_INSTRUCTION_BOOK.pdf
653,SME,3009R,null_point_inner_mm,66.0,,mm,66/121,parsed,0.6,,BIGLOBE Arm Data,https://www7a.biglobe.ne.jp/~yosh/armdata.htm
2199,SME,3009R,null_point_inner_mm,66.0,,mm,"The protractor provides two null points, the inner at 2.60” (66 mm) radius",parsed,0.88,,"SME Models 3012-R, 3010-R and 3009-R instruction book",https://sme.co.uk/wp-content/uploads/MODELS_301_2-R_301_O-R_AND_3009-R_PRECISION_PICK-UP_ARMS_INSTRUCTION_BOOK.pdf
654,SME,3009R,null_point_outer_mm,121.0,,mm,66/121,parsed,0.6,,BIGLOBE Arm Data,https://www7a.biglobe.ne.jp/~yosh/armdata.htm
2200,SME,3009R,null_point_outer_mm,121.0,,mm,"The protractor provides two null points, the outer at 4.76” (121 mm) radius",parsed,0.88,,"SME Models 3012-R, 3010-R and 3009-R instruction book",https://sme.co.uk/wp-content/uploads/MODELS_301_2-R_301_O-R_AND_3009-R_PRECISION_PICK-UP_ARMS_INSTRUCTION_BOOK.pdf
652,SME,3009R,null_points,,66/121,,66/121,parsed,0.6,,BIGLOBE Arm Data,https://www7a.biglobe.ne.jp/~yosh/armdata.htm
651,SME,3009R,offset_angle_deg,23.62,,deg,23.62,parsed,0.6,,BIGLOBE Arm Data,https://www7a.biglobe.ne.jp/~yosh/armdata.htm
650,SME,3009R,overhang_mm,17.8,,mm,17.8,parsed,0.6,,BIGLOBE Arm Data,https://www7a.biglobe.ne.jp/~yosh/armdata.htm
2198,SME,3009R,overhang_mm,16.4,,mm,Derived from nominal length minus distance from bedplate centre to turntable centre,parsed,0.88,Derived from official dimensions.,"SME Models 3012-R, 3010-R and 3009-R instruction book",https://sme.co.uk/wp-content/uploads/MODELS_301_2-R_301_O-R_AND_3009-R_PRECISION_PICK-UP_ARMS_INSTRUCTION_BOOK.pdf
655,SME,3010R,effective_length_mm,239.3,,mm,239.3,parsed,0.6,,BIGLOBE Arm Data,https://www7a.biglobe.ne.jp/~yosh/armdata.htm
2201,SME,3010R,effective_length_mm,239.7,,mm,"Nominal length, pivot to stylus",parsed,0.82,Pivot-to-stylus value inferred from official manual inch value 9 7/16 and matching mm conversion because OCR on the mm figure is degraded.,"SME Models 3012-R, 3010-R and 3009-R instruction book",https://sme.co.uk/wp-content/uploads/MODELS_301_2-R_301_O-R_AND_3009-R_PRECISION_PICK-UP_ARMS_INSTRUCTION_BOOK.pdf
2202,SME,3010R,mounting_distance_mm,222.0,,mm,Distance from bedplate centre to turntable centre (L),parsed,0.82,Pivot-to-stylus value inferred from official manual inch value 9 7/16 and matching mm conversion because OCR on the mm figure is degraded.,"SME Models 3012-R, 3010-R and 3009-R instruction book",https://sme.co.uk/wp-content/uploads/MODELS_301_2-R_301_O-R_AND_3009-R_PRECISION_PICK-UP_ARMS_INSTRUCTION_BOOK.pdf
1559,SME,3010R,null_alignment_type,,Baewald,,66.000 / 121.000 mm,derived,0.9,Backfilled from null-point pair proximity to reference alignments; nearest-reference distance 0.100 mm.,"SME Models 3012-R, 3010-R and 3009-R instruction book",https://sme.co.uk/wp-content/uploads/MODELS_301_2-R_301_O-R_AND_3009-R_PRECISION_PICK-UP_ARMS_INSTRUCTION_BOOK.pdf
659,SME,3010R,null_point_inner_mm,66.0,,mm,66/121,parsed,0.6,,BIGLOBE Arm Data,https://www7a.biglobe.ne.jp/~yosh/armdata.htm
2204,SME,3010R,null_point_inner_mm,66.0,,mm,"The protractor provides two null points, the inner at 2.60” (66 mm) radius",parsed,0.88,,"SME Models 3012-R, 3010-R and 3009-R instruction book",https://sme.co.uk/wp-content/uploads/MODELS_301_2-R_301_O-R_AND_3009-R_PRECISION_PICK-UP_ARMS_INSTRUCTION_BOOK.pdf
660,SME,3010R,null_point_outer_mm,121.0,,mm,66/121,parsed,0.6,,BIGLOBE Arm Data,https://www7a.biglobe.ne.jp/~yosh/armdata.htm
2205,SME,3010R,null_point_outer_mm,121.0,,mm,"The protractor provides two null points, the outer at 4.76” (121 mm) radius",parsed,0.88,,"SME Models 3012-R, 3010-R and 3009-R instruction book",https://sme.co.uk/wp-content/uploads/MODELS_301_2-R_301_O-R_AND_3009-R_PRECISION_PICK-UP_ARMS_INSTRUCTION_BOOK.pdf
658,SME,3010R,null_points,,66/121,,66/121,parsed,0.6,,BIGLOBE Arm Data,https://www7a.biglobe.ne.jp/~yosh/armdata.htm
657,SME,3010R,offset_angle_deg,22.985,,deg,22.985,parsed,0.6,,BIGLOBE Arm Data,https://www7a.biglobe.ne.jp/~yosh/armdata.htm
656,SME,3010R,overhang_mm,17.3,,mm,17.3,parsed,0.6,,BIGLOBE Arm Data,https://www7a.biglobe.ne.jp/~yosh/armdata.htm
2203,SME,3010R,overhang_mm,17.7,,mm,Derived from nominal length minus distance from bedplate centre to turntable centre,parsed,0.82,Derived from official dimensions. Pivot-to-stylus value inferred from official manual inch value 9 7/16 and matching mm conversion because OCR on the mm figure is degraded.,"SME Models 3012-R, 3010-R and 3009-R instruction book",https://sme.co.uk/wp-content/uploads/MODELS_301_2-R_301_O-R_AND_3009-R_PRECISION_PICK-UP_ARMS_INSTRUCTION_BOOK.pdf
661,SME,3012R,effective_length_mm,308.8,,mm,308.8,parsed,0.6,,BIGLOBE Arm Data,https://www7a.biglobe.ne.jp/~yosh/armdata.htm
2206,SME,3012R,effective_length_mm,307.34,,mm,"Nominal length, pivot to stylus",parsed,0.88,,"SME Models 3012-R, 3010-R and 3009-R instruction book",https://sme.co.uk/wp-content/uploads/MODELS_301_2-R_301_O-R_AND_3009-R_PRECISION_PICK-UP_ARMS_INSTRUCTION_BOOK.pdf
2207,SME,3012R,mounting_distance_mm,294.1,,mm,Distance from bedplate centre to turntable centre (L),parsed,0.88,,"SME Models 3012-R, 3010-R and 3009-R instruction book",https://sme.co.uk/wp-content/uploads/MODELS_301_2-R_301_O-R_AND_3009-R_PRECISION_PICK-UP_ARMS_INSTRUCTION_BOOK.pdf
1560,SME,3012R,null_alignment_type,,Baewald,,66.000 / 121.000 mm,derived,0.9,Backfilled from null-point pair proximity to reference alignments; nearest-reference distance 0.100 mm.,"SME Models 3012-R, 3010-R and 3009-R instruction book",https://sme.co.uk/wp-content/uploads/MODELS_301_2-R_301_O-R_AND_3009-R_PRECISION_PICK-UP_ARMS_INSTRUCTION_BOOK.pdf
665,SME,3012R,null_point_inner_mm,66.0,,mm,66/121,parsed,0.6,,BIGLOBE Arm Data,https://www7a.biglobe.ne.jp/~yosh/armdata.htm
2209,SME,3012R,null_point_inner_mm,66.0,,mm,"The protractor provides two null points, the inner at 2.60” (66 mm) radius",parsed,0.88,,"SME Models 3012-R, 3010-R and 3009-R instruction book",https://sme.co.uk/wp-content/uploads/MODELS_301_2-R_301_O-R_AND_3009-R_PRECISION_PICK-UP_ARMS_INSTRUCTION_BOOK.pdf
666,SME,3012R,null_point_outer_mm,121.0,,mm,66/121,parsed,0.6,,BIGLOBE Arm Data,https://www7a.biglobe.ne.jp/~yosh/armdata.htm
2210,SME,3012R,null_point_outer_mm,121.0,,mm,"The protractor provides two null points, the outer at 4.76” (121 mm) radius",parsed,0.88,,"SME Models 3012-R, 3010-R and 3009-R instruction book",https://sme.co.uk/wp-content/uploads/MODELS_301_2-R_301_O-R_AND_3009-R_PRECISION_PICK-UP_ARMS_INSTRUCTION_BOOK.pdf
664,SME,3012R,null_points,,66/121,,66/121,parsed,0.6,,BIGLOBE Arm Data,https://www7a.biglobe.ne.jp/~yosh/armdata.htm
663,SME,3012R,offset_angle_deg,17.615,,deg,17.615,parsed,0.6,,BIGLOBE Arm Data,https://www7a.biglobe.ne.jp/~yosh/armdata.htm
662,SME,3012R,overhang_mm,13.2,,mm,13.2,parsed,0.6,,BIGLOBE Arm Data,https://www7a.biglobe.ne.jp/~yosh/armdata.htm
2208,SME,3012R,overhang_mm,13.24,,mm,Derived from nominal length minus distance from bedplate centre to turntable centre,parsed,0.88,Derived from official dimensions.,"SME Models 3012-R, 3010-R and 3009-R instruction book",https://sme.co.uk/wp-content/uploads/MODELS_301_2-R_301_O-R_AND_3009-R_PRECISION_PICK-UP_ARMS_INSTRUCTION_BOOK.pdf
2159,SME,309,cartridge_range_high_g,17.0,,g,Cartridge Balance Range (g) 6-17,parsed,0.9,,SME Model 8 manual / 309 tonearm specs,https://sme.co.uk/wp-content/uploads/SME-MODEL-8-MANUAL-APRIL-2025-web.pdf
2158,SME,309,cartridge_range_low_g,6.0,,g,Cartridge Balance Range (g) 6-17,parsed,0.9,,SME Model 8 manual / 309 tonearm specs,https://sme.co.uk/wp-content/uploads/SME-MODEL-8-MANUAL-APRIL-2025-web.pdf
673,SME,309,effective_length_mm,232.32,,mm,232.32,parsed,0.6,,BIGLOBE Arm Data,https://www7a.biglobe.ne.jp/~yosh/armdata.htm
2163,SME,309,effective_length_mm,232.2,,mm,A - Distance From Pivot to Stylus 232.20,parsed,0.9,,SME Model 8 manual / 309 tonearm specs,https://sme.co.uk/wp-content/uploads/SME-MODEL-8-MANUAL-APRIL-2025-web.pdf
2157,SME,309,effective_mass_g,9.5,,g,Effective Mass (g) 9.50,parsed,0.9,,SME Model 8 manual / 309 tonearm specs,https://sme.co.uk/wp-content/uploads/SME-MODEL-8-MANUAL-APRIL-2025-web.pdf
2167,SME,309,headshell_material,,detachable magnesium headshell,,Unique pressure die-cast magnesium shell detachable and interchangeable,parsed,0.9,,SME Model 8 manual / 309 tonearm specs,https://sme.co.uk/wp-content/uploads/SME-MODEL-8-MANUAL-APRIL-2025-web.pdf
2164,SME,309,mounting_distance_mm,215.4,,mm,B - Distance From Pivot to Turntable Centre 215.40,parsed,0.9,,SME Model 8 manual / 309 tonearm specs,https://sme.co.uk/wp-content/uploads/SME-MODEL-8-MANUAL-APRIL-2025-web.pdf
1562,SME,309,null_alignment_type,,Other,,63.620 / 119.460 mm,derived,0.75,Backfilled from null-point pair proximity to reference alignments; nearest-reference distance 2.782 mm.,SME Model 8 manual / 309 tonearm specs,https://sme.co.uk/wp-content/uploads/SME-MODEL-8-MANUAL-APRIL-2025-web.pdf
677,SME,309,null_point_inner_mm,64.0,,mm,64/119,parsed,0.6,,BIGLOBE Arm Data,https://www7a.biglobe.ne.jp/~yosh/armdata.htm
2161,SME,309,null_point_inner_mm,63.62,,mm,Null Points: Inner (mm radii) 63.62,parsed,0.9,,SME Model 8 manual / 309 tonearm specs,https://sme.co.uk/wp-content/uploads/SME-MODEL-8-MANUAL-APRIL-2025-web.pdf
678,SME,309,null_point_outer_mm,119.0,,mm,64/119,parsed,0.6,,BIGLOBE Arm Data,https://www7a.biglobe.ne.jp/~yosh/armdata.htm
2162,SME,309,null_point_outer_mm,119.46,,mm,Outer (mm radii) 119.46,parsed,0.9,,SME Model 8 manual / 309 tonearm specs,https://sme.co.uk/wp-content/uploads/SME-MODEL-8-MANUAL-APRIL-2025-web.pdf
676,SME,309,null_points,,64/119,,64/119,parsed,0.6,,BIGLOBE Arm Data,https://www7a.biglobe.ne.jp/~yosh/armdata.htm
675,SME,309,offset_angle_deg,23.204,,deg,23.204,parsed,0.6,,BIGLOBE Arm Data,https://www7a.biglobe.ne.jp/~yosh/armdata.htm
2165,SME,309,offset_angle_deg,23.2,,deg,D - Offset Angle (degrees) 23.20˚,parsed,0.9,,SME Model 8 manual / 309 tonearm specs,https://sme.co.uk/wp-content/uploads/SME-MODEL-8-MANUAL-APRIL-2025-web.pdf
674,SME,309,overhang_mm,16.97,,mm,16.97,parsed,0.6,,BIGLOBE Arm Data,https://www7a.biglobe.ne.jp/~yosh/armdata.htm
2166,SME,309,overhang_mm,17.0,,mm,F - Overhang 17.00,parsed,0.9,,SME Model 8 manual / 309 tonearm specs,https://sme.co.uk/wp-content/uploads/SME-MODEL-8-MANUAL-APRIL-2025-web.pdf
2160,SME,309,tracking_force_range_g,,0-2.5 g,,Vertical Tracking Force (g) 0-2.5,parsed,0.9,,SME Model 8 manual / 309 tonearm specs,https://sme.co.uk/wp-content/uploads/SME-MODEL-8-MANUAL-APRIL-2025-web.pdf
2182,SME,310,cartridge_range_high_g,17.0,,g,Cartridge balance range grams 6-17,parsed,0.9,,SME Series 300 instructions,https://sme.co.uk/wp-content/uploads/SME-series-300-instructions.pdf
2181,SME,310,cartridge_range_low_g,6.0,,g,Cartridge balance range grams 6-17,parsed,0.9,,SME Series 300 instructions,https://sme.co.uk/wp-content/uploads/SME-series-300-instructions.pdf
679,SME,310,effective_length_mm,238.5,,mm,238.5,parsed,0.6,,BIGLOBE Arm Data,https://www7a.biglobe.ne.jp/~yosh/armdata.htm
2176,SME,310,effective_length_mm,238.5,,mm,A — Distance from pivot to stylus 238.5,parsed,0.9,,SME Series 300 instructions,https://sme.co.uk/wp-content/uploads/SME-series-300-instructions.pdf
2180,SME,310,effective_mass_g,9.7,,g,Effective mass grams 9.7,parsed,0.9,,SME Series 300 instructions,https://sme.co.uk/wp-content/uploads/SME-series-300-instructions.pdf
2177,SME,310,mounting_distance_mm,222.0,,mm,B — Distance from pivot to turntable centre 222.0,parsed,0.9,,SME Series 300 instructions,https://sme.co.uk/wp-content/uploads/SME-series-300-instructions.pdf
1563,SME,310,null_alignment_type,,Other,,63.620 / 119.460 mm,derived,0.75,Backfilled from null-point pair proximity to reference alignments; nearest-reference distance 2.782 mm.,SME Series 300 instructions,https://sme.co.uk/wp-content/uploads/SME-series-300-instructions.pdf
683,SME,310,null_point_inner_mm,64.0,,mm,64/119,parsed,0.6,,BIGLOBE Arm Data,https://www7a.biglobe.ne.jp/~yosh/armdata.htm
2184,SME,310,null_point_inner_mm,63.62,,mm,Null points. Inner mm radii 63.62,parsed,0.9,,SME Series 300 instructions,https://sme.co.uk/wp-content/uploads/SME-series-300-instructions.pdf
684,SME,310,null_point_outer_mm,119.0,,mm,64/119,parsed,0.6,,BIGLOBE Arm Data,https://www7a.biglobe.ne.jp/~yosh/armdata.htm
2185,SME,310,null_point_outer_mm,119.46,,mm,Null points. Outer 119.46,parsed,0.9,,SME Series 300 instructions,https://sme.co.uk/wp-content/uploads/SME-series-300-instructions.pdf
682,SME,310,null_points,,64/119,,64/119,parsed,0.6,,BIGLOBE Arm Data,https://www7a.biglobe.ne.jp/~yosh/armdata.htm
681,SME,310,offset_angle_deg,22.569,,deg,22.569,parsed,0.6,,BIGLOBE Arm Data,https://www7a.biglobe.ne.jp/~yosh/armdata.htm
2178,SME,310,offset_angle_deg,22.6,,deg,D — Offset angle 22.6°,parsed,0.9,,SME Series 300 instructions,https://sme.co.uk/wp-content/uploads/SME-series-300-instructions.pdf
680,SME,310,overhang_mm,16.5,,mm,16.5,parsed,0.6,,BIGLOBE Arm Data,https://www7a.biglobe.ne.jp/~yosh/armdata.htm
2179,SME,310,overhang_mm,16.5,,mm,F — Overhang 16.5,parsed,0.9,,SME Series 300 instructions,https://sme.co.uk/wp-content/uploads/SME-series-300-instructions.pdf
2183,SME,310,tracking_force_range_g,,0-3 g,,Vertical tracking force grams 0-3 g,parsed,0.9,,SME Series 300 instructions,https://sme.co.uk/wp-content/uploads/SME-series-300-instructions.pdf
2192,SME,312,cartridge_range_high_g,14.0,,g,Cartridge balance range grams 5-14,parsed,0.9,,SME Series 300 instructions,https://sme.co.uk/wp-content/uploads/SME-series-300-instructions.pdf
2191,SME,312,cartridge_range_low_g,5.0,,g,Cartridge balance range grams 5-14,parsed,0.9,,SME Series 300 instructions,https://sme.co.uk/wp-content/uploads/SME-series-300-instructions.pdf
685,SME,312,effective_length_mm,308.19,,mm,308.19,parsed,0.6,,BIGLOBE Arm Data,https://www7a.biglobe.ne.jp/~yosh/armdata.htm
2186,SME,312,effective_length_mm,308.2,,mm,A — Distance from pivot to stylus 308.2,parsed,0.9,,SME Series 300 instructions,https://sme.co.uk/wp-content/uploads/SME-series-300-instructions.pdf
2190,SME,312,effective_mass_g,12.0,,g,Effective mass grams 12.0,parsed,0.9,,SME Series 300 instructions,https://sme.co.uk/wp-content/uploads/SME-series-300-instructions.pdf
2187,SME,312,mounting_distance_mm,295.6,,mm,B — Distance from pivot to turntable centre 295.6,parsed,0.9,,SME Series 300 instructions,https://sme.co.uk/wp-content/uploads/SME-series-300-instructions.pdf
1564,SME,312,null_alignment_type,,Other,,63.620 / 119.460 mm,derived,0.75,Backfilled from null-point pair proximity to reference alignments; nearest-reference distance 2.782 mm.,SME Series 300 instructions,https://sme.co.uk/wp-content/uploads/SME-series-300-instructions.pdf
689,SME,312,null_point_inner_mm,64.0,,mm,64/119,parsed,0.6,,BIGLOBE Arm Data,https://www7a.biglobe.ne.jp/~yosh/armdata.htm
2194,SME,312,null_point_inner_mm,63.62,,mm,Null points. Inner mm radii 63.62,parsed,0.9,,SME Series 300 instructions,https://sme.co.uk/wp-content/uploads/SME-series-300-instructions.pdf
690,SME,312,null_point_outer_mm,119.0,,mm,64/119,parsed,0.6,,BIGLOBE Arm Data,https://www7a.biglobe.ne.jp/~yosh/armdata.htm
2195,SME,312,null_point_outer_mm,119.46,,mm,Null points. Outer 119.46,parsed,0.9,,SME Series 300 instructions,https://sme.co.uk/wp-content/uploads/SME-series-300-instructions.pdf
688,SME,312,null_points,,64/119,,64/119,parsed,0.6,,BIGLOBE Arm Data,https://www7a.biglobe.ne.jp/~yosh/armdata.htm
687,SME,312,offset_angle_deg,17.278,,deg,17.278,parsed,0.6,,BIGLOBE Arm Data,https://www7a.biglobe.ne.jp/~yosh/armdata.htm
2188,SME,312,offset_angle_deg,17.3,,deg,D — Offset angle 17.3°,parsed,0.9,,SME Series 300 instructions,https://sme.co.uk/wp-content/uploads/SME-series-300-instructions.pdf
686,SME,312,overhang_mm,12.59,,mm,12.59,parsed,0.6,,BIGLOBE Arm Data,https://www7a.biglobe.ne.jp/~yosh/armdata.htm
2189,SME,312,overhang_mm,12.6,,mm,F — Overhang 12.6,parsed,0.9,,SME Series 300 instructions,https://sme.co.uk/wp-content/uploads/SME-series-300-instructions.pdf
2193,SME,312,tracking_force_range_g,,0-3 g,,Vertical tracking force grams 0-3 g,parsed,0.9,,SME Series 300 instructions,https://sme.co.uk/wp-content/uploads/SME-series-300-instructions.pdf
2143,SME,M2-10,cartridge_range_high_g,12.0,,g,Cartridge balance range 5-12,parsed,0.9,,SME Series M2 instructions,https://sme.co.uk/wp-content/uploads/SME-series-m2-instructions.pdf
2142,SME,M2-10,cartridge_range_low_g,5.0,,g,Cartridge balance range 5-12,parsed,0.9,,SME Series M2 instructions,https://sme.co.uk/wp-content/uploads/SME-series-m2-instructions.pdf
697,SME,M2-10,effective_length_mm,239.3,,mm,239.3,parsed,0.6,,BIGLOBE Arm Data,https://www7a.biglobe.ne.jp/~yosh/armdata.htm
2137,SME,M2-10,effective_length_mm,239.3,,mm,A - Pivot to stylus 239.30,parsed,0.9,,SME Series M2 instructions,https://sme.co.uk/wp-content/uploads/SME-series-m2-instructions.pdf
2141,SME,M2-10,effective_mass_g,9.6,,g,Effective mass (g) 9.60,parsed,0.9,,SME Series M2 instructions,https://sme.co.uk/wp-content/uploads/SME-series-m2-instructions.pdf
2138,SME,M2-10,mounting_distance_mm,222.0,,mm,A - Pivot to stylus 239.30; F - Overhang 17.30,parsed,0.9,Derived as 239.30 - 17.30 because extracted manual OCR misreads the B value for M2-10.,SME Series M2 instructions,https://sme.co.uk/wp-content/uploads/SME-series-m2-instructions.pdf
1566,SME,M2-10,null_alignment_type,,Baewald,,66.040 / 120.900 mm,derived,0.9,Backfilled from null-point pair proximity to reference alignments; nearest-reference distance 0.040 mm.,SME Series M2 instructions,https://sme.co.uk/wp-content/uploads/SME-series-m2-instructions.pdf
701,SME,M2-10,null_point_inner_mm,66.0,,mm,66/121,parsed,0.6,,BIGLOBE Arm Data,https://www7a.biglobe.ne.jp/~yosh/armdata.htm
2145,SME,M2-10,null_point_inner_mm,66.04,,mm,Null point: Inner (mm radius) 66.04,parsed,0.9,,SME Series M2 instructions,https://sme.co.uk/wp-content/uploads/SME-series-m2-instructions.pdf
702,SME,M2-10,null_point_outer_mm,121.0,,mm,66/121,parsed,0.6,,BIGLOBE Arm Data,https://www7a.biglobe.ne.jp/~yosh/armdata.htm
2146,SME,M2-10,null_point_outer_mm,120.9,,mm,Outer (mm radius) 120.90,parsed,0.9,,SME Series M2 instructions,https://sme.co.uk/wp-content/uploads/SME-series-m2-instructions.pdf
700,SME,M2-10,null_points,,66/121,,66/121,parsed,0.6,,BIGLOBE Arm Data,https://www7a.biglobe.ne.jp/~yosh/armdata.htm
699,SME,M2-10,offset_angle_deg,22.985,,deg,22.985,parsed,0.6,,BIGLOBE Arm Data,https://www7a.biglobe.ne.jp/~yosh/armdata.htm
2140,SME,M2-10,offset_angle_deg,23.23,,deg,D - Offset Angle 23.23°,parsed,0.9,,SME Series M2 instructions,https://sme.co.uk/wp-content/uploads/SME-series-m2-instructions.pdf
698,SME,M2-10,overhang_mm,17.3,,mm,17.3,parsed,0.6,,BIGLOBE Arm Data,https://www7a.biglobe.ne.jp/~yosh/armdata.htm
2139,SME,M2-10,overhang_mm,17.3,,mm,F - Overhang 17.30,parsed,0.9,,SME Series M2 instructions,https://sme.co.uk/wp-content/uploads/SME-series-m2-instructions.pdf
2144,SME,M2-10,tracking_force_range_g,,0-2.5 g,,Vertical tracking force (VTF) 0-2.5,parsed,0.9,,SME Series M2 instructions,https://sme.co.uk/wp-content/uploads/SME-series-m2-instructions.pdf
2153,SME,M2-12,cartridge_range_high_g,12.0,,g,Cartridge balance range 5-12,parsed,0.9,,SME Series M2 instructions,https://sme.co.uk/wp-content/uploads/SME-series-m2-instructions.pdf
2152,SME,M2-12,cartridge_range_low_g,5.0,,g,Cartridge balance range 5-12,parsed,0.9,,SME Series M2 instructions,https://sme.co.uk/wp-content/uploads/SME-series-m2-instructions.pdf
703,SME,M2-12,effective_length_mm,308.8,,mm,308.8,parsed,0.6,,BIGLOBE Arm Data,https://www7a.biglobe.ne.jp/~yosh/armdata.htm
2147,SME,M2-12,effective_length_mm,308.81,,mm,A - Pivot to stylus 308.81,parsed,0.9,,SME Series M2 instructions,https://sme.co.uk/wp-content/uploads/SME-series-m2-instructions.pdf
2151,SME,M2-12,effective_mass_g,12.0,,g,Effective mass (g) 12.00,parsed,0.9,,SME Series M2 instructions,https://sme.co.uk/wp-content/uploads/SME-series-m2-instructions.pdf
2148,SME,M2-12,mounting_distance_mm,295.6,,mm,B - Pivot to turntable centre 295.60,parsed,0.9,,SME Series M2 instructions,https://sme.co.uk/wp-content/uploads/SME-series-m2-instructions.pdf
1567,SME,M2-12,null_alignment_type,,Baewald,,66.040 / 120.900 mm,derived,0.9,Backfilled from null-point pair proximity to reference alignments; nearest-reference distance 0.040 mm.,SME Series M2 instructions,https://sme.co.uk/wp-content/uploads/SME-series-m2-instructions.pdf
707,SME,M2-12,null_point_inner_mm,66.0,,mm,66/121,parsed,0.6,,BIGLOBE Arm Data,https://www7a.biglobe.ne.jp/~yosh/armdata.htm
2155,SME,M2-12,null_point_inner_mm,66.04,,mm,Null point: Inner (mm radius) 66.04,parsed,0.9,,SME Series M2 instructions,https://sme.co.uk/wp-content/uploads/SME-series-m2-instructions.pdf
708,SME,M2-12,null_point_outer_mm,121.0,,mm,66/121,parsed,0.6,,BIGLOBE Arm Data,https://www7a.biglobe.ne.jp/~yosh/armdata.htm
2156,SME,M2-12,null_point_outer_mm,120.9,,mm,Outer (mm radius) 120.90,parsed,0.9,,SME Series M2 instructions,https://sme.co.uk/wp-content/uploads/SME-series-m2-instructions.pdf
706,SME,M2-12,null_points,,66/121,,66/121,parsed,0.6,,BIGLOBE Arm Data,https://www7a.biglobe.ne.jp/~yosh/armdata.htm
705,SME,M2-12,offset_angle_deg,17.615,,deg,17.615,parsed,0.6,,BIGLOBE Arm Data,https://www7a.biglobe.ne.jp/~yosh/armdata.htm
2150,SME,M2-12,offset_angle_deg,17.62,,deg,D - Offset Angle 17.62°,parsed,0.9,,SME Series M2 instructions,https://sme.co.uk/wp-content/uploads/SME-series-m2-instructions.pdf
704,SME,M2-12,overhang_mm,13.2,,mm,13.2,parsed,0.6,,BIGLOBE Arm Data,https://www7a.biglobe.ne.jp/~yosh/armdata.htm
2149,SME,M2-12,overhang_mm,13.21,,mm,F - Overhang 13.21,parsed,0.9,,SME Series M2 instructions,https://sme.co.uk/wp-content/uploads/SME-series-m2-instructions.pdf
2154,SME,M2-12,tracking_force_range_g,,0-2.5 g,,Vertical tracking force (VTF) 0-2.5,parsed,0.9,,SME Series M2 instructions,https://sme.co.uk/wp-content/uploads/SME-series-m2-instructions.pdf
2133,SME,M2-9,cartridge_range_high_g,12.0,,g,Cartridge balance range 5-12,parsed,0.9,,SME Series M2 instructions,https://sme.co.uk/wp-content/uploads/SME-series-m2-instructions.pdf
2132,SME,M2-9,cartridge_range_low_g,5.0,,g,Cartridge balance range 5-12,parsed,0.9,,SME Series M2 instructions,https://sme.co.uk/wp-content/uploads/SME-series-m2-instructions.pdf
691,SME,M2-9,effective_length_mm,233.2,,mm,233.2,parsed,0.6,,BIGLOBE Arm Data,https://www7a.biglobe.ne.jp/~yosh/armdata.htm
2127,SME,M2-9,effective_length_mm,233.2,,mm,A - Pivot to stylus 233.20,parsed,0.9,,SME Series M2 instructions,https://sme.co.uk/wp-content/uploads/SME-series-m2-instructions.pdf
2131,SME,M2-9,effective_mass_g,9.5,,g,Effective mass (g) 9.50,parsed,0.9,,SME Series M2 instructions,https://sme.co.uk/wp-content/uploads/SME-series-m2-instructions.pdf
2128,SME,M2-9,mounting_distance_mm,215.4,,mm,B - Pivot to turntable centre 215.40,parsed,0.9,,SME Series M2 instructions,https://sme.co.uk/wp-content/uploads/SME-series-m2-instructions.pdf
1565,SME,M2-9,null_alignment_type,,Baewald,,66.040 / 120.900 mm,derived,0.9,Backfilled from null-point pair proximity to reference alignments; nearest-reference distance 0.040 mm.,SME Series M2 instructions,https://sme.co.uk/wp-content/uploads/SME-series-m2-instructions.pdf
695,SME,M2-9,null_point_inner_mm,66.0,,mm,66/121,parsed,0.6,,BIGLOBE Arm Data,https://www7a.biglobe.ne.jp/~yosh/armdata.htm
2135,SME,M2-9,null_point_inner_mm,66.04,,mm,Null point: Inner (mm radius) 66.04,parsed,0.9,,SME Series M2 instructions,https://sme.co.uk/wp-content/uploads/SME-series-m2-instructions.pdf
696,SME,M2-9,null_point_outer_mm,121.0,,mm,66/121,parsed,0.6,,BIGLOBE Arm Data,https://www7a.biglobe.ne.jp/~yosh/armdata.htm
2136,SME,M2-9,null_point_outer_mm,120.9,,mm,Outer (mm radius) 120.90,parsed,0.9,,SME Series M2 instructions,https://sme.co.uk/wp-content/uploads/SME-series-m2-instructions.pdf
694,SME,M2-9,null_points,,66/121,,66/121,parsed,0.6,,BIGLOBE Arm Data,https://www7a.biglobe.ne.jp/~yosh/armdata.htm
693,SME,M2-9,offset_angle_deg,23.62,,deg,23.62,parsed,0.6,,BIGLOBE Arm Data,https://www7a.biglobe.ne.jp/~yosh/armdata.htm
2130,SME,M2-9,offset_angle_deg,23.63,,deg,D - Offset Angle 23.63°,parsed,0.9,,SME Series M2 instructions,https://sme.co.uk/wp-content/uploads/SME-series-m2-instructions.pdf
692,SME,M2-9,overhang_mm,17.8,,mm,17.8,parsed,0.6,,BIGLOBE Arm Data,https://www7a.biglobe.ne.jp/~yosh/armdata.htm
2129,SME,M2-9,overhang_mm,17.8,,mm,F - Overhang 17.80,parsed,0.9,,SME Series M2 instructions,https://sme.co.uk/wp-content/uploads/SME-series-m2-instructions.pdf
2134,SME,M2-9,tracking_force_range_g,,0-2.5 g,,Vertical tracking force (VTF) 0-2.5,parsed,0.9,,SME Series M2 instructions,https://sme.co.uk/wp-content/uploads/SME-series-m2-instructions.pdf
788,SME,Series V,arm_mount,,Pivot-to-spindle 215.35 mm; sliding base overhang adjustment,,215.35 mm pivot-to-spindle,parsed,0.85,,SME Series V instructions PDF,https://sme.co.uk/wp-content/uploads/SME-series-v-instructions.pdf
786,SME,Series V,cartridge_range_high_g,14.0,,g,up to 14.0 g,parsed,0.8,,SME Series V instructions PDF,https://sme.co.uk/wp-content/uploads/SME-series-v-instructions.pdf
779,SME,Series V,effective_length_mm,233.15,,mm,233.15 mm,parsed,0.95,,SME Series V instructions PDF,https://sme.co.uk/wp-content/uploads/SME-series-v-instructions.pdf
785,SME,Series V,effective_mass_g,10.5,,g,10-11 g,derived,0.65,Stored midpoint; raw source gives 10-11 g.,SME Series V instructions PDF,https://sme.co.uk/wp-content/uploads/SME-series-v-instructions.pdf
787,SME,Series V,mounting_distance_mm,215.35,,mm,215.35 mm,parsed,0.95,,SME Series V instructions PDF,https://sme.co.uk/wp-content/uploads/SME-series-v-instructions.pdf
1579,SME,Series V,null_alignment_type,,Baewald,,66.000 / 120.900 mm,derived,0.9,Backfilled from null-point pair proximity to reference alignments; nearest-reference distance 0.000 mm.,SME Series V instructions PDF,https://sme.co.uk/wp-content/uploads/SME-series-v-instructions.pdf
783,SME,Series V,null_point_inner_mm,66.0,,mm,66.0 mm,parsed,0.95,,SME Series V instructions PDF,https://sme.co.uk/wp-content/uploads/SME-series-v-instructions.pdf
784,SME,Series V,null_point_outer_mm,120.9,,mm,120.9 mm,parsed,0.95,,SME Series V instructions PDF,https://sme.co.uk/wp-content/uploads/SME-series-v-instructions.pdf
782,SME,Series V,null_points,,66 / 120.9,,66.0 mm / 120.9 mm,parsed,0.95,,SME Series V instructions PDF,https://sme.co.uk/wp-content/uploads/SME-series-v-instructions.pdf
781,SME,Series V,offset_angle_deg,23.635,,deg,23.635 degrees,parsed,0.95,,SME Series V instructions PDF,https://sme.co.uk/wp-content/uploads/SME-series-v-instructions.pdf
780,SME,Series V,overhang_mm,17.8,,mm,17.8 mm,parsed,0.95,,SME Series V instructions PDF,https://sme.co.uk/wp-content/uploads/SME-series-v-instructions.pdf
2175,SME,V/IV,anti_skating,,tension spring and filament; dial corresponds with VTF and has positive OFF position,,Anti-skate operates through tension spring and filament. Dial corresponds with VTF and has a positive OFF position.,parsed,0.9,,SME Series V official sheet,https://sme.co.uk/wp-content/uploads/SERIES-V-apr-18.pdf
2168,SME,V/IV,arm_tube_material,,one-piece magnesium tone-arm,,Unique one-piece pressure die-cast tone-arm utilises the advantages of magnesium,parsed,0.9,Used for grouped V/IV row because Series IV shares the same one-piece magnesium architecture family.,SME Series V official sheet,https://sme.co.uk/wp-content/uploads/SERIES-V-apr-18.pdf
667,SME,V/IV,effective_length_mm,233.15,,mm,233.15,parsed,0.6,,BIGLOBE Arm Data,https://www7a.biglobe.ne.jp/~yosh/armdata.htm
2169,SME,V/IV,effective_length_mm,233.15,,mm,A – Distance from pivot to stylus 233.15,parsed,0.9,Official Series V sheet; grouped row represents V/IV family geometry.,SME Series V official sheet,https://sme.co.uk/wp-content/uploads/SERIES-V-apr-18.pdf
2170,SME,V/IV,mounting_distance_mm,215.35,,mm,B – Distance from pivot to turntable centre 215.35,parsed,0.9,Official Series V sheet; grouped row represents V/IV family geometry.,SME Series V official sheet,https://sme.co.uk/wp-content/uploads/SERIES-V-apr-18.pdf
1561,SME,V/IV,null_alignment_type,,Baewald,,66.040 / 120.900 mm,derived,0.9,Backfilled from null-point pair proximity to reference alignments; nearest-reference distance 0.040 mm.,SME Series V official sheet,https://sme.co.uk/wp-content/uploads/SERIES-V-apr-18.pdf
671,SME,V/IV,null_point_inner_mm,66.0,,mm,66/121,parsed,0.6,,BIGLOBE Arm Data,https://www7a.biglobe.ne.jp/~yosh/armdata.htm
2173,SME,V/IV,null_point_inner_mm,66.04,,mm,Null points: Inner 66.04mm,parsed,0.9,Official Series V sheet; grouped row represents shared V/IV alignment family.,SME Series V official sheet,https://sme.co.uk/wp-content/uploads/SERIES-V-apr-18.pdf
672,SME,V/IV,null_point_outer_mm,121.0,,mm,66/121,parsed,0.6,,BIGLOBE Arm Data,https://www7a.biglobe.ne.jp/~yosh/armdata.htm
2174,SME,V/IV,null_point_outer_mm,120.9,,mm,Outer 120.9mm,parsed,0.9,Official Series V sheet; grouped row represents shared V/IV alignment family.,SME Series V official sheet,https://sme.co.uk/wp-content/uploads/SERIES-V-apr-18.pdf
670,SME,V/IV,null_points,,66/121,,66/121,parsed,0.6,,BIGLOBE Arm Data,https://www7a.biglobe.ne.jp/~yosh/armdata.htm
669,SME,V/IV,offset_angle_deg,23.635,,deg,23.635,parsed,0.6,,BIGLOBE Arm Data,https://www7a.biglobe.ne.jp/~yosh/armdata.htm
2171,SME,V/IV,offset_angle_deg,23.635,,deg,D – Offset angle 23.635˚,parsed,0.9,Official Series V sheet; grouped row represents V/IV family geometry.,SME Series V official sheet,https://sme.co.uk/wp-content/uploads/SERIES-V-apr-18.pdf
668,SME,V/IV,overhang_mm,17.8,,mm,17.8,parsed,0.6,,BIGLOBE Arm Data,https://www7a.biglobe.ne.jp/~yosh/armdata.htm
2172,SME,V/IV,overhang_mm,17.8,,mm,F – Overhang 17.80,parsed,0.9,Official Series V sheet; grouped row represents V/IV family geometry.,SME Series V official sheet,https://sme.co.uk/wp-content/uploads/SERIES-V-apr-18.pdf
709,SUMIKO,MMT/FT-3/FT-4,effective_length_mm,239.0,,mm,239,parsed,0.6,,BIGLOBE Arm Data,https://www7a.biglobe.ne.jp/~yosh/armdata.htm
1568,SUMIKO,MMT/FT-3/FT-4,null_alignment_type,,Baewald,,66.000 / 121.000 mm,derived,0.85,Backfilled from null-point pair proximity to reference alignments; nearest-reference distance 0.100 mm.,BIGLOBE Arm Data,https://www7a.biglobe.ne.jp/~yosh/armdata.htm
713,SUMIKO,MMT/FT-3/FT-4,null_point_inner_mm,66.0,,mm,66/121,parsed,0.6,,BIGLOBE Arm Data,https://www7a.biglobe.ne.jp/~yosh/armdata.htm
714,SUMIKO,MMT/FT-3/FT-4,null_point_outer_mm,121.0,,mm,66/121,parsed,0.6,,BIGLOBE Arm Data,https://www7a.biglobe.ne.jp/~yosh/armdata.htm
712,SUMIKO,MMT/FT-3/FT-4,null_points,,66/121,,66/121,parsed,0.6,,BIGLOBE Arm Data,https://www7a.biglobe.ne.jp/~yosh/armdata.htm
711,SUMIKO,MMT/FT-3/FT-4,offset_angle_deg,23.0,,deg,23,parsed,0.6,,BIGLOBE Arm Data,https://www7a.biglobe.ne.jp/~yosh/armdata.htm
710,SUMIKO,MMT/FT-3/FT-4,overhang_mm,17.3,,mm,17.3,parsed,0.6,,BIGLOBE Arm Data,https://www7a.biglobe.ne.jp/~yosh/armdata.htm
2625,SUMIKO,MMT/FT-3/FT-4,product_lineage,,"Grouped Sumiko row includes the Premier MMT, documented by mirrored original-manual support as an S-shaped tonearm manufactured for Sumiko by Jelco in Japan.",,Premier MMT manual page,parsed,0.75,Manual-mirror support for grouped family member.,Sumiko Premier MMT Stereo S-Shaped Tonearm Manual,https://www.vinylengine.com/library/sumiko/premier-mmt.shtml
2626,SUMIKO,MMT/FT-3/FT-4,product_lineage,,"Grouped Sumiko row includes the Premier FT-3, documented by mirrored original-manual support as a straight gimbal-bearing tonearm with variable fluid damping.",,Premier FT-3 manual page,parsed,0.75,Manual-mirror support for grouped family member.,Sumiko Premier FT-3 Stereo Gimbal Bearing Tonearm Manual,https://www.vinylengine.com/library/sumiko/premier-ft-3.shtml
778,SUMIKO,Premier FT-3,arm_mount,,Pivot-to-spindle 221.7 mm; standard counterweight up to 8 g cartridge; extra weight 8-14 g,,221.7 mm mounting distance,parsed,0.8,,Sumiko Premier FT-3 mounting and operating instructions,https://www.manualslib.com/manual/2513846/Sumiko-Premier-Ft-3.html
774,SUMIKO,Premier FT-3,effective_length_mm,239.0,,mm,239 mm,parsed,0.9,,Sumiko Premier FT-3 mounting and operating instructions,https://www.manualslib.com/manual/2513846/Sumiko-Premier-Ft-3.html
777,SUMIKO,Premier FT-3,mounting_distance_mm,221.7,,mm,221.7 mm,parsed,0.9,,Sumiko Premier FT-3 mounting and operating instructions,https://www.manualslib.com/manual/2513846/Sumiko-Premier-Ft-3.html
1578,SUMIKO,Premier FT-3,null_alignment_type,,Baewald,,65.988 / 120.782 mm,derived,0.75,"Backfilled from derived null points using effective length, mounting distance/overhang, and offset angle; nearest-reference distance 0.119 mm.",Sumiko Premier FT-3 mounting and operating instructions,https://www.manualslib.com/manual/2513846/Sumiko-Premier-Ft-3.html
776,SUMIKO,Premier FT-3,offset_angle_deg,23.0,,deg,23.0°,parsed,0.9,,Sumiko Premier FT-3 mounting and operating instructions,https://www.manualslib.com/manual/2513846/Sumiko-Premier-Ft-3.html
775,SUMIKO,Premier FT-3,overhang_mm,17.3,,mm,17.3 mm,parsed,0.9,,Sumiko Premier FT-3 mounting and operating instructions,https://www.manualslib.com/manual/2513846/Sumiko-Premier-Ft-3.html
2627,SUMIKO,Premier FT-3,product_lineage,,Sumiko Premier FT-3 is documented by mirrored original-manual support as a Japanese-made straight tonearm with variable fluid damping.,,Premier FT-3 manual page,parsed,0.8,Manual-mirror support for exact model.,Sumiko Premier FT-3 Stereo Gimbal Bearing Tonearm Manual,https://www.vinylengine.com/library/sumiko/premier-ft-3.shtml
235,Saec,"WE-308 (circa 1971), WE-308N(1975) & WE-308SX (1982) IMO: ""Small overhang can moderate inside force."" Its effective null point around 61 is based on LP's inmost recorded radius.",effective_length_mm,240.0,,mm,240,parsed,0.6,,BIGLOBE Arm Data,https://www7a.biglobe.ne.jp/~yosh/armdata.htm
1489,Saec,"WE-308 (circa 1971), WE-308N(1975) & WE-308SX (1982) IMO: ""Small overhang can moderate inside force."" Its effective null point around 61 is based on LP's inmost recorded radius.",null_alignment_type,,Other,,39.000 / 61.000 mm,derived,0.75,Backfilled from null-point pair proximity to reference alignments; nearest-reference distance 60.316 mm.,BIGLOBE Arm Data,https://www7a.biglobe.ne.jp/~yosh/armdata.htm
239,Saec,"WE-308 (circa 1971), WE-308N(1975) & WE-308SX (1982) IMO: ""Small overhang can moderate inside force."" Its effective null point around 61 is based on LP's inmost recorded radius.",null_point_inner_mm,39.0,,mm,39/61,parsed,0.6,,BIGLOBE Arm Data,https://www7a.biglobe.ne.jp/~yosh/armdata.htm
240,Saec,"WE-308 (circa 1971), WE-308N(1975) & WE-308SX (1982) IMO: ""Small overhang can moderate inside force."" Its effective null point around 61 is based on LP's inmost recorded radius.",null_point_outer_mm,61.0,,mm,39/61,parsed,0.6,,BIGLOBE Arm Data,https://www7a.biglobe.ne.jp/~yosh/armdata.htm
238,Saec,"WE-308 (circa 1971), WE-308N(1975) & WE-308SX (1982) IMO: ""Small overhang can moderate inside force."" Its effective null point around 61 is based on LP's inmost recorded radius.",null_points,,39/61,,39/61,parsed,0.6,,BIGLOBE Arm Data,https://www7a.biglobe.ne.jp/~yosh/armdata.htm
237,Saec,"WE-308 (circa 1971), WE-308N(1975) & WE-308SX (1982) IMO: ""Small overhang can moderate inside force."" Its effective null point around 61 is based on LP's inmost recorded radius.",offset_angle_deg,12.0,,deg,12,parsed,0.6,,BIGLOBE Arm Data,https://www7a.biglobe.ne.jp/~yosh/armdata.htm
236,Saec,"WE-308 (circa 1971), WE-308N(1975) & WE-308SX (1982) IMO: ""Small overhang can moderate inside force."" Its effective null point around 61 is based on LP's inmost recorded radius.",overhang_mm,5.0,,mm,5,parsed,0.6,,BIGLOBE Arm Data,https://www7a.biglobe.ne.jp/~yosh/armdata.htm
2574,Saec,"WE-308 (circa 1971), WE-308N(1975) & WE-308SX (1982) IMO: ""Small overhang can moderate inside force."" Its effective null point around 61 is based on LP's inmost recorded radius.",product_lineage,,"Grouped WE-308 family row includes the original WE-308, documented by official historical SAEC specifications as the company's first tonearm model.",,WE-308 official historical page,parsed,0.8,Official support for one member of grouped WE-308/308N/308SX family row.,SAEC WE-308の仕様 サエク,https://audio-heritage.jp/SAEC/etc/we-308.html
2575,Saec,"WE-308 (circa 1971), WE-308N(1975) & WE-308SX (1982) IMO: ""Small overhang can moderate inside force."" Its effective null point around 61 is based on LP's inmost recorded radius.",product_lineage,,"Grouped WE-308 family row includes WE-308N, documented by official historical SAEC specifications as the minor-version-up model of the WE-308.",,WE-308N official historical page,parsed,0.8,Official support for one member of grouped WE-308/308N/308SX family row.,SAEC WE-308N/WE-308Lの仕様 サエク,https://audio-heritage.jp/SAEC/etc/we-308n.html
2576,Saec,"WE-308 (circa 1971), WE-308N(1975) & WE-308SX (1982) IMO: ""Small overhang can moderate inside force."" Its effective null point around 61 is based on LP's inmost recorded radius.",product_lineage,,Official historical SAEC tonearm lineup index lists WE-308SX alongside the WE-308 family.,,WE-308SX listed in official tonearm index,parsed,0.7,Official lineup support for the WE-308SX branch of grouped family row.,SAEC トーンアーム一覧 サエク,https://audio-heritage.jp/SAEC/etc/index.html
241,Saec,WE-308L(circa 1978),effective_length_mm,270.0,,mm,270,parsed,0.6,,BIGLOBE Arm Data,https://www7a.biglobe.ne.jp/~yosh/armdata.htm
1490,Saec,WE-308L(circa 1978),null_alignment_type,,Other,,44.000 / 61.000 mm,derived,0.75,Backfilled from null-point pair proximity to reference alignments; nearest-reference distance 58.734 mm.,BIGLOBE Arm Data,https://www7a.biglobe.ne.jp/~yosh/armdata.htm
245,Saec,WE-308L(circa 1978),null_point_inner_mm,44.0,,mm,44/61,parsed,0.6,,BIGLOBE Arm Data,https://www7a.biglobe.ne.jp/~yosh/armdata.htm
246,Saec,WE-308L(circa 1978),null_point_outer_mm,61.0,,mm,44/61,parsed,0.6,,BIGLOBE Arm Data,https://www7a.biglobe.ne.jp/~yosh/armdata.htm
244,Saec,WE-308L(circa 1978),null_points,,44/61,,44/61,parsed,0.6,,BIGLOBE Arm Data,https://www7a.biglobe.ne.jp/~yosh/armdata.htm
243,Saec,WE-308L(circa 1978),offset_angle_deg,11.2,,deg,11.2,parsed,0.6,,BIGLOBE Arm Data,https://www7a.biglobe.ne.jp/~yosh/armdata.htm
242,Saec,WE-308L(circa 1978),overhang_mm,5.0,,mm,5,parsed,0.6,,BIGLOBE Arm Data,https://www7a.biglobe.ne.jp/~yosh/armdata.htm
2577,Saec,WE-308L(circa 1978),product_lineage,,Official historical SAEC specifications document WE-308L as the long-arm version of the WE-308N update family.,,WE-308L official historical page,parsed,0.8,Exact official historical support.,SAEC WE-308N/WE-308Lの仕様 サエク,https://audio-heritage.jp/SAEC/etc/we-308n.html
2094,Saec,WE-308SX,bearing_system,,ruby V-blocks; encapsulated bearing,,the V-Blocks inside the SX model are made of ruby ... and the whole bearing is encapsuled for protection,parsed,0.8,,Audiogon SAEC 308N vs 308SX discussion,https://forum.audiogon.com/discussions/saec-308n-vs-308sx
2088,Saec,WE-308SX,effective_length_mm,240.0,,mm,"Only 5mm of stylus overhang is recommended, for an effective length of 240mm",parsed,0.82,,Audiogon SAEC 308N vs 308SX discussion,https://forum.audiogon.com/discussions/saec-308n-vs-308sx
2096,Saec,WE-308SX,headshell_material,,ceramic headshell,,the 308SX is shown with the ceramic headshell,parsed,0.78,,Audiogon SAEC 308N vs 308SX discussion,https://forum.audiogon.com/discussions/saec-308n-vs-308sx
2095,Saec,WE-308SX,headshell_weight_g,18.0,,g,all these comes with the 18grs. ceramic headshell,parsed,0.78,,Audiogon SAEC 308N vs 308SX discussion,https://forum.audiogon.com/discussions/saec-308n-vs-308sx
2090,Saec,WE-308SX,mounting_distance_mm,235.0,,mm,The P2S distance for the N and probably for the SX is given as 235mm,parsed,0.82,,Audiogon SAEC 308N vs 308SX discussion,https://forum.audiogon.com/discussions/saec-308n-vs-308sx
2099,Saec,WE-308SX,null_alignment_type,,Other,,39.200 / 60.600 mm,derived,0.75,Backfilled from null-point pair proximity to reference alignments; nearest-reference distance 60.620 mm.,Audiogon SAEC 308N vs 308SX discussion,https://forum.audiogon.com/discussions/saec-308n-vs-308sx
2092,Saec,WE-308SX,null_point_inner_mm,39.2,,mm,this results in an inner null point of 39.2mm (!) and an outer null point of 60.6mm,parsed,0.82,,Audiogon SAEC 308N vs 308SX discussion,https://forum.audiogon.com/discussions/saec-308n-vs-308sx
2093,Saec,WE-308SX,null_point_outer_mm,60.6,,mm,this results in an inner null point of 39.2mm (!) and an outer null point of 60.6mm,parsed,0.82,,Audiogon SAEC 308N vs 308SX discussion,https://forum.audiogon.com/discussions/saec-308n-vs-308sx
2091,Saec,WE-308SX,offset_angle_deg,12.0,,deg,With a headshell offset angle of only 12 degrees,parsed,0.82,,Audiogon SAEC 308N vs 308SX discussion,https://forum.audiogon.com/discussions/saec-308n-vs-308sx
2089,Saec,WE-308SX,overhang_mm,5.0,,mm,Only 5mm of stylus overhang is recommended,parsed,0.82,,Audiogon SAEC 308N vs 308SX discussion,https://forum.audiogon.com/discussions/saec-308n-vs-308sx
2578,Saec,WE-308SX,product_lineage,,Official historical SAEC tonearm lineup index lists WE-308SX in the company tonearm range.,,WE-308SX listed in official tonearm index,parsed,0.6,Conservative official lineup support for exact model.,SAEC トーンアーム一覧 サエク,https://audio-heritage.jp/SAEC/etc/index.html
253,Saec,WE-317(1982),effective_length_mm,248.0,,mm,248,parsed,0.6,,BIGLOBE Arm Data,https://www7a.biglobe.ne.jp/~yosh/armdata.htm
1492,Saec,WE-317(1982),null_alignment_type,,Other,,61.000 / 103.000 mm,derived,0.75,Backfilled from null-point pair proximity to reference alignments; nearest-reference distance 14.436 mm.,BIGLOBE Arm Data,https://www7a.biglobe.ne.jp/~yosh/armdata.htm
257,Saec,WE-317(1982),null_point_inner_mm,61.0,,mm,61/103,parsed,0.6,,BIGLOBE Arm Data,https://www7a.biglobe.ne.jp/~yosh/armdata.htm
258,Saec,WE-317(1982),null_point_outer_mm,103.0,,mm,61/103,parsed,0.6,,BIGLOBE Arm Data,https://www7a.biglobe.ne.jp/~yosh/armdata.htm
256,Saec,WE-317(1982),null_points,,61/103,,61/103,parsed,0.6,,BIGLOBE Arm Data,https://www7a.biglobe.ne.jp/~yosh/armdata.htm
255,Saec,WE-317(1982),offset_angle_deg,19.3,,deg,19.3,parsed,0.6,,BIGLOBE Arm Data,https://www7a.biglobe.ne.jp/~yosh/armdata.htm
254,Saec,WE-317(1982),overhang_mm,13.0,,mm,13,parsed,0.6,,BIGLOBE Arm Data,https://www7a.biglobe.ne.jp/~yosh/armdata.htm
2579,Saec,WE-317(1982),product_lineage,,WE-317 belongs to the compact 317 family documented by mirrored original-manual support for SAEC WE-317S.,,WE-317S mirrored manual entry,parsed,0.55,Conservative family-lineage support via mirrored manual entry.,SAEC WE-317S Concealed Double Knife-Edge Tonearm Manual,https://www.vinylengine.com/library/saec/we-317s.shtml
2106,Saec,WE-407/23,anti_skating,,string hanging type inside force canceller with automatic stylus pressure slight increase mechanism,,Adopts a string hanging type inside force canceller ... automatic stylus pressure slight increase mechanism,parsed,0.82,,OTOMON SAEC WE-407/23 page,https://otomon.net/audio-highend/products/detail/251
2108,Saec,WE-407/23,arm_tube_material,,specially treated high-rigidity light alloy,,"Arm pipe: Constructed from a specially treated, high-rigidity light alloy",parsed,0.8,,OTOMON SAEC WE-407/23 page,https://otomon.net/audio-highend/products/detail/251
2100,Saec,WE-407/23,arm_type,,double knife edge static balance type,,Type Double knife edge static balance type,parsed,0.84,,OTOMON SAEC WE-407/23 page,https://otomon.net/audio-highend/products/detail/251
2105,Saec,WE-407/23,bearing_system,,double knife edge bearing system with no diameter and no resistance,,Adopts a double knife edge bearing system with no diameter and no resistance,parsed,0.84,,OTOMON SAEC WE-407/23 page,https://otomon.net/audio-highend/products/detail/251
2102,Saec,WE-407/23,effective_length_mm,233.0,,mm,Effective length 233mm,parsed,0.84,,OTOMON SAEC WE-407/23 page,https://otomon.net/audio-highend/products/detail/251
2107,Saec,WE-407/23,mechanical_damping,,mechanical equalizer plus newly developed mechanical damping mechanism,,In addition to a mechanical equalizer ... newly developed mechanical damping mechanism,parsed,0.8,,OTOMON SAEC WE-407/23 page,https://otomon.net/audio-highend/products/detail/251
2109,Saec,WE-407/23,mounting_distance_mm,221.0,,mm,Effective length 233mm; Overhang 12mm,parsed,0.8,Derived as effective length minus overhang from same source.,OTOMON SAEC WE-407/23 page,https://otomon.net/audio-highend/products/detail/251
2111,Saec,WE-407/23,mounting_distance_mm,221.0,,mm,"English manual for WE-407/23 ... Effective Length 221, which is mistranslation of Arm Distance",parsed,0.76,BIGLOBE notes English manual mistranslates arm distance as effective length; interpreted mounting distance is 221 mm.,BIGLOBE arm data table,https://www7a.biglobe.ne.jp/~yosh/armdata.htm
2112,Saec,WE-407/23,null_alignment_type,,Unknown,,Unknown,derived,0.4,Defaulted because the current source set does not explicitly specify a null alignment family.,OTOMON SAEC WE-407/23 page,https://otomon.net/audio-highend/products/detail/251
2110,Saec,WE-407/23,offset_angle_deg,18.0,,deg,WE-407/23 ... 18 as per manual,parsed,0.78,BIGLOBE historical arm-data page notes 18 degrees as per manual for WE-407/23.,BIGLOBE arm data table,https://www7a.biglobe.ne.jp/~yosh/armdata.htm
2101,Saec,WE-407/23,overall_length_mm,311.0,,mm,Total length 311mm,parsed,0.84,,OTOMON SAEC WE-407/23 page,https://otomon.net/audio-highend/products/detail/251
2103,Saec,WE-407/23,overhang_mm,12.0,,mm,Overhang 12mm,parsed,0.84,,OTOMON SAEC WE-407/23 page,https://otomon.net/audio-highend/products/detail/251
2580,Saec,WE-407/23,product_lineage,,Official historical SAEC specifications document WE-407/23 as the double-knife-edge static-balance tonearm with 233 mm effective length and 12 mm overhang.,,WE-407/23 official historical page,parsed,0.8,Exact official historical support.,SAEC WE-407/23の仕様 サエク,https://audio-heritage.jp/SAEC/etc/we-407-23.html
2104,Saec,WE-407/23,tracking_error_angle_deg,,0° at inner circumference,,Tracking error: 0° at inner circumference,parsed,0.84,,OTOMON SAEC WE-407/23 page,https://otomon.net/audio-highend/products/detail/251
247,Saec,"WE-407/23(1980), WE-317S & WE-4700(2019) English manual for WE-407/23 & WE-317S uploaded at Vinyl Engine indicated Effective Length 221, which is mistranslation of Arm Distance. Similar case as Sound ST-14. WE-407/TM for Micro (BL-99V/SX-777FV etc with armbase 1200 series). Micro Armbase 1200 series had off-center mounting hole for adjustment of arm distance/overhang. WE-407/GT (around 1986) for Yamaha GT-2000 series (Heavy Turntables around 1982). GT had different geometry. GT-2000's standard arm distance was 248mm. SAEC's tradition: they don't care much about alignment while their mechanical precision work is superb.",effective_length_mm,233.0,,mm,The front end of shell to arm pivot is indicated as 233mm. Then the stylus point should be located just under the front-end of shell. Modification after modification towards the end of analogue era is unreliable. Only interesting for a person of unusual tastes who would like something special (curiosity). I do not meddle in this kind of MESS anymore.,parsed,0.6,,BIGLOBE Arm Data,https://www7a.biglobe.ne.jp/~yosh/armdata.htm
1491,Saec,"WE-407/23(1980), WE-317S & WE-4700(2019) English manual for WE-407/23 & WE-317S uploaded at Vinyl Engine indicated Effective Length 221, which is mistranslation of Arm Distance. Similar case as Sound ST-14. WE-407/TM for Micro (BL-99V/SX-777FV etc with armbase 1200 series). Micro Armbase 1200 series had off-center mounting hole for adjustment of arm distance/overhang. WE-407/GT (around 1986) for Yamaha GT-2000 series (Heavy Turntables around 1982). GT had different geometry. GT-2000's standard arm distance was 248mm. SAEC's tradition: they don't care much about alignment while their mechanical precision work is superb.",null_alignment_type,,Other,,61.000 / 89.000 mm,derived,0.75,Backfilled from null-point pair proximity to reference alignments; nearest-reference distance 28.428 mm.,BIGLOBE Arm Data,https://www7a.biglobe.ne.jp/~yosh/armdata.htm
251,Saec,"WE-407/23(1980), WE-317S & WE-4700(2019) English manual for WE-407/23 & WE-317S uploaded at Vinyl Engine indicated Effective Length 221, which is mistranslation of Arm Distance. Similar case as Sound ST-14. WE-407/TM for Micro (BL-99V/SX-777FV etc with armbase 1200 series). Micro Armbase 1200 series had off-center mounting hole for adjustment of arm distance/overhang. WE-407/GT (around 1986) for Yamaha GT-2000 series (Heavy Turntables around 1982). GT had different geometry. GT-2000's standard arm distance was 248mm. SAEC's tradition: they don't care much about alignment while their mechanical precision work is superb.",null_point_inner_mm,61.0,,mm,61/89 (no null point if L233 Overhang 12 and offset 18 degrees),parsed,0.6,,BIGLOBE Arm Data,https://www7a.biglobe.ne.jp/~yosh/armdata.htm
252,Saec,"WE-407/23(1980), WE-317S & WE-4700(2019) English manual for WE-407/23 & WE-317S uploaded at Vinyl Engine indicated Effective Length 221, which is mistranslation of Arm Distance. Similar case as Sound ST-14. WE-407/TM for Micro (BL-99V/SX-777FV etc with armbase 1200 series). Micro Armbase 1200 series had off-center mounting hole for adjustment of arm distance/overhang. WE-407/GT (around 1986) for Yamaha GT-2000 series (Heavy Turntables around 1982). GT had different geometry. GT-2000's standard arm distance was 248mm. SAEC's tradition: they don't care much about alignment while their mechanical precision work is superb.",null_point_outer_mm,89.0,,mm,61/89 (no null point if L233 Overhang 12 and offset 18 degrees),parsed,0.6,,BIGLOBE Arm Data,https://www7a.biglobe.ne.jp/~yosh/armdata.htm
250,Saec,"WE-407/23(1980), WE-317S & WE-4700(2019) English manual for WE-407/23 & WE-317S uploaded at Vinyl Engine indicated Effective Length 221, which is mistranslation of Arm Distance. Similar case as Sound ST-14. WE-407/TM for Micro (BL-99V/SX-777FV etc with armbase 1200 series). Micro Armbase 1200 series had off-center mounting hole for adjustment of arm distance/overhang. WE-407/GT (around 1986) for Yamaha GT-2000 series (Heavy Turntables around 1982). GT had different geometry. GT-2000's standard arm distance was 248mm. SAEC's tradition: they don't care much about alignment while their mechanical precision work is superb.",null_points,,61/89 (no null point if L233 Overhang 12 and offset 18 degrees),,61/89 (no null point if L233 Overhang 12 and offset 18 degrees),parsed,0.6,,BIGLOBE Arm Data,https://www7a.biglobe.ne.jp/~yosh/armdata.htm
249,Saec,"WE-407/23(1980), WE-317S & WE-4700(2019) English manual for WE-407/23 & WE-317S uploaded at Vinyl Engine indicated Effective Length 221, which is mistranslation of Arm Distance. Similar case as Sound ST-14. WE-407/TM for Micro (BL-99V/SX-777FV etc with armbase 1200 series). Micro Armbase 1200 series had off-center mounting hole for adjustment of arm distance/overhang. WE-407/GT (around 1986) for Yamaha GT-2000 series (Heavy Turntables around 1982). GT had different geometry. GT-2000's standard arm distance was 248mm. SAEC's tradition: they don't care much about alignment while their mechanical precision work is superb.",offset_angle_deg,18.8,,deg,18.8 (18 as per manual),parsed,0.6,,BIGLOBE Arm Data,https://www7a.biglobe.ne.jp/~yosh/armdata.htm
248,Saec,"WE-407/23(1980), WE-317S & WE-4700(2019) English manual for WE-407/23 & WE-317S uploaded at Vinyl Engine indicated Effective Length 221, which is mistranslation of Arm Distance. Similar case as Sound ST-14. WE-407/TM for Micro (BL-99V/SX-777FV etc with armbase 1200 series). Micro Armbase 1200 series had off-center mounting hole for adjustment of arm distance/overhang. WE-407/GT (around 1986) for Yamaha GT-2000 series (Heavy Turntables around 1982). GT had different geometry. GT-2000's standard arm distance was 248mm. SAEC's tradition: they don't care much about alignment while their mechanical precision work is superb.",overhang_mm,12.0,,mm,12,parsed,0.6,,BIGLOBE Arm Data,https://www7a.biglobe.ne.jp/~yosh/armdata.htm
2581,Saec,"WE-407/23(1980), WE-317S & WE-4700(2019) English manual for WE-407/23 & WE-317S uploaded at Vinyl Engine indicated Effective Length 221, which is mistranslation of Arm Distance. Similar case as Sound ST-14. WE-407/TM for Micro (BL-99V/SX-777FV etc with armbase 1200 series). Micro Armbase 1200 series had off-center mounting hole for adjustment of arm distance/overhang. WE-407/GT (around 1986) for Yamaha GT-2000 series (Heavy Turntables around 1982). GT had different geometry. GT-2000's standard arm distance was 248mm. SAEC's tradition: they don't care much about alignment while their mechanical precision work is superb.",product_lineage,,"Grouped later SAEC family row includes WE-407/23, documented by official historical SAEC specifications.",,WE-407/23 official historical page,parsed,0.75,Official support for one member of grouped later SAEC family row.,SAEC WE-407/23の仕様 サエク,https://audio-heritage.jp/SAEC/etc/we-407-23.html
2582,Saec,"WE-407/23(1980), WE-317S & WE-4700(2019) English manual for WE-407/23 & WE-317S uploaded at Vinyl Engine indicated Effective Length 221, which is mistranslation of Arm Distance. Similar case as Sound ST-14. WE-407/TM for Micro (BL-99V/SX-777FV etc with armbase 1200 series). Micro Armbase 1200 series had off-center mounting hole for adjustment of arm distance/overhang. WE-407/GT (around 1986) for Yamaha GT-2000 series (Heavy Turntables around 1982). GT had different geometry. GT-2000's standard arm distance was 248mm. SAEC's tradition: they don't care much about alignment while their mechanical precision work is superb.",product_lineage,,"Grouped later SAEC family row includes WE-317S, documented by mirrored original-manual support.",,WE-317S mirrored manual entry,parsed,0.65,Official-manual support for one member of grouped later SAEC family row.,SAEC WE-317S Concealed Double Knife-Edge Tonearm Manual,https://www.vinylengine.com/library/saec/we-317s.shtml
2583,Saec,"WE-407/23(1980), WE-317S & WE-4700(2019) English manual for WE-407/23 & WE-317S uploaded at Vinyl Engine indicated Effective Length 221, which is mistranslation of Arm Distance. Similar case as Sound ST-14. WE-407/TM for Micro (BL-99V/SX-777FV etc with armbase 1200 series). Micro Armbase 1200 series had off-center mounting hole for adjustment of arm distance/overhang. WE-407/GT (around 1986) for Yamaha GT-2000 series (Heavy Turntables around 1982). GT had different geometry. GT-2000's standard arm distance was 248mm. SAEC's tradition: they don't care much about alignment while their mechanical precision work is superb.",product_lineage,,"Grouped later SAEC family row includes WE-4700, listed in the mirrored SAEC manuals index.",,WE-4700 listed in mirrored SAEC manuals index,parsed,0.6,Official-manual lineup support for one member of grouped later SAEC family row.,SAEC Manuals | Vinyl Engine,https://www.vinylengine.com/library/saec.shtml
259,Saec,WE-506/30(1978),effective_length_mm,295.0,,mm,295,parsed,0.6,,BIGLOBE Arm Data,https://www7a.biglobe.ne.jp/~yosh/armdata.htm
2585,Saec,WE-506/30(1978),model_notes,,Official historical SAEC accessories page documents the S-3 arm bracket as developed specifically for WE-506/30.,,S-3 dedicated to WE-506/30,parsed,0.65,Official accessory lineage support for exact model.,SAEC その他レコードプレイヤーアクセサリー,https://audio-heritage.jp/SAEC/etc/option.html
1493,Saec,WE-506/30(1978),null_alignment_type,,Other,,61.000 / 86.000 mm,derived,0.75,Backfilled from null-point pair proximity to reference alignments; nearest-reference distance 31.427 mm.,BIGLOBE Arm Data,https://www7a.biglobe.ne.jp/~yosh/armdata.htm
263,Saec,WE-506/30(1978),null_point_inner_mm,61.0,,mm,61/86,parsed,0.6,,BIGLOBE Arm Data,https://www7a.biglobe.ne.jp/~yosh/armdata.htm
264,Saec,WE-506/30(1978),null_point_outer_mm,86.0,,mm,61/86,parsed,0.6,,BIGLOBE Arm Data,https://www7a.biglobe.ne.jp/~yosh/armdata.htm
262,Saec,WE-506/30(1978),null_points,,61/86,,61/86,parsed,0.6,,BIGLOBE Arm Data,https://www7a.biglobe.ne.jp/~yosh/armdata.htm
261,Saec,WE-506/30(1978),offset_angle_deg,14.4,,deg,14.4,parsed,0.6,,BIGLOBE Arm Data,https://www7a.biglobe.ne.jp/~yosh/armdata.htm
260,Saec,WE-506/30(1978),overhang_mm,9.0,,mm,9,parsed,0.6,,BIGLOBE Arm Data,https://www7a.biglobe.ne.jp/~yosh/armdata.htm
2584,Saec,WE-506/30(1978),product_lineage,,Official historical SAEC tonearm lineup index lists WE-506/30 in the company tonearm range.,,WE-506/30 listed in official tonearm index,parsed,0.65,Official lineup support for exact model.,SAEC トーンアーム一覧 サエク,https://audio-heritage.jp/SAEC/etc/index.html
265,Saec,WE-8000/ST(circa 1984),effective_length_mm,306.0,,mm,306,parsed,0.6,,BIGLOBE Arm Data,https://www7a.biglobe.ne.jp/~yosh/armdata.htm
1494,Saec,WE-8000/ST(circa 1984),null_alignment_type,,Other,,60.600 / 128.500 mm,derived,0.75,Backfilled from null-point pair proximity to reference alignments; nearest-reference distance 9.323 mm.,BIGLOBE Arm Data,https://www7a.biglobe.ne.jp/~yosh/armdata.htm
269,Saec,WE-8000/ST(circa 1984),null_point_inner_mm,60.6,,mm,60.6/128.5,parsed,0.6,,BIGLOBE Arm Data,https://www7a.biglobe.ne.jp/~yosh/armdata.htm
270,Saec,WE-8000/ST(circa 1984),null_point_outer_mm,128.5,,mm,60.6/128.5,parsed,0.6,,BIGLOBE Arm Data,https://www7a.biglobe.ne.jp/~yosh/armdata.htm
268,Saec,WE-8000/ST(circa 1984),null_points,,60.6/128.5,,60.6/128.5,parsed,0.6,,BIGLOBE Arm Data,https://www7a.biglobe.ne.jp/~yosh/armdata.htm
267,Saec,WE-8000/ST(circa 1984),offset_angle_deg,18.0,,deg,18,parsed,0.6,,BIGLOBE Arm Data,https://www7a.biglobe.ne.jp/~yosh/armdata.htm
266,Saec,WE-8000/ST(circa 1984),overhang_mm,13.0,,mm,13,parsed,0.6,,BIGLOBE Arm Data,https://www7a.biglobe.ne.jp/~yosh/armdata.htm
2586,Saec,WE-8000/ST(circa 1984),product_lineage,,"Mirrored SAEC manuals index lists WE-8000 among SAEC tonearms, providing official-manual lineup support for the WE-8000/ST family row.",,WE-8000 listed in mirrored SAEC manuals index,parsed,0.6,Conservative official-manual lineup support for WE-8000/ST family row.,SAEC Manuals | Vinyl Engine,https://www.vinylengine.com/library/saec.shtml
271,Satin,AR-1/1M/1S,effective_length_mm,250.5,,mm,250.5,parsed,0.6,,BIGLOBE Arm Data,https://www7a.biglobe.ne.jp/~yosh/armdata.htm
1495,Satin,AR-1/1M/1S,null_alignment_type,,Other,,62.000 / 122.000 mm,derived,0.75,Backfilled from null-point pair proximity to reference alignments; nearest-reference distance 4.148 mm.,BIGLOBE Arm Data,https://www7a.biglobe.ne.jp/~yosh/armdata.htm
275,Satin,AR-1/1M/1S,null_point_inner_mm,62.0,,mm,62/122,parsed,0.6,,BIGLOBE Arm Data,https://www7a.biglobe.ne.jp/~yosh/armdata.htm
276,Satin,AR-1/1M/1S,null_point_outer_mm,122.0,,mm,62/122,parsed,0.6,,BIGLOBE Arm Data,https://www7a.biglobe.ne.jp/~yosh/armdata.htm
274,Satin,AR-1/1M/1S,null_points,,62/122,,62/122,parsed,0.6,,BIGLOBE Arm Data,https://www7a.biglobe.ne.jp/~yosh/armdata.htm
273,Satin,AR-1/1M/1S,offset_angle_deg,21.5,,deg,21.5,parsed,0.6,,BIGLOBE Arm Data,https://www7a.biglobe.ne.jp/~yosh/armdata.htm
272,Satin,AR-1/1M/1S,overhang_mm,15.5,,mm,15.5,parsed,0.6,,BIGLOBE Arm Data,https://www7a.biglobe.ne.jp/~yosh/armdata.htm
2680,Satin,AR-1/1M/1S,product_lineage,,"Satin is present in the Vinyl Engine manufacturer library, providing mirrored legacy manual/library support for the Satin tonearm family including AR-1, AR-1M, and AR-1S.",,Satin Vinyl Engine manufacturer library presence,parsed,0.6,Conservative manual-library family support for grouped legacy row.,Satin Manuals | Vinyl Engine,https://www.vinylengine.com/library/satin.shtml
2681,Satin,AR-1/1M/1S,product_lineage,,"Secondary patent-history coverage ties Japanese patent application 特開昭57-86104 to the Satin AR-1, AR-1M, and AR-1S series and describes the two-ball three-point support structure.",,Satin patent-history summary page,parsed,0.65,Supplemental family evidence only.,特許図に見る珍しいアーム,http://www7a.biglobe.ne.jp/~yosh/strangearms.htm
2408,Schick,Schick 10.5-inch Tonearm,anti_skating,,included,,All tonearms are equipped with an Antiskating mechanism,parsed,0.9,,Thomas Schick 12-inch tonearm official page,http://thomas-schick.com/en/produkte/12-schick-arm
2401,Schick,Schick 10.5-inch Tonearm,arm_size,,10.5-inch,,schick 10.5 – 270mm,parsed,0.9,,Thomas Schick FAQ,https://thomas-schick.com/en/faq
2404,Schick,Schick 10.5-inch Tonearm,bearing_type,,ball bearings with 0 µm positive and 7 µm negative tolerance,,The bearings in the Schick arms have a 0 µm positive tolerance and 7 µm negative tolerance,parsed,0.9,,Thomas Schick 12-inch tonearm official page,http://thomas-schick.com/en/produkte/12-schick-arm
2406,Schick,Schick 10.5-inch Tonearm,cartridge_range_high_g,40.0,,g,On the heavy side the limit is about 40 Gramm with a compliance of 5,parsed,0.9,,Thomas Schick FAQ,https://thomas-schick.com/en/faq
2405,Schick,Schick 10.5-inch Tonearm,cartridge_range_low_g,6.0,,g,suitable for any cartridge from about 6 Gramms,parsed,0.9,,Thomas Schick 12-inch tonearm official page,http://thomas-schick.com/en/produkte/12-schick-arm
2410,Schick,Schick 10.5-inch Tonearm,finish_options,,gold-plated shiny; black chrome matt; nickel palladium matt,,"Gold-plated, shiny; Black chrome, matt; Nickel Palladium, matt",parsed,0.9,,Thomas Schick 12-inch tonearm official page,http://thomas-schick.com/en/produkte/12-schick-arm
2409,Schick,Schick 10.5-inch Tonearm,headshell_type,,headshell not included; recommends graphite headshell,,A headshell is not included. I recommend to use my graphite headshell,parsed,0.9,,Thomas Schick 12-inch tonearm official page,http://thomas-schick.com/en/produkte/12-schick-arm
2402,Schick,Schick 10.5-inch Tonearm,mounting_distance_mm,270.0,,mm,schick 10.5 – 270mm,parsed,0.9,,Thomas Schick FAQ,https://thomas-schick.com/en/faq
2413,Schick,Schick 10.5-inch Tonearm,null_alignment_type,,Unknown,,Unknown,derived,0.4,Defaulted because the current source set does not explicitly specify a null alignment family.,Thomas Schick FAQ,https://thomas-schick.com/en/faq
2407,Schick,Schick 10.5-inch Tonearm,output_cable,,1.1 m fixed symmetrical cable with Neutrik RCA plugs or 5-pin tonearm connector,,"The tonearm includes ... fixed lowest resistance and capacitance, symmetrical cable with Neutrik RCA plugs. The cable is 1,1m long. Else you can choose a 5 pin tonearm connector",parsed,0.9,,Thomas Schick 12-inch tonearm official page,http://thomas-schick.com/en/produkte/12-schick-arm
2403,Schick,Schick 10.5-inch Tonearm,product_family,,Schick tonearm family includes 12-inch and 9.6-inch models on products page; FAQ additionally documents 10.5 mounting distance,,"Products page lists schick 12 and schick 9 - 9,6 inch tonearm; FAQ lists schick 10.5 – 270mm",parsed,0.9,,Thomas Schick products page,https://thomas-schick.com/en/produkte
2398,Schick,Schick 12-inch Tonearm,anti_skating,,included,,All tonearms are equipped with an Antiskating mechanism,parsed,0.9,,Thomas Schick 12-inch tonearm official page,http://thomas-schick.com/en/produkte/12-schick-arm
2390,Schick,Schick 12-inch Tonearm,arm_size,,12-inch,,schick 12 - 12 inch tonearm,parsed,0.9,,Thomas Schick 12-inch tonearm official page,http://thomas-schick.com/en/produkte/12-schick-arm
2394,Schick,Schick 12-inch Tonearm,bearing_type,,ball bearings with 0 µm positive and 7 µm negative tolerance,,The bearings in the Schick arms have a 0 µm positive tolerance and 7 µm negative tolerance,parsed,0.9,,Thomas Schick 12-inch tonearm official page,http://thomas-schick.com/en/produkte/12-schick-arm
2396,Schick,Schick 12-inch Tonearm,cartridge_range_high_g,40.0,,g,On the heavy side the limit is about 40 Gramm with a compliance of 5,parsed,0.9,,Thomas Schick FAQ,https://thomas-schick.com/en/faq
2395,Schick,Schick 12-inch Tonearm,cartridge_range_low_g,6.0,,g,suitable for any cartridge from about 6 Gramms,parsed,0.9,,Thomas Schick 12-inch tonearm official page,http://thomas-schick.com/en/produkte/12-schick-arm
2391,Schick,Schick 12-inch Tonearm,effective_length_mm,317.5,,mm,"R=r distance needle to tonearm turning point = eff length. 31,75 for 12 inch",parsed,0.9,,Thomas Schick FAQ,https://thomas-schick.com/en/faq
2400,Schick,Schick 12-inch Tonearm,finish_options,,gold-plated shiny; black chrome matt; nickel palladium matt,,"Gold-plated, shiny; Black chrome, matt; Nickel Palladium, matt",parsed,0.9,,Thomas Schick 12-inch tonearm official page,http://thomas-schick.com/en/produkte/12-schick-arm
2399,Schick,Schick 12-inch Tonearm,headshell_type,,headshell not included; recommends graphite headshell,,A headshell is not included. I recommend to use my graphite headshell,parsed,0.9,,Thomas Schick 12-inch tonearm official page,http://thomas-schick.com/en/produkte/12-schick-arm
2392,Schick,Schick 12-inch Tonearm,mounting_distance_mm,304.75,,mm,"schick 12 – 304,75mm or 12 inch",parsed,0.9,,Thomas Schick FAQ,https://thomas-schick.com/en/faq
2412,Schick,Schick 12-inch Tonearm,null_alignment_type,,Unknown,,Unknown,derived,0.4,Defaulted because the current source set does not explicitly specify a null alignment family.,Thomas Schick 12-inch tonearm official page,http://thomas-schick.com/en/produkte/12-schick-arm
2397,Schick,Schick 12-inch Tonearm,output_cable,,1.1 m fixed symmetrical cable with Neutrik RCA plugs or 5-pin tonearm connector,,"The tonearm includes ... fixed lowest resistance and capacitance, symmetrical cable with Neutrik RCA plugs. The cable is 1,1m long. Else you can choose a 5 pin tonearm connector",parsed,0.9,,Thomas Schick 12-inch tonearm official page,http://thomas-schick.com/en/produkte/12-schick-arm
2393,Schick,Schick 12-inch Tonearm,overhang_mm,12.75,,mm,Derived from official effective length 317.5 mm minus official mounting distance 304.75 mm,parsed,0.82,Derived from official Schick FAQ values.,Thomas Schick FAQ,https://thomas-schick.com/en/faq
1204,Schroeder,CB 9-inch,arm_mount,,24-25 mm hole with single M6 tapped hole,,24-25 mm mounting hole with single M6 tapped hole,parsed,0.85,,Schroeder CB Tonearm spec page,https://dohmannaudio.com/schroder-cb-tonearm/
2526,Schroeder,CB 9-inch,arm_mount,,23.5-25.4 mm hole with single M6 mounting screw,,"23,5 mm to 25,4 mm max hole plus single M6 mounting screw",parsed,0.75,CB manual mounting section lists Rega-sized mounting hole plus single M6 mounting screw.,Man_SCHRODER CB.cdr,https://audiokit.com.br/das/wp-content/uploads/2025/11/Man_SCHRODER-CB.pdf
1199,Schroeder,CB 9-inch,effective_length_mm,239.3,,mm,239.3 mm,parsed,0.85,,Schroeder CB Tonearm spec page,https://dohmannaudio.com/schroder-cb-tonearm/
2522,Schroeder,CB 9-inch,effective_length_mm,239.3,,mm,"239,3/282mm",parsed,0.8,CB manual general info lists effective length as 239.3 mm for the standard CB arm.,Man_SCHRODER CB.cdr,https://audiokit.com.br/das/wp-content/uploads/2025/11/Man_SCHRODER-CB.pdf
1203,Schroeder,CB 9-inch,effective_mass_g,14.0,,g,14 g with supplied cartridge mounting plate,parsed,0.85,,Schroeder CB Tonearm spec page,https://dohmannaudio.com/schroder-cb-tonearm/
2525,Schroeder,CB 9-inch,effective_mass_g,14.0,,g,Eff. mass with supplied cartridge mounting plate: 14gr,parsed,0.75,CB manual general info lists effective mass with supplied cartridge mounting plate as 14 g.,Man_SCHRODER CB.cdr,https://audiokit.com.br/das/wp-content/uploads/2025/11/Man_SCHRODER-CB.pdf
1200,Schroeder,CB 9-inch,mounting_distance_mm,222.0,,mm,222.0 mm,parsed,0.85,,Schroeder CB Tonearm spec page,https://dohmannaudio.com/schroder-cb-tonearm/
2523,Schroeder,CB 9-inch,mounting_distance_mm,222.0,,mm,"222mm/267,5mm",parsed,0.8,CB manual mounting section and general info list pivot-to-spindle distance as 222 mm for the standard CB arm.,Man_SCHRODER CB.cdr,https://audiokit.com.br/das/wp-content/uploads/2025/11/Man_SCHRODER-CB.pdf
1649,Schroeder,CB 9-inch,null_alignment_type,,Baewald,,65.895 / 121.109 mm,derived,0.85,"Backfilled from derived null points using effective length, mounting distance/overhang, and offset angle; nearest-reference distance 0.233 mm.",Man_SCHRODER CB.cdr,https://audiokit.com.br/das/wp-content/uploads/2025/11/Man_SCHRODER-CB.pdf
1202,Schroeder,CB 9-inch,offset_angle_deg,23.0,,deg,23 degrees,parsed,0.85,,Schroeder CB Tonearm spec page,https://dohmannaudio.com/schroder-cb-tonearm/
2524,Schroeder,CB 9-inch,offset_angle_deg,23.0,,deg,23°,parsed,0.8,CB manual general info lists offset angle as 23 degrees for the standard CB arm.,Man_SCHRODER CB.cdr,https://audiokit.com.br/das/wp-content/uploads/2025/11/Man_SCHRODER-CB.pdf
1201,Schroeder,CB 9-inch,overhang_mm,17.3,,mm,17.3 mm,parsed,0.85,,Schroeder CB Tonearm spec page,https://dohmannaudio.com/schroder-cb-tonearm/
1210,Schroeder,CB-L 12-inch,arm_mount,,24-25 mm hole with single M6 tapped hole,,24-25 mm mounting hole with single M6 tapped hole,parsed,0.85,,Schroeder CB Tonearm spec page,https://dohmannaudio.com/schroder-cb-tonearm/
2531,Schroeder,CB-L 12-inch,arm_mount,,23.5-25.4 mm hole with single M6 mounting screw,,"23,5 mm to 25,4 mm max hole plus single M6 mounting screw",parsed,0.75,CB manual mounting section lists Rega-sized mounting hole plus single M6 mounting screw.,Man_SCHRODER CB.cdr,https://audiokit.com.br/das/wp-content/uploads/2025/11/Man_SCHRODER-CB.pdf
1205,Schroeder,CB-L 12-inch,effective_length_mm,282.0,,mm,282.0 mm,parsed,0.85,,Schroeder CB Tonearm spec page,https://dohmannaudio.com/schroder-cb-tonearm/
2527,Schroeder,CB-L 12-inch,effective_length_mm,282.0,,mm,"239,3/282mm",parsed,0.8,CB manual general info lists effective length as 282 mm for the CB-L.,Man_SCHRODER CB.cdr,https://audiokit.com.br/das/wp-content/uploads/2025/11/Man_SCHRODER-CB.pdf
1209,Schroeder,CB-L 12-inch,effective_mass_g,18.0,,g,18 g with supplied cartridge mounting plate,parsed,0.85,,Schroeder CB Tonearm spec page,https://dohmannaudio.com/schroder-cb-tonearm/
2530,Schroeder,CB-L 12-inch,effective_mass_g,17.0,,g,regular CB-L models are 3gr heavier,parsed,0.7,"CB manual states regular CB-L models are 3 g heavier than the standard 14 g CB, implying about 17 g effective mass with supplied plate.",Man_SCHRODER CB.cdr,https://audiokit.com.br/das/wp-content/uploads/2025/11/Man_SCHRODER-CB.pdf
1206,Schroeder,CB-L 12-inch,mounting_distance_mm,267.5,,mm,267.5 mm,parsed,0.85,,Schroeder CB Tonearm spec page,https://dohmannaudio.com/schroder-cb-tonearm/
2528,Schroeder,CB-L 12-inch,mounting_distance_mm,267.5,,mm,"222mm/267,5mm",parsed,0.8,CB manual mounting section and general info list pivot-to-spindle distance as 267.5 mm for the CB-L.,Man_SCHRODER CB.cdr,https://audiokit.com.br/das/wp-content/uploads/2025/11/Man_SCHRODER-CB.pdf
1650,Schroeder,CB-L 12-inch,null_alignment_type,,Baewald,,65.819 / 121.056 mm,derived,0.85,"Backfilled from derived null points using effective length, mounting distance/overhang, and offset angle; nearest-reference distance 0.239 mm.",Man_SCHRODER CB.cdr,https://audiokit.com.br/das/wp-content/uploads/2025/11/Man_SCHRODER-CB.pdf
1208,Schroeder,CB-L 12-inch,offset_angle_deg,19.35,,deg,19.35 degrees,parsed,0.85,,Schroeder CB Tonearm spec page,https://dohmannaudio.com/schroder-cb-tonearm/
2529,Schroeder,CB-L 12-inch,offset_angle_deg,19.35,,deg,"19,35°",parsed,0.8,CB manual general info lists offset angle as 19.35 degrees for the CB-L.,Man_SCHRODER CB.cdr,https://audiokit.com.br/das/wp-content/uploads/2025/11/Man_SCHRODER-CB.pdf
1207,Schroeder,CB-L 12-inch,overhang_mm,14.52,,mm,14.52 mm,parsed,0.85,,Schroeder CB Tonearm spec page,https://dohmannaudio.com/schroder-cb-tonearm/
1390,Schroeder,DPS,arm_mount,,24-26 mm hole / M6 mounting screw,,24-26 mm hole plus M6 mounting screw,parsed,0.9,,Schroeder DPS official manual,http://www.schroeder-tonarme.de/dps-deutsch.html
1389,Schroeder,DPS,mounting_distance_mm,222.0,,mm,222 mm spindle to pivot,parsed,0.9,,Schroeder DPS official manual,http://www.schroeder-tonarme.de/dps-deutsch.html
1674,Schroeder,DPS,null_alignment_type,,Unknown,,Unknown,derived,0.4,Defaulted because the current source set does not explicitly specify a null alignment family.,Schroeder DPS official manual,http://www.schroeder-tonarme.de/dps-deutsch.html
1391,Schroeder,DPS,null_point_inner_mm,66.0,,mm,66 mm inner zero point on proper alignment template,parsed,0.7,Manual setup guidance; outer null point not explicitly stated on this page.,Schroeder DPS official manual,http://www.schroeder-tonarme.de/dps-deutsch.html
1385,Schroeder,Model 2,arm_mount,,20-23 mm hole / 3 x M4 screws,,20-23 mm hole plus three tapped holes for non-magnetic M4 mounting screws,parsed,0.9,,Schroeder Model 2 official manual,http://www.schroeder-tonarme.de/no2-english.html
1384,Schroeder,Model 2,mounting_distance_mm,230.0,,mm,230 mm pivot to spindle,parsed,0.9,,Schroeder Model 2 official manual,http://www.schroeder-tonarme.de/no2-english.html
1673,Schroeder,Model 2,null_alignment_type,,Baewald,,66.040 / 120.900 mm,derived,0.9,Backfilled from null-point pair proximity to reference alignments; nearest-reference distance 0.040 mm.,Schroeder Model 2 official manual,http://www.schroeder-tonarme.de/no2-english.html
1386,Schroeder,Model 2,null_point_inner_mm,66.04,,mm,66.04 mm inner zero point with proper alignment gauge,parsed,0.75,Manual alignment recommendation rather than fixed factory geometry.,Schroeder Model 2 official manual,http://www.schroeder-tonarme.de/no2-english.html
1387,Schroeder,Model 2,null_point_outer_mm,120.9,,mm,120.9 mm outer zero point with proper alignment gauge,parsed,0.75,Manual alignment recommendation rather than fixed factory geometry.,Schroeder Model 2 official manual,http://www.schroeder-tonarme.de/no2-english.html
1388,Schroeder,Model 2,null_points,,66.04 / 120.9,,66.04 mm / 120.9 mm with proper alignment gauge,parsed,0.75,Manual alignment recommendation rather than fixed factory geometry.,Schroeder Model 2 official manual,http://www.schroeder-tonarme.de/no2-english.html
619,Schroeder,Model 2 and Model DPS,effective_length_mm,239.3,,mm,239.3,parsed,0.6,,BIGLOBE Arm Data,https://www7a.biglobe.ne.jp/~yosh/armdata.htm
1553,Schroeder,Model 2 and Model DPS,null_alignment_type,,Baewald,,66.000 / 121.000 mm,derived,0.85,Backfilled from null-point pair proximity to reference alignments; nearest-reference distance 0.100 mm.,BIGLOBE Arm Data,https://www7a.biglobe.ne.jp/~yosh/armdata.htm
623,Schroeder,Model 2 and Model DPS,null_point_inner_mm,66.0,,mm,66/121,parsed,0.6,,BIGLOBE Arm Data,https://www7a.biglobe.ne.jp/~yosh/armdata.htm
624,Schroeder,Model 2 and Model DPS,null_point_outer_mm,121.0,,mm,66/121,parsed,0.6,,BIGLOBE Arm Data,https://www7a.biglobe.ne.jp/~yosh/armdata.htm
622,Schroeder,Model 2 and Model DPS,null_points,,66/121,,66/121,parsed,0.6,,BIGLOBE Arm Data,https://www7a.biglobe.ne.jp/~yosh/armdata.htm
621,Schroeder,Model 2 and Model DPS,offset_angle_deg,23.0,,deg,23,parsed,0.6,,BIGLOBE Arm Data,https://www7a.biglobe.ne.jp/~yosh/armdata.htm
620,Schroeder,Model 2 and Model DPS,overhang_mm,17.3,,mm,17.3,parsed,0.6,,BIGLOBE Arm Data,https://www7a.biglobe.ne.jp/~yosh/armdata.htm
2532,Schroeder,Model 2 and Model DPS,product_family,,"Official Schroeder manuals page links both No2 english and DPS deutsch setup documents, corroborating the grouped Model 2 / DPS legacy row.",,No2 english; DPS deutsch,parsed,0.75,Official manuals index page confirms both model families are represented in Schroeder documentation.,Anleitungen/manuals,http://www.schroeder-tonarme.de/anleitungen-manuals.html
1136,Schroeder,Reference,arm_mount,,Dual M4 mounting scheme,,M4 mounting holes with nominal 222 mm spindle distance and 18-20 degree placement guidance,parsed,0.8,,Schroeder Reference official mounting schematic,http://schroeder-tonarme.de/ref-mounting-scheme.html
1392,Schroeder,Reference,effective_mass_g,,5-35,g,eff. Masse (5 – 35gr),raw_only,0.8,Official page states variable effective mass range depending on chosen arm tube parameters.,Schroeder Reference official info page,http://www.schroeder-tonarme.de/referenz-sq-info.html
1135,Schroeder,Reference,mounting_distance_mm,222.0,,mm,222 mm nominal spindle to center-of-arm-base distance,parsed,0.85,,Schroeder Reference official mounting schematic,http://schroeder-tonarme.de/ref-mounting-scheme.html
1637,Schroeder,Reference,null_alignment_type,,Unknown,,Unknown,derived,0.4,Defaulted because the current source set does not explicitly specify a null alignment family.,Schroeder Reference official mounting schematic,http://schroeder-tonarme.de/ref-mounting-scheme.html
2499,Sony,PUA-1600S,cartridge_range_high_g,18.0,,g,4g ~ 18g,parsed,0.75,Historical Sony specification page lists usable cartridge weight range as 4-18 g.,SONY PUA-1600S/PUA-1600L Specifications SONY,https://audio-database.com/SONY-ESPRIT/etc/pua-1600.html
2498,Sony,PUA-1600S,cartridge_range_low_g,4.0,,g,4g ~ 18g,parsed,0.75,Historical Sony specification page lists usable cartridge weight range as 4-18 g.,SONY PUA-1600S/PUA-1600L Specifications SONY,https://audio-database.com/SONY-ESPRIT/etc/pua-1600.html
289,Sony,PUA-1600S,effective_length_mm,237.0,,mm,237,parsed,0.6,,BIGLOBE Arm Data,https://www7a.biglobe.ne.jp/~yosh/armdata.htm
2496,Sony,PUA-1600S,effective_length_mm,237.0,,mm,PUA-1600S:237mm(320mm),parsed,0.8,Historical Sony specification page lists PUA-1600S effective length as 237 mm.,SONY PUA-1600S/PUA-1600L Specifications SONY,https://audio-database.com/SONY-ESPRIT/etc/pua-1600.html
1498,Sony,PUA-1600S,null_alignment_type,,Other,,61.000 / 113.000 mm,derived,0.75,Backfilled from null-point pair proximity to reference alignments; nearest-reference distance 4.471 mm.,BIGLOBE Arm Data,https://www7a.biglobe.ne.jp/~yosh/armdata.htm
293,Sony,PUA-1600S,null_point_inner_mm,61.0,,mm,61/113,parsed,0.6,,BIGLOBE Arm Data,https://www7a.biglobe.ne.jp/~yosh/armdata.htm
294,Sony,PUA-1600S,null_point_outer_mm,113.0,,mm,61/113,parsed,0.6,,BIGLOBE Arm Data,https://www7a.biglobe.ne.jp/~yosh/armdata.htm
292,Sony,PUA-1600S,null_points,,61/113,,61/113,parsed,0.6,,BIGLOBE Arm Data,https://www7a.biglobe.ne.jp/~yosh/armdata.htm
291,Sony,PUA-1600S,offset_angle_deg,21.5,,deg,21.5,parsed,0.6,,BIGLOBE Arm Data,https://www7a.biglobe.ne.jp/~yosh/armdata.htm
2497,Sony,PUA-1600S,overall_length_mm,320.0,,mm,PUA-1600S:237mm(320mm),parsed,0.8,Historical Sony specification page lists PUA-1600S total length as 320 mm.,SONY PUA-1600S/PUA-1600L Specifications SONY,https://audio-database.com/SONY-ESPRIT/etc/pua-1600.html
290,Sony,PUA-1600S,overhang_mm,15.0,,mm,15,parsed,0.6,,BIGLOBE Arm Data,https://www7a.biglobe.ne.jp/~yosh/armdata.htm
277,Sony,PUA-237 & PUA-1500S,effective_length_mm,237.0,,mm,237,parsed,0.6,,BIGLOBE Arm Data,https://www7a.biglobe.ne.jp/~yosh/armdata.htm
1496,Sony,PUA-237 & PUA-1500S,null_alignment_type,,Other,,56.000 / 124.000 mm,derived,0.75,Backfilled from null-point pair proximity to reference alignments; nearest-reference distance 7.874 mm.,BIGLOBE Arm Data,https://www7a.biglobe.ne.jp/~yosh/armdata.htm
281,Sony,PUA-237 & PUA-1500S,null_point_inner_mm,56.0,,mm,56/124,parsed,0.6,,BIGLOBE Arm Data,https://www7a.biglobe.ne.jp/~yosh/armdata.htm
282,Sony,PUA-237 & PUA-1500S,null_point_outer_mm,124.0,,mm,56/124,parsed,0.6,,BIGLOBE Arm Data,https://www7a.biglobe.ne.jp/~yosh/armdata.htm
280,Sony,PUA-237 & PUA-1500S,null_points,,56/124,,56/124,parsed,0.6,,BIGLOBE Arm Data,https://www7a.biglobe.ne.jp/~yosh/armdata.htm
279,Sony,PUA-237 & PUA-1500S,offset_angle_deg,22.22,,deg,22.22,parsed,0.6,,BIGLOBE Arm Data,https://www7a.biglobe.ne.jp/~yosh/armdata.htm
278,Sony,PUA-237 & PUA-1500S,overhang_mm,15.0,,mm,15,parsed,0.6,,BIGLOBE Arm Data,https://www7a.biglobe.ne.jp/~yosh/armdata.htm
2494,Sony,PUA-237 & PUA-1500S,product_lineage,,"PUA-1500S short variant documented at 237 mm effective length, 15 mm overhang, and 22°13' offset angle.",,PUA-1500S:237mm / 15mm / 22°13',parsed,0.7,Historical Sony specification page documents later PUA-1500S member represented inside this grouped legacy short-arm row.,SONY PUA-1500S/PUA-1500L Specifications,https://audio-heritage.jp/SONY-ESPRIT/etc/pua-1500.html
283,Sony,PUA-286 & PUA-1500L,effective_length_mm,286.0,,mm,286,parsed,0.6,,BIGLOBE Arm Data,https://www7a.biglobe.ne.jp/~yosh/armdata.htm
1497,Sony,PUA-286 & PUA-1500L,null_alignment_type,,Other,,58.000 / 125.000 mm,derived,0.75,Backfilled from null-point pair proximity to reference alignments; nearest-reference distance 7.929 mm.,BIGLOBE Arm Data,https://www7a.biglobe.ne.jp/~yosh/armdata.htm
287,Sony,PUA-286 & PUA-1500L,null_point_inner_mm,58.0,,mm,58/125,parsed,0.6,,BIGLOBE Arm Data,https://www7a.biglobe.ne.jp/~yosh/armdata.htm
288,Sony,PUA-286 & PUA-1500L,null_point_outer_mm,125.0,,mm,58/125,parsed,0.6,,BIGLOBE Arm Data,https://www7a.biglobe.ne.jp/~yosh/armdata.htm
286,Sony,PUA-286 & PUA-1500L,null_points,,58/125,,58/125,parsed,0.6,,BIGLOBE Arm Data,https://www7a.biglobe.ne.jp/~yosh/armdata.htm
285,Sony,PUA-286 & PUA-1500L,offset_angle_deg,18.65,,deg,18.65,parsed,0.6,,BIGLOBE Arm Data,https://www7a.biglobe.ne.jp/~yosh/armdata.htm
284,Sony,PUA-286 & PUA-1500L,overhang_mm,13.0,,mm,13,parsed,0.6,,BIGLOBE Arm Data,https://www7a.biglobe.ne.jp/~yosh/armdata.htm
2495,Sony,PUA-286 & PUA-1500L,product_lineage,,"PUA-1500L long variant documented at 286 mm effective length, 13 mm overhang, and 18°39' offset angle.",,PUA-1500L:286mm / 13mm / 18°39',parsed,0.7,Historical Sony specification page documents later PUA-1500L member represented inside this grouped legacy long-arm row.,SONY PUA-1500S/PUA-1500L Specifications,https://audio-heritage.jp/SONY-ESPRIT/etc/pua-1500.html
2489,Sony,PUA-7,cartridge_range_high_g,19.5,,g,11.0-19.5 g including shell,parsed,0.75,Manual specification page lists cartridge weight range including shell as 11.0-19.5 g before extra weight range.,Sony PS-X70 Owner's Instruction Manual,https://www.manualslib.com/manual/4267527/Sony-Ps-X70.html?page=12#manual
2488,Sony,PUA-7,cartridge_range_low_g,11.0,,g,11.0-19.5 g including shell,parsed,0.75,Manual specification page lists cartridge weight range including shell as 11.0-19.5 g before extra weight range.,Sony PS-X70 Owner's Instruction Manual,https://www.manualslib.com/manual/4267527/Sony-Ps-X70.html?page=12#manual
295,Sony,PUA-7,effective_length_mm,235.0,,mm,235,parsed,0.6,,BIGLOBE Arm Data,https://www7a.biglobe.ne.jp/~yosh/armdata.htm
2486,Sony,PUA-7,effective_length_mm,235.0,,mm,235 mm (9 1/4 in.),parsed,0.85,Manual specification page lists pivot-to-stylus length as 235 mm.,Sony PS-X70 Owner's Instruction Manual,https://www.manualslib.com/manual/4267527/Sony-Ps-X70.html?page=12#manual
1499,Sony,PUA-7,null_alignment_type,,Other,,58.000 / 111.000 mm,derived,0.75,Backfilled from null-point pair proximity to reference alignments; nearest-reference distance 6.828 mm.,BIGLOBE Arm Data,https://www7a.biglobe.ne.jp/~yosh/armdata.htm
299,Sony,PUA-7,null_point_inner_mm,58.0,,mm,58/111,parsed,0.6,,BIGLOBE Arm Data,https://www7a.biglobe.ne.jp/~yosh/armdata.htm
300,Sony,PUA-7,null_point_outer_mm,111.0,,mm,58/111,parsed,0.6,,BIGLOBE Arm Data,https://www7a.biglobe.ne.jp/~yosh/armdata.htm
298,Sony,PUA-7,null_points,,58/111,,58/111,parsed,0.6,,BIGLOBE Arm Data,https://www7a.biglobe.ne.jp/~yosh/armdata.htm
297,Sony,PUA-7,offset_angle_deg,21.0,,deg,21,parsed,0.6,,BIGLOBE Arm Data,https://www7a.biglobe.ne.jp/~yosh/armdata.htm
296,Sony,PUA-7,overhang_mm,14.0,,mm,14,parsed,0.6,,BIGLOBE Arm Data,https://www7a.biglobe.ne.jp/~yosh/armdata.htm
2487,Sony,PUA-7,overhang_mm,14.0,,mm,14 mm,parsed,0.85,Manual specification page lists overhang as 14 mm.,Sony PS-X70 Owner's Instruction Manual,https://www.manualslib.com/manual/4267527/Sony-Ps-X70.html?page=12#manual
2493,Sony,PUA-9,cartridge_range_high_g,18.5,,g,10.5-18.5 g with small counterweight,parsed,0.8,Service manual specification page lists small-counterweight cartridge range as 10.5-18.5 g.,Sony PS-X9 Service Manual,https://www.manualslib.com/manual/4203633/Sony-Ps-X9.html?page=1#manual
2492,Sony,PUA-9,cartridge_range_low_g,10.5,,g,10.5-18.5 g with small counterweight,parsed,0.8,Service manual specification page lists small-counterweight cartridge range as 10.5-18.5 g.,Sony PS-X9 Service Manual,https://www.manualslib.com/manual/4203633/Sony-Ps-X9.html?page=1#manual
301,Sony,PUA-9,effective_length_mm,264.0,,mm,264,parsed,0.6,,BIGLOBE Arm Data,https://www7a.biglobe.ne.jp/~yosh/armdata.htm
2490,Sony,PUA-9,effective_length_mm,264.0,,mm,264 mm (10 3/8 inches),parsed,0.85,Service manual specification page lists pivot-to-stylus length as 264 mm.,Sony PS-X9 Service Manual,https://www.manualslib.com/manual/4203633/Sony-Ps-X9.html?page=1#manual
1500,Sony,PUA-9,null_alignment_type,,Other,,59.000 / 121.000 mm,derived,0.75,Backfilled from null-point pair proximity to reference alignments; nearest-reference distance 3.817 mm.,BIGLOBE Arm Data,https://www7a.biglobe.ne.jp/~yosh/armdata.htm
305,Sony,PUA-9,null_point_inner_mm,59.0,,mm,59/121,parsed,0.6,,BIGLOBE Arm Data,https://www7a.biglobe.ne.jp/~yosh/armdata.htm
306,Sony,PUA-9,null_point_outer_mm,121.0,,mm,59/121,parsed,0.6,,BIGLOBE Arm Data,https://www7a.biglobe.ne.jp/~yosh/armdata.htm
304,Sony,PUA-9,null_points,,59/121,,59/121,parsed,0.6,,BIGLOBE Arm Data,https://www7a.biglobe.ne.jp/~yosh/armdata.htm
303,Sony,PUA-9,offset_angle_deg,20.0,,deg,20,parsed,0.6,,BIGLOBE Arm Data,https://www7a.biglobe.ne.jp/~yosh/armdata.htm
302,Sony,PUA-9,overhang_mm,14.0,,mm,14,parsed,0.6,,BIGLOBE Arm Data,https://www7a.biglobe.ne.jp/~yosh/armdata.htm
2491,Sony,PUA-9,overhang_mm,14.0,,mm,14 mm,parsed,0.85,Service manual specification page lists overhang as 14 mm.,Sony PS-X9 Service Manual,https://www.manualslib.com/manual/4203633/Sony-Ps-X9.html?page=1#manual
772,Sorane,SA-1.2,arm_mount,,Pivot-to-spindle 223 mm; cartridge+headshell range 15-45 g,,223 mm practical length,parsed,0.8,,Sorane SA-1.2 instructions,https://www.manualslib.com/manual/1657349/Sorane-Sa-1-2.html
1439,Sorane,SA-1.2,arm_mount,,22 mm center hole / 3 x 3.5 mm base screws,,Drill one 22 mm hole for tonearm shaft access and three 3.5 mm holes for base fixing screws,parsed,0.9,,Sorane SA-1.2 official manual,https://youtek.jp/pdf/manual/manual_sorane_sa12_201911.pdf
1438,Sorane,SA-1.2,cartridge_range_high_g,45.0,,g,Cartridge plus Headshell weight range 15-45 g,parsed,0.95,,Sorane SA-1.2 official manual,https://youtek.jp/pdf/manual/manual_sorane_sa12_201911.pdf
773,Sorane,SA-1.2,cartridge_range_low_g,,15-45 g including headshell,,15-45 g cartridge plus headshell weight range,raw_only,0.7,Exact cartridge-only range not stated.,Sorane SA-1.2 instructions,https://www.manualslib.com/manual/1657349/Sorane-Sa-1-2.html
1437,Sorane,SA-1.2,cartridge_range_low_g,15.0,,g,Cartridge plus Headshell weight range 15-45 g,parsed,0.95,,Sorane SA-1.2 official manual,https://youtek.jp/pdf/manual/manual_sorane_sa12_201911.pdf
768,Sorane,SA-1.2,effective_length_mm,239.0,,mm,239 mm,parsed,0.9,,Sorane SA-1.2 instructions,https://www.manualslib.com/manual/1657349/Sorane-Sa-1-2.html
1433,Sorane,SA-1.2,effective_length_mm,239.0,,mm,Effective Length (Tonearm pivot to cartridge stylus) 239 mm,parsed,0.95,,Sorane SA-1.2 official manual,https://youtek.jp/pdf/manual/manual_sorane_sa12_201911.pdf
771,Sorane,SA-1.2,mounting_distance_mm,223.0,,mm,223 mm practical length,parsed,0.9,,Sorane SA-1.2 instructions,https://www.manualslib.com/manual/1657349/Sorane-Sa-1-2.html
1434,Sorane,SA-1.2,mounting_distance_mm,223.0,,mm,Practical Length (Tonearm pivot to spindle) 223 mm,parsed,0.95,,Sorane SA-1.2 official manual,https://youtek.jp/pdf/manual/manual_sorane_sa12_201911.pdf
1577,Sorane,SA-1.2,null_alignment_type,,Other,,62.253 / 118.741 mm,derived,0.65,"Backfilled from derived null points using effective length, mounting distance/overhang, and offset angle; nearest-reference distance 2.337 mm.",Sorane SA-1.2 official manual,https://youtek.jp/pdf/manual/manual_sorane_sa12_201911.pdf
770,Sorane,SA-1.2,offset_angle_deg,22.25,,deg,22.25°,parsed,0.9,,Sorane SA-1.2 instructions,https://www.manualslib.com/manual/1657349/Sorane-Sa-1-2.html
1436,Sorane,SA-1.2,offset_angle_deg,22.25,,deg,Offset angle 22.25°,parsed,0.95,,Sorane SA-1.2 official manual,https://youtek.jp/pdf/manual/manual_sorane_sa12_201911.pdf
769,Sorane,SA-1.2,overhang_mm,16.0,,mm,16 mm,parsed,0.9,,Sorane SA-1.2 instructions,https://www.manualslib.com/manual/1657349/Sorane-Sa-1-2.html
1435,Sorane,SA-1.2,overhang_mm,16.0,,mm,Overhang 16 mm,parsed,0.95,,Sorane SA-1.2 official manual,https://youtek.jp/pdf/manual/manual_sorane_sa12_201911.pdf
2734,Sorane,TA-1,anti_skating,,up to 3 g,g,Antiskating up to 3 g,parsed,0.9,Official manual specification for TA-1.,Sorane TA-1 instructions,https://youtek.jp/pdf/manual/manual_sorane_ta1_201911.pdf
2735,Sorane,TA-1,arm_lead_wire,,OFC 4N Copper AWG30,,Tonearm Audio Lead wire OFC 4N Copper AWG30,parsed,0.9,Official manual specification for TA-1.,Sorane TA-1 instructions,https://youtek.jp/pdf/manual/manual_sorane_ta1_201911.pdf
2737,Sorane,TA-1,arm_mount,,22 mm center hole and three 3.5 mm fixing holes,,Drill a 22 mm hole and three 3.5 mm hole,parsed,0.9,Official mounting instructions for TA-1.,Sorane TA-1 instructions,https://youtek.jp/pdf/manual/manual_sorane_ta1_201911.pdf
2738,Sorane,TA-1,azimuth_adjustment,,Yes,,Sorane tonearms come with azimuth adjustable headshells,parsed,0.9,Official manual adjustment note.,Sorane TA-1 instructions,https://youtek.jp/pdf/manual/manual_sorane_ta1_201911.pdf
2732,Sorane,TA-1,cartridge_weight_range_g,,15-32 g with headshell,g,Cartridge weight range 15-32 g with headshell,parsed,0.9,Official manual specification for TA-1.,Sorane TA-1 instructions,https://youtek.jp/pdf/manual/manual_sorane_ta1_201911.pdf
2728,Sorane,TA-1,effective_length_mm,232.0,,mm,Stylus to pivot distance 232 mm,parsed,0.95,Official manual specification for TA-1.,Sorane TA-1 instructions,https://youtek.jp/pdf/manual/manual_sorane_ta1_201911.pdf
2736,Sorane,TA-1,headshell_lead_wire,,Copper,,Headshell lead wire Copper,parsed,0.9,Official manual specification for TA-1.,Sorane TA-1 instructions,https://youtek.jp/pdf/manual/manual_sorane_ta1_201911.pdf
2729,Sorane,TA-1,mounting_distance_mm,216.0,,mm,Spindle to pivot distance 216 mm,parsed,0.95,Official manual specification for TA-1.,Sorane TA-1 instructions,https://youtek.jp/pdf/manual/manual_sorane_ta1_201911.pdf
2739,Sorane,TA-1,null_alignment_type,,Other,,67.284 / 106.533 mm,derived,0.65,"Backfilled from derived null points using effective length, mounting distance/overhang, and offset angle; nearest-reference distance 10.509 mm.",Sorane TA-1 instructions,https://youtek.jp/pdf/manual/manual_sorane_ta1_201911.pdf
2731,Sorane,TA-1,offset_angle_deg,22.0,,deg,Offset angle 22°,parsed,0.95,Official manual specification for TA-1.,Sorane TA-1 instructions,https://youtek.jp/pdf/manual/manual_sorane_ta1_201911.pdf
2730,Sorane,TA-1,overhang_mm,16.0,,mm,Overhang 16 mm,parsed,0.95,Official manual specification for TA-1.,Sorane TA-1 instructions,https://youtek.jp/pdf/manual/manual_sorane_ta1_201911.pdf
2733,Sorane,TA-1,total_mass_g,580.0,,g,Total weight 580 g,parsed,0.9,Official manual specification for TA-1.,Sorane TA-1 instructions,https://youtek.jp/pdf/manual/manual_sorane_ta1_201911.pdf
307,Sound,ST-14 with slide base & ST-14S(standard) without slide base (same geometry as Guya STO-140). Distance 237 was wrongly quoted as effective length. Similar misleading description is repeated in Japan due to language and preference (bad practice) of indicating mounting distance for exchanging arms. For example: Catalogs from 1980s quoted 227mm for Stax short arms and 300mm for Stax long arms.,effective_length_mm,251.0,,mm,"251 (237 should be distance). When effective lateral length is 237mm, then error angle +1.5 degree/-1 degree as mentioned in leaflet cannot be obtained.",parsed,0.6,,BIGLOBE Arm Data,https://www7a.biglobe.ne.jp/~yosh/armdata.htm
1501,Sound,ST-14 with slide base & ST-14S(standard) without slide base (same geometry as Guya STO-140). Distance 237 was wrongly quoted as effective length. Similar misleading description is repeated in Japan due to language and preference (bad practice) of indicating mounting distance for exchanging arms. For example: Catalogs from 1980s quoted 227mm for Stax short arms and 300mm for Stax long arms.,null_alignment_type,,Other,,63.000 / 109.000 mm,derived,0.75,Backfilled from null-point pair proximity to reference alignments; nearest-reference distance 8.835 mm.,BIGLOBE Arm Data,https://www7a.biglobe.ne.jp/~yosh/armdata.htm
311,Sound,ST-14 with slide base & ST-14S(standard) without slide base (same geometry as Guya STO-140). Distance 237 was wrongly quoted as effective length. Similar misleading description is repeated in Japan due to language and preference (bad practice) of indicating mounting distance for exchanging arms. For example: Catalogs from 1980s quoted 227mm for Stax short arms and 300mm for Stax long arms.,null_point_inner_mm,63.0,,mm,63/109,parsed,0.6,,BIGLOBE Arm Data,https://www7a.biglobe.ne.jp/~yosh/armdata.htm
312,Sound,ST-14 with slide base & ST-14S(standard) without slide base (same geometry as Guya STO-140). Distance 237 was wrongly quoted as effective length. Similar misleading description is repeated in Japan due to language and preference (bad practice) of indicating mounting distance for exchanging arms. For example: Catalogs from 1980s quoted 227mm for Stax short arms and 300mm for Stax long arms.,null_point_outer_mm,109.0,,mm,63/109,parsed,0.6,,BIGLOBE Arm Data,https://www7a.biglobe.ne.jp/~yosh/armdata.htm
310,Sound,ST-14 with slide base & ST-14S(standard) without slide base (same geometry as Guya STO-140). Distance 237 was wrongly quoted as effective length. Similar misleading description is repeated in Japan due to language and preference (bad practice) of indicating mounting distance for exchanging arms. For example: Catalogs from 1980s quoted 227mm for Stax short arms and 300mm for Stax long arms.,null_points,,63/109,,63/109,parsed,0.6,,BIGLOBE Arm Data,https://www7a.biglobe.ne.jp/~yosh/armdata.htm
309,Sound,ST-14 with slide base & ST-14S(standard) without slide base (same geometry as Guya STO-140). Distance 237 was wrongly quoted as effective length. Similar misleading description is repeated in Japan due to language and preference (bad practice) of indicating mounting distance for exchanging arms. For example: Catalogs from 1980s quoted 227mm for Stax short arms and 300mm for Stax long arms.,offset_angle_deg,20.0,,deg,20,parsed,0.6,,BIGLOBE Arm Data,https://www7a.biglobe.ne.jp/~yosh/armdata.htm
308,Sound,ST-14 with slide base & ST-14S(standard) without slide base (same geometry as Guya STO-140). Distance 237 was wrongly quoted as effective length. Similar misleading description is repeated in Japan due to language and preference (bad practice) of indicating mounting distance for exchanging arms. For example: Catalogs from 1980s quoted 227mm for Stax short arms and 300mm for Stax long arms.,overhang_mm,14.0,,mm,14,parsed,0.6,,BIGLOBE Arm Data,https://www7a.biglobe.ne.jp/~yosh/armdata.htm
2658,Sound,ST-14 with slide base & ST-14S(standard) without slide base (same geometry as Guya STO-140). Distance 237 was wrongly quoted as effective length. Similar misleading description is repeated in Japan due to language and preference (bad practice) of indicating mounting distance for exchanging arms. For example: Catalogs from 1980s quoted 227mm for Stax short arms and 300mm for Stax long arms.,product_lineage,,Official historical specifications document Tokyo Sound ST-14 and ST-14S as 14-inch stereo tonearms distinguished by slide-base versus standard-base implementations.,,Tokyo Sound ST-14/ST-14S historical specifications,parsed,0.85,Official exact grouped support.,TOKYO SOUND ST-14/ST-14Sの仕様 東京サウンド,https://audio-heritage.jp/TOKYOSOUND/etc/st-14.html
319,Stax,UA-7/7N/7cfN/9N,effective_length_mm,240.0,,mm,240,parsed,0.6,,BIGLOBE Arm Data,https://www7a.biglobe.ne.jp/~yosh/armdata.htm
1503,Stax,UA-7/7N/7cfN/9N,null_alignment_type,,Other,,56.000 / 108.000 mm,derived,0.75,Backfilled from null-point pair proximity to reference alignments; nearest-reference distance 10.365 mm.,BIGLOBE Arm Data,https://www7a.biglobe.ne.jp/~yosh/armdata.htm
323,Stax,UA-7/7N/7cfN/9N,null_point_inner_mm,56.0,,mm,56/108,parsed,0.6,,BIGLOBE Arm Data,https://www7a.biglobe.ne.jp/~yosh/armdata.htm
324,Stax,UA-7/7N/7cfN/9N,null_point_outer_mm,108.0,,mm,56/108,parsed,0.6,,BIGLOBE Arm Data,https://www7a.biglobe.ne.jp/~yosh/armdata.htm
322,Stax,UA-7/7N/7cfN/9N,null_points,,56/108,,56/108,parsed,0.6,,BIGLOBE Arm Data,https://www7a.biglobe.ne.jp/~yosh/armdata.htm
321,Stax,UA-7/7N/7cfN/9N,offset_angle_deg,20.0,,deg,20,parsed,0.6,,BIGLOBE Arm Data,https://www7a.biglobe.ne.jp/~yosh/armdata.htm
320,Stax,UA-7/7N/7cfN/9N,overhang_mm,13.0,,mm,13,parsed,0.6,,BIGLOBE Arm Data,https://www7a.biglobe.ne.jp/~yosh/armdata.htm
2634,Stax,UA-7/7N/7cfN/9N,product_lineage,,"Grouped STAX short-arm row includes UA-7, documented by the official Yamaha YP-1000 product page as the fitted STAX tonearm.",,YP-1000 fitted with STAX UA-7,parsed,0.75,Official third-party support for grouped family member.,YAMAHA YP-1000の仕様 ヤマハ,https://audio-heritage.jp/YAMAHA/player/yp-1000.html
2635,Stax,UA-7/7N/7cfN/9N,product_lineage,,"Official Luxman armboard fitment list includes STAX UA-7, UA-3, and UA-9 together, supporting grouped short-arm family continuity for the UA-7/7N/7cfN/9N row.",,PD310 armboard list includes STAX UA-7 and UA-9,parsed,0.7,Official third-party family-lineage support for grouped short-arm row.,LUXMAN PD310の仕様 ラックスマン,https://audio-heritage.jp/LUXMAN/player/pd310.html
325,Stax,UA-70/70N/90N,effective_length_mm,312.0,,mm,312,parsed,0.6,,BIGLOBE Arm Data,https://www7a.biglobe.ne.jp/~yosh/armdata.htm
1504,Stax,UA-70/70N/90N,null_alignment_type,,Other,,60.000 / 122.000 mm,derived,0.75,Backfilled from null-point pair proximity to reference alignments; nearest-reference distance 4.592 mm.,BIGLOBE Arm Data,https://www7a.biglobe.ne.jp/~yosh/armdata.htm
329,Stax,UA-70/70N/90N,null_point_inner_mm,60.0,,mm,60/122,parsed,0.6,,BIGLOBE Arm Data,https://www7a.biglobe.ne.jp/~yosh/armdata.htm
330,Stax,UA-70/70N/90N,null_point_outer_mm,122.0,,mm,60/122,parsed,0.6,,BIGLOBE Arm Data,https://www7a.biglobe.ne.jp/~yosh/armdata.htm
328,Stax,UA-70/70N/90N,null_points,,60/122,,60/122,parsed,0.6,,BIGLOBE Arm Data,https://www7a.biglobe.ne.jp/~yosh/armdata.htm
327,Stax,UA-70/70N/90N,offset_angle_deg,17.0,,deg,17,parsed,0.6,,BIGLOBE Arm Data,https://www7a.biglobe.ne.jp/~yosh/armdata.htm
326,Stax,UA-70/70N/90N,overhang_mm,12.0,,mm,12,parsed,0.6,,BIGLOBE Arm Data,https://www7a.biglobe.ne.jp/~yosh/armdata.htm
2636,Stax,UA-70/70N/90N,product_lineage,,Grouped STAX long-arm row includes UA-90 family support from scanned original STAX adjustment-template documentation hosted by a third-party archive.,,STAX UA-90 template instructions,parsed,0.65,Official-manual support for grouped long-arm family member.,Stax UA-90 Template A Adjustement instructions,https://www.springair.de/en/stax-ua-90-template-a-adjustement-instructions/l9290
2637,Stax,UA-70/70N/90N,product_lineage,,Dealer documentation for STAX UA-90N supplements the grouped long-arm row by confirming the later UA-90N branch dimensions and pipe-exchange construction.,,UA-90N dealer listing,parsed,0.55,Supplemental secondary support for grouped long-arm family row.,STAX UA-90N トーンアーム,https://www.auduo-1.com/newgoods/S-T/Stax/UA-90N/UA-90N.html
1273,Supatrac,Blackbird 10.5-inch,arm_mount,,Standard Blackbird mount for Rega Linn SME Kuzma Pro-Ject Michell Brinkmann TW Acustic,,Standard Blackbird mount compatible with Rega Linn SME Kuzma Pro-Ject Michell Brinkmann TW Acustic and many other decks,parsed,0.9,,Supatrac official page,https://www.supatrac.com/
1271,Supatrac,Blackbird 10.5-inch,effective_length_mm,266.7,,mm,10.5 inches,derived,0.7,Derived from nominal arm length stated on official page.,Supatrac official page,https://www.supatrac.com/
1272,Supatrac,Blackbird 10.5-inch,mounting_distance_mm,251.0,,mm,Blackbird 251 mm protractor,parsed,0.9,,Supatrac official page,https://www.supatrac.com/
1660,Supatrac,Blackbird 10.5-inch,null_alignment_type,,Unknown,,Unknown,derived,0.4,Defaulted because the current source set does not explicitly specify a null alignment family.,Supatrac official page,https://www.supatrac.com/
1276,Supatrac,Blackbird 12-inch,arm_mount,,Standard Blackbird mount for Rega Linn SME Kuzma Pro-Ject Michell Brinkmann TW Acustic,,Standard Blackbird mount compatible with Rega Linn SME Kuzma Pro-Ject Michell Brinkmann TW Acustic and many other decks,parsed,0.9,,Supatrac official page,https://www.supatrac.com/
1274,Supatrac,Blackbird 12-inch,effective_length_mm,304.8,,mm,12 inches,derived,0.7,Derived from nominal arm length stated on official page.,Supatrac official page,https://www.supatrac.com/
1275,Supatrac,Blackbird 12-inch,mounting_distance_mm,291.0,,mm,Blackbird 291 mm protractor,parsed,0.9,,Supatrac official page,https://www.supatrac.com/
1661,Supatrac,Blackbird 12-inch,null_alignment_type,,Unknown,,Unknown,derived,0.4,Defaulted because the current source set does not explicitly specify a null alignment family.,Supatrac official page,https://www.supatrac.com/
1270,Supatrac,Blackbird 9-inch,arm_mount,,Standard Blackbird mount for Rega Linn SME Kuzma Pro-Ject Michell Brinkmann TW Acustic,,Standard Blackbird mount compatible with Rega Linn SME Kuzma Pro-Ject Michell Brinkmann TW Acustic and many other decks,parsed,0.9,,Supatrac official page,https://www.supatrac.com/
1267,Supatrac,Blackbird 9-inch,effective_length_mm,228.6,,mm,9 inches,derived,0.7,Derived from nominal arm length stated on official page.,Supatrac official page,https://www.supatrac.com/
1269,Supatrac,Blackbird 9-inch,effective_mass_g,10.0,,g,A nine-inch Blackbird has a base effective mass of roughly 10 g,parsed,0.85,,Supatrac official page,https://www.supatrac.com/
1268,Supatrac,Blackbird 9-inch,mounting_distance_mm,211.0,,mm,Blackbird 211 mm protractor,parsed,0.9,,Supatrac official page,https://www.supatrac.com/
1659,Supatrac,Blackbird 9-inch,null_alignment_type,,Unknown,,Unknown,derived,0.4,Defaulted because the current source set does not explicitly specify a null alignment family.,Supatrac official page,https://www.supatrac.com/
861,Supatrac,Blackbird 9.3-inch,arm_mount,,Rega/Michell 222 mm version; standard Blackbird mount supports Rega Linn SME Kuzma Pro-Ject Michell Brinkmann TW Acustic,,222 mm Rega/Michell version,parsed,0.85,,Supatrac official site,https://www.supatrac.com/
857,Supatrac,Blackbird 9.3-inch,effective_length_mm,236.22,,mm,Derived from listed 9.3 inch version,derived,0.75,Derived from 9.3 inch model designation on official site.,Supatrac official site,https://www.supatrac.com/
860,Supatrac,Blackbird 9.3-inch,effective_mass_g,10.0,,g,Base effective mass roughly 10 g,parsed,0.85,,Supatrac official site,https://www.supatrac.com/
858,Supatrac,Blackbird 9.3-inch,mounting_distance_mm,222.0,,mm,Blackbird 222 mm (Rega/Michell) protractor,parsed,0.9,,Supatrac official site,https://www.supatrac.com/
1591,Supatrac,Blackbird 9.3-inch,null_alignment_type,,Unknown,,Unknown,derived,0.4,Defaulted because the current source set does not explicitly specify a null alignment family.,Supatrac official site,https://www.supatrac.com/
859,Supatrac,Blackbird 9.3-inch,overhang_mm,14.22,,mm,Derived from 236.22 mm effective length and 222 mm mounting distance,derived,0.7,,Supatrac official site,https://www.supatrac.com/
1280,Supatrac,Blackbird Farpoint 10.5-inch,effective_length_mm,266.7,,mm,10.5 inches,derived,0.7,Derived from official family size designation.,Supatrac Blackbird Farpoint manual,https://www.supatrac.com/manual-farpoint.pdf
1281,Supatrac,Blackbird Farpoint 10.5-inch,mounting_distance_mm,251.0,,mm,Supatractor 251 mm family position,parsed,0.85,,Supatrac Blackbird Farpoint manual,https://www.supatrac.com/manual-farpoint.pdf
1663,Supatrac,Blackbird Farpoint 10.5-inch,null_alignment_type,,Unknown,,Unknown,derived,0.4,Defaulted because the current source set does not explicitly specify a null alignment family.,Supatrac Blackbird Farpoint manual,https://www.supatrac.com/manual-farpoint.pdf
1282,Supatrac,Blackbird Farpoint 12-inch,effective_length_mm,304.8,,mm,12 inches,derived,0.7,Derived from official family size designation.,Supatrac Blackbird Farpoint manual,https://www.supatrac.com/manual-farpoint.pdf
1283,Supatrac,Blackbird Farpoint 12-inch,mounting_distance_mm,291.0,,mm,Supatractor 291 mm family position,parsed,0.85,,Supatrac Blackbird Farpoint manual,https://www.supatrac.com/manual-farpoint.pdf
1664,Supatrac,Blackbird Farpoint 12-inch,null_alignment_type,,Unknown,,Unknown,derived,0.4,Defaulted because the current source set does not explicitly specify a null alignment family.,Supatrac Blackbird Farpoint manual,https://www.supatrac.com/manual-farpoint.pdf
1277,Supatrac,Blackbird Farpoint 9-inch,effective_length_mm,228.6,,mm,9 inches,derived,0.7,Derived from official family size designation.,Supatrac Blackbird Farpoint manual,https://www.supatrac.com/manual-farpoint.pdf
1279,Supatrac,Blackbird Farpoint 9-inch,effective_mass_g,10.0,,g,Base effective mass roughly 10 g for 9 inch Blackbird family,parsed,0.8,,Supatrac Blackbird Farpoint manual,https://www.supatrac.com/manual-farpoint.pdf
1278,Supatrac,Blackbird Farpoint 9-inch,mounting_distance_mm,211.0,,mm,Supatractor 211 mm family position,parsed,0.85,,Supatrac Blackbird Farpoint manual,https://www.supatrac.com/manual-farpoint.pdf
1662,Supatrac,Blackbird Farpoint 9-inch,null_alignment_type,,Unknown,,Unknown,derived,0.4,Defaulted because the current source set does not explicitly specify a null alignment family.,Supatrac Blackbird Farpoint manual,https://www.supatrac.com/manual-farpoint.pdf
866,Supatrac,Blackbird Farpoint 9.3-inch,arm_mount,,Rega/Michell 222 mm version; standard Blackbird mount supports Rega Linn SME Kuzma Pro-Ject Michell Brinkmann TW Acustic,,222 mm Rega/Michell version,parsed,0.85,,Supatrac official site,https://www.supatrac.com/
862,Supatrac,Blackbird Farpoint 9.3-inch,effective_length_mm,236.22,,mm,Derived from listed 9.3 inch version,derived,0.75,Derived from 9.3 inch model designation on official site.,Supatrac official site,https://www.supatrac.com/
865,Supatrac,Blackbird Farpoint 9.3-inch,effective_mass_g,10.0,,g,Base effective mass roughly 10 g,parsed,0.8,,Supatrac official site,https://www.supatrac.com/
863,Supatrac,Blackbird Farpoint 9.3-inch,mounting_distance_mm,222.0,,mm,Blackbird Farpoint 222 mm (Rega/Michell) protractor,parsed,0.9,,Supatrac official site,https://www.supatrac.com/
1592,Supatrac,Blackbird Farpoint 9.3-inch,null_alignment_type,,Unknown,,Unknown,derived,0.4,Defaulted because the current source set does not explicitly specify a null alignment family.,Supatrac official site,https://www.supatrac.com/
864,Supatrac,Blackbird Farpoint 9.3-inch,overhang_mm,14.22,,mm,Derived from 236.22 mm effective length and 222 mm mounting distance,derived,0.7,,Supatrac official site,https://www.supatrac.com/
1193,Supatrac,Nighthawk 10.5-inch,alignment_standard,,Baerwald default; Stevenson optional,,Baerwald or Stevenson or custom geometries,raw_only,0.75,,Supatrac official page,https://www.supatrac.com/
1191,Supatrac,Nighthawk 10.5-inch,arm_mount,,Standard Nighthawk mount for Linn SME Kuzma Pro-Ject Brinkmann TW Acustic,,Standard Nighthawk mount compatible with Linn SME Kuzma Pro-Ject Brinkmann TW Acustic and many other decks,parsed,0.9,,Supatrac official page,https://www.supatrac.com/
1189,Supatrac,Nighthawk 10.5-inch,effective_length_mm,266.7,,mm,10.5 inches,derived,0.7,Derived from nominal arm length stated on official page.,Supatrac official page,https://www.supatrac.com/
1192,Supatrac,Nighthawk 10.5-inch,effective_mass_g,,medium mass,g,medium mass arm,raw_only,0.6,Official page describes Nighthawk as a medium mass arm without numeric mass.,Supatrac official page,https://www.supatrac.com/
1190,Supatrac,Nighthawk 10.5-inch,mounting_distance_mm,251.0,,mm,Nighthawk 251 mm protractor,parsed,0.9,,Supatrac official page,https://www.supatrac.com/
1647,Supatrac,Nighthawk 10.5-inch,null_alignment_type,,Baewald,,Baerwald default; Stevenson optional,derived,0.95,Backfilled from explicit alignment-language evidence in model metadata or source text.,Supatrac official page,https://www.supatrac.com/
1198,Supatrac,Nighthawk 12-inch,alignment_standard,,Baerwald default; Stevenson optional,,Baerwald or Stevenson or custom geometries,raw_only,0.75,,Supatrac official page,https://www.supatrac.com/
1196,Supatrac,Nighthawk 12-inch,arm_mount,,Standard Nighthawk mount for Linn SME Kuzma Pro-Ject Brinkmann TW Acustic,,Standard Nighthawk mount compatible with Linn SME Kuzma Pro-Ject Brinkmann TW Acustic and many other decks,parsed,0.9,,Supatrac official page,https://www.supatrac.com/
1194,Supatrac,Nighthawk 12-inch,effective_length_mm,304.8,,mm,12 inches,derived,0.7,Derived from nominal arm length stated on official page.,Supatrac official page,https://www.supatrac.com/
1197,Supatrac,Nighthawk 12-inch,effective_mass_g,,medium mass,g,medium mass arm,raw_only,0.6,Official page describes Nighthawk as a medium mass arm without numeric mass.,Supatrac official page,https://www.supatrac.com/
1195,Supatrac,Nighthawk 12-inch,mounting_distance_mm,291.0,,mm,Nighthawk 291 mm protractor,parsed,0.9,,Supatrac official page,https://www.supatrac.com/
1648,Supatrac,Nighthawk 12-inch,null_alignment_type,,Baewald,,Baerwald default; Stevenson optional,derived,0.95,Backfilled from explicit alignment-language evidence in model metadata or source text.,Supatrac official page,https://www.supatrac.com/
1183,Supatrac,Nighthawk 9-inch,alignment_standard,,Baerwald default; Stevenson optional,,Baerwald or Stevenson or custom geometries,raw_only,0.75,,Supatrac official page,https://www.supatrac.com/
1181,Supatrac,Nighthawk 9-inch,arm_mount,,Standard Nighthawk mount for Linn SME Kuzma Pro-Ject Brinkmann TW Acustic,,Standard Nighthawk mount compatible with Linn SME Kuzma Pro-Ject Brinkmann TW Acustic and many other decks,parsed,0.9,,Supatrac official page,https://www.supatrac.com/
1179,Supatrac,Nighthawk 9-inch,effective_length_mm,228.6,,mm,9 inches,derived,0.7,Derived from nominal arm length stated on official page.,Supatrac official page,https://www.supatrac.com/
1182,Supatrac,Nighthawk 9-inch,effective_mass_g,,medium mass,g,medium mass arm,raw_only,0.6,Official page describes Nighthawk as a medium mass arm without numeric mass.,Supatrac official page,https://www.supatrac.com/
1180,Supatrac,Nighthawk 9-inch,mounting_distance_mm,211.0,,mm,Nighthawk 211 mm protractor,parsed,0.9,,Supatrac official page,https://www.supatrac.com/
1645,Supatrac,Nighthawk 9-inch,null_alignment_type,,Baewald,,Baerwald default; Stevenson optional,derived,0.95,Backfilled from explicit alignment-language evidence in model metadata or source text.,Supatrac official page,https://www.supatrac.com/
1188,Supatrac,Nighthawk 9.3-inch,alignment_standard,,Baerwald default; Stevenson optional,,Baerwald or Stevenson or custom geometries,raw_only,0.75,,Supatrac official page,https://www.supatrac.com/
1186,Supatrac,Nighthawk 9.3-inch,arm_mount,,Custom Rega/Michell style application; standard Nighthawk pillar not compatible with Rega-type mount,,Official page notes Nighthawk is not compatible with Rega-type mounts due to pillar thickness and custom mounts are available,raw_only,0.8,,Supatrac official page,https://www.supatrac.com/
1184,Supatrac,Nighthawk 9.3-inch,effective_length_mm,236.22,,mm,9.3 inches,derived,0.7,Derived from nominal arm length stated on official page.,Supatrac official page,https://www.supatrac.com/
1187,Supatrac,Nighthawk 9.3-inch,effective_mass_g,,medium mass,g,medium mass arm,raw_only,0.6,Official page describes Nighthawk as a medium mass arm without numeric mass.,Supatrac official page,https://www.supatrac.com/
1185,Supatrac,Nighthawk 9.3-inch,mounting_distance_mm,222.0,,mm,Nighthawk 222 mm protractor,parsed,0.9,,Supatrac official page,https://www.supatrac.com/
1646,Supatrac,Nighthawk 9.3-inch,null_alignment_type,,Baewald,,Baerwald default; Stevenson optional,derived,0.95,Backfilled from explicit alignment-language evidence in model metadata or source text.,Supatrac official page,https://www.supatrac.com/
313,Supex,6140,effective_length_mm,245.0,,mm,245,parsed,0.6,,BIGLOBE Arm Data,https://www7a.biglobe.ne.jp/~yosh/armdata.htm
1502,Supex,6140,null_alignment_type,,Other,,59.000 / 120.000 mm,derived,0.75,Backfilled from null-point pair proximity to reference alignments; nearest-reference distance 2.900 mm.,BIGLOBE Arm Data,https://www7a.biglobe.ne.jp/~yosh/armdata.htm
317,Supex,6140,null_point_inner_mm,59.0,,mm,59/120,parsed,0.6,,BIGLOBE Arm Data,https://www7a.biglobe.ne.jp/~yosh/armdata.htm
318,Supex,6140,null_point_outer_mm,120.0,,mm,59/120,parsed,0.6,,BIGLOBE Arm Data,https://www7a.biglobe.ne.jp/~yosh/armdata.htm
316,Supex,6140,null_points,,59/120,,59/120,parsed,0.6,,BIGLOBE Arm Data,https://www7a.biglobe.ne.jp/~yosh/armdata.htm
315,Supex,6140,offset_angle_deg,21.5,,deg,21.5,parsed,0.6,,BIGLOBE Arm Data,https://www7a.biglobe.ne.jp/~yosh/armdata.htm
314,Supex,6140,overhang_mm,15.0,,mm,15,parsed,0.6,,BIGLOBE Arm Data,https://www7a.biglobe.ne.jp/~yosh/armdata.htm
2642,Supex,6140,product_lineage,,"Official SUPEX product index confirms the manufacturer marketed tonearms as a product category, supporting family lineage for the 6140 row.",,SUPEX index includes tonearm category,parsed,0.6,Official manufacturer family support.,SUPEX 製品一覧 スペックス,https://audio-heritage.jp/SUPEX/index.html
2643,Supex,6140,product_lineage,,Supex 6140 belongs to the period SUPEX tonearm family documented by official historical specifications for the related model 6120.,,SUPEX 6120 official historical page,parsed,0.6,Conservative official family-lineage support for exact model.,SUPEX 6120の仕様 スペックス,https://audio-heritage.jp/SUPEX/etc/6120.html
715,Syrinx,PU-2 with minimum shell sliding on wand/PU-3 with fixed shell,effective_length_mm,228.0,,mm,228,parsed,0.6,,BIGLOBE Arm Data,https://www7a.biglobe.ne.jp/~yosh/armdata.htm
1569,Syrinx,PU-2 with minimum shell sliding on wand/PU-3 with fixed shell,null_alignment_type,,Other,,60.000 / 121.000 mm,derived,0.75,Backfilled from null-point pair proximity to reference alignments; nearest-reference distance 3.595 mm.,BIGLOBE Arm Data,https://www7a.biglobe.ne.jp/~yosh/armdata.htm
719,Syrinx,PU-2 with minimum shell sliding on wand/PU-3 with fixed shell,null_point_inner_mm,60.0,,mm,60/121(64/114)?,parsed,0.6,,BIGLOBE Arm Data,https://www7a.biglobe.ne.jp/~yosh/armdata.htm
720,Syrinx,PU-2 with minimum shell sliding on wand/PU-3 with fixed shell,null_point_outer_mm,121.0,,mm,60/121(64/114)?,parsed,0.6,,BIGLOBE Arm Data,https://www7a.biglobe.ne.jp/~yosh/armdata.htm
718,Syrinx,PU-2 with minimum shell sliding on wand/PU-3 with fixed shell,null_points,,60/121(64/114)?,,60/121(64/114)?,parsed,0.6,,BIGLOBE Arm Data,https://www7a.biglobe.ne.jp/~yosh/armdata.htm
717,Syrinx,PU-2 with minimum shell sliding on wand/PU-3 with fixed shell,offset_angle_deg,23.4,,deg,23.4(23)?,parsed,0.6,,BIGLOBE Arm Data,https://www7a.biglobe.ne.jp/~yosh/armdata.htm
716,Syrinx,PU-2 with minimum shell sliding on wand/PU-3 with fixed shell,overhang_mm,16.6,,mm,16.6,parsed,0.6,,BIGLOBE Arm Data,https://www7a.biglobe.ne.jp/~yosh/armdata.htm
2669,Syrinx,PU-2 with minimum shell sliding on wand/PU-3 with fixed shell,product_lineage,,Syrinx PU2 is documented by mirrored original-manual support as the sliding-block shell design in the grouped PU2 and PU3 family row.,,Syrinx PU2 manual page,parsed,0.8,Manual-mirror support for grouped row.,Syrinx PU2 Tonearm Manual,https://www.vinylengine.com/library/syrinx/pu2.shtml
2670,Syrinx,PU-2 with minimum shell sliding on wand/PU-3 with fixed shell,product_lineage,,Syrinx PU3 is documented by mirrored original-manual support as the fixed-shell successor in the grouped PU2 and PU3 family row.,,Syrinx PU3 manual page,parsed,0.8,Manual-mirror support for grouped row.,Syrinx PU3 Tonearm Manual,https://www.vinylengine.com/library/syrinx/pu3.shtml
1104,TW-Acustic,Raven 10.5,arm_mount,,4-hole flange mount,,4-hole flange mount,parsed,0.85,Mount type inferred from manufacturer/manual wording about 4-hole flange mount.,Raven 10.5 official page,https://tw-acustic.de/en/tonearms/raven-10-5
1097,TW-Acustic,Raven 10.5,effective_length_mm,267.0,,mm,Nominal 10.5 inch designation,derived,0.8,Derived from 10.5 inch nominal arm length.,Raven 10.5 official page,https://tw-acustic.de/en/tonearms/raven-10-5
1103,TW-Acustic,Raven 10.5,effective_mass_g,14.0,,g,14 g,parsed,0.95,,Raven 10.5 official page,https://tw-acustic.de/en/tonearms/raven-10-5
1096,TW-Acustic,Raven 10.5,mounting_distance_mm,251.2,,mm,251.2 mm,parsed,0.95,,Raven 10.5 official page,https://tw-acustic.de/en/tonearms/raven-10-5
1632,TW-Acustic,Raven 10.5,null_alignment_type,,Loefgren,,70.000 / 117.000 mm,derived,0.9,Backfilled from null-point pair proximity to reference alignments; nearest-reference distance 0.487 mm.,Raven 10.5 official page,https://tw-acustic.de/en/tonearms/raven-10-5
1101,TW-Acustic,Raven 10.5,null_point_inner_mm,70.0,,mm,70 mm,parsed,0.95,,Raven 10.5 official page,https://tw-acustic.de/en/tonearms/raven-10-5
1102,TW-Acustic,Raven 10.5,null_point_outer_mm,117.0,,mm,117 mm,parsed,0.95,,Raven 10.5 official page,https://tw-acustic.de/en/tonearms/raven-10-5
1100,TW-Acustic,Raven 10.5,null_points,,70 / 117,,70 mm / 117 mm,parsed,0.95,,Raven 10.5 official page,https://tw-acustic.de/en/tonearms/raven-10-5
1099,TW-Acustic,Raven 10.5,offset_angle_deg,20.5,,deg,20.5 degrees,parsed,0.95,,Raven 10.5 official page,https://tw-acustic.de/en/tonearms/raven-10-5
1098,TW-Acustic,Raven 10.5,overhang_mm,15.8,,mm,15.8 mm,parsed,0.95,,Raven 10.5 official page,https://tw-acustic.de/en/tonearms/raven-10-5
2726,TW-Acustic,Raven 12-inch,anti_skating,,Magnetic antiskating adjustment,,Magnetic antiskating adjustment,parsed,0.9,Official page adjustment note.,Raven 12.9 official page,https://tw-acustic.de/en/tonearms/raven-12-9
2724,TW-Acustic,Raven 12-inch,azimuth_adjustment,,By rotating the headshell,,By rotating the headshell,parsed,0.9,Official page adjustment note.,Raven 12.9 official page,https://tw-acustic.de/en/tonearms/raven-12-9
2723,TW-Acustic,Raven 12-inch,bearing_system,,gimbal-mounted with precision ball bearings,,Gimbal-mounted with precision ball bearings,parsed,0.9,Official page bearing description.,Raven 12.9 official page,https://tw-acustic.de/en/tonearms/raven-12-9
2717,TW-Acustic,Raven 12-inch,effective_length_mm,327.76,,mm,327.76 mm,parsed,0.95,Official page spec.,Raven 12.9 official page,https://tw-acustic.de/en/tonearms/raven-12-9
2722,TW-Acustic,Raven 12-inch,effective_mass_g,18.0,,g,18 grams,parsed,0.95,Official page spec.,Raven 12.9 official page,https://tw-acustic.de/en/tonearms/raven-12-9
2718,TW-Acustic,Raven 12-inch,mounting_distance_mm,315.01,,mm,315.01 mm,parsed,0.95,Official page spec.,Raven 12.9 official page,https://tw-acustic.de/en/tonearms/raven-12-9
2721,TW-Acustic,Raven 12-inch,null_alignment_type,,Loefgren,,Geometry: Löfgren B based on IEC radii,parsed,0.95,Official page explicitly states Löfgren B geometry.,Raven 12.9 official page,https://tw-acustic.de/en/tonearms/raven-12-9
2720,TW-Acustic,Raven 12-inch,offset_angle_deg,16.58,,deg,16.58 degrees,parsed,0.95,Official page spec.,Raven 12.9 official page,https://tw-acustic.de/en/tonearms/raven-12-9
2719,TW-Acustic,Raven 12-inch,overhang_mm,12.75,,mm,12.75 mm,parsed,0.95,Official page spec.,Raven 12.9 official page,https://tw-acustic.de/en/tonearms/raven-12-9
2716,TW-Acustic,Raven 12-inch,product_lineage,,"Official TW-Acustic page labels the long Raven tonearm as Raven 12.9, corresponding to the queued Raven 12-inch target.",,Raven 12.9,parsed,0.92,Preserves official naming while hydrating queued target.,Raven 12.9 official page,https://tw-acustic.de/en/tonearms/raven-12-9
2725,TW-Acustic,Raven 12-inch,vta_adjustment,,Via VTA riser (+/- 5 mm),,Via VTA riser (+/- 5 mm),parsed,0.9,Official page adjustment note.,Raven 12.9 official page,https://tw-acustic.de/en/tonearms/raven-12-9
1087,TechDAS,Air Force 10 10-inch,arm_mount,,TechDAS helicoid height adjustable mount,,TechDAS Helicoid Height Adjustable Mount,parsed,0.9,,Air Force 10 leaflet,https://rcm.com.pl/oferta/techdas/images/AF10_leaflet.pdf
1081,TechDAS,Air Force 10 10-inch,effective_length_mm,248.0,,mm,248 mm,parsed,0.95,,Air Force 10 leaflet,https://rcm.com.pl/oferta/techdas/images/AF10_leaflet.pdf
1080,TechDAS,Air Force 10 10-inch,mounting_distance_mm,230.0,,mm,230 mm,parsed,0.95,,Air Force 10 leaflet,https://rcm.com.pl/oferta/techdas/images/AF10_leaflet.pdf
1630,TechDAS,Air Force 10 10-inch,null_alignment_type,,Other,,68.900 / 124.900 mm,derived,0.75,Backfilled from null-point pair proximity to reference alignments; nearest-reference distance 4.941 mm.,Air Force 10 leaflet,https://rcm.com.pl/oferta/techdas/images/AF10_leaflet.pdf
1085,TechDAS,Air Force 10 10-inch,null_point_inner_mm,68.9,,mm,68.9 mm,parsed,0.95,,Air Force 10 leaflet,https://rcm.com.pl/oferta/techdas/images/AF10_leaflet.pdf
1086,TechDAS,Air Force 10 10-inch,null_point_outer_mm,124.9,,mm,124.9 mm,parsed,0.95,,Air Force 10 leaflet,https://rcm.com.pl/oferta/techdas/images/AF10_leaflet.pdf
1084,TechDAS,Air Force 10 10-inch,null_points,,68.9 / 124.9,,68.9 mm / 124.9 mm,parsed,0.95,,Air Force 10 leaflet,https://rcm.com.pl/oferta/techdas/images/AF10_leaflet.pdf
1083,TechDAS,Air Force 10 10-inch,offset_angle_deg,23.0,,deg,23 degrees,parsed,0.95,,Air Force 10 leaflet,https://rcm.com.pl/oferta/techdas/images/AF10_leaflet.pdf
1082,TechDAS,Air Force 10 10-inch,overhang_mm,18.0,,mm,18 mm,parsed,0.95,,Air Force 10 leaflet,https://rcm.com.pl/oferta/techdas/images/AF10_leaflet.pdf
1095,TechDAS,Air Force 10 12-inch,arm_mount,,TechDAS helicoid height adjustable mount,,TechDAS Helicoid Height Adjustable Mount,parsed,0.9,,Air Force 10 leaflet,https://rcm.com.pl/oferta/techdas/images/AF10_leaflet.pdf
1089,TechDAS,Air Force 10 12-inch,effective_length_mm,312.0,,mm,312 mm,parsed,0.95,,Air Force 10 leaflet,https://rcm.com.pl/oferta/techdas/images/AF10_leaflet.pdf
1088,TechDAS,Air Force 10 12-inch,mounting_distance_mm,300.0,,mm,300 mm,parsed,0.95,,Air Force 10 leaflet,https://rcm.com.pl/oferta/techdas/images/AF10_leaflet.pdf
1631,TechDAS,Air Force 10 12-inch,null_alignment_type,,Other,,66.070 / 111.160 mm,derived,0.75,Backfilled from null-point pair proximity to reference alignments; nearest-reference distance 6.886 mm.,Air Force 10 leaflet,https://rcm.com.pl/oferta/techdas/images/AF10_leaflet.pdf
1093,TechDAS,Air Force 10 12-inch,null_point_inner_mm,66.07,,mm,66.07 mm,parsed,0.95,,Air Force 10 leaflet,https://rcm.com.pl/oferta/techdas/images/AF10_leaflet.pdf
1094,TechDAS,Air Force 10 12-inch,null_point_outer_mm,111.16,,mm,111.16 mm,parsed,0.95,,Air Force 10 leaflet,https://rcm.com.pl/oferta/techdas/images/AF10_leaflet.pdf
1092,TechDAS,Air Force 10 12-inch,null_points,,66.07 / 111.16,,66.07 mm / 111.16 mm,parsed,0.95,,Air Force 10 leaflet,https://rcm.com.pl/oferta/techdas/images/AF10_leaflet.pdf
1091,TechDAS,Air Force 10 12-inch,offset_angle_deg,16.5,,deg,16.5 degrees,parsed,0.95,,Air Force 10 leaflet,https://rcm.com.pl/oferta/techdas/images/AF10_leaflet.pdf
1090,TechDAS,Air Force 10 12-inch,overhang_mm,12.0,,mm,12 mm,parsed,0.95,,Air Force 10 leaflet,https://rcm.com.pl/oferta/techdas/images/AF10_leaflet.pdf
331,Technics,EPA-100/250/500,effective_length_mm,250.0,,mm,250,parsed,0.6,,BIGLOBE Arm Data,https://www7a.biglobe.ne.jp/~yosh/armdata.htm
1505,Technics,EPA-100/250/500,null_alignment_type,,Other,,62.000 / 117.000 mm,derived,0.75,Backfilled from null-point pair proximity to reference alignments; nearest-reference distance 1.727 mm.,BIGLOBE Arm Data,https://www7a.biglobe.ne.jp/~yosh/armdata.htm
335,Technics,EPA-100/250/500,null_point_inner_mm,62.0,,mm,62/117,parsed,0.6,,BIGLOBE Arm Data,https://www7a.biglobe.ne.jp/~yosh/armdata.htm
336,Technics,EPA-100/250/500,null_point_outer_mm,117.0,,mm,62/117,parsed,0.6,,BIGLOBE Arm Data,https://www7a.biglobe.ne.jp/~yosh/armdata.htm
334,Technics,EPA-100/250/500,null_points,,62/117,,62/117,parsed,0.6,,BIGLOBE Arm Data,https://www7a.biglobe.ne.jp/~yosh/armdata.htm
333,Technics,EPA-100/250/500,offset_angle_deg,21.0,,deg,21,parsed,0.6,,BIGLOBE Arm Data,https://www7a.biglobe.ne.jp/~yosh/armdata.htm
332,Technics,EPA-100/250/500,overhang_mm,15.0,,mm,15,parsed,0.6,,BIGLOBE Arm Data,https://www7a.biglobe.ne.jp/~yosh/armdata.htm
2479,Technics,EPA-100/250/500,product_configuration,,separate arm unit EPA-A250 mounted on special arm base EPA-B500,,The EPA-250 ... consists of a separate arm unit (EPA-A250) which is mounted on a special arm base (EPA-B500).,parsed,0.9,Original Technics manual description of system construction.,Technics EPA-250 operating instructions,https://www.manualslib.com/manual/4265561/Technics-Epa-250.html?page=6#manual
2478,Technics,EPA-100/250/500,product_family,,EPA-100 Variable Dynamic Damping Universal Tonearm,,EPA-100 Variable Dynamic Damping Universal Tonearm,parsed,0.9,Original Technics manual title/description.,Technics EPA-100 operating instructions,https://steampoweredradio.com/pdf/technics/manuals/Technics%20EPA-100%20Universal%20Tone%20Arm%20Operating%20Instructions.pdf
2480,Technics,EPA-100/250/500,product_lineage,,EPA-500 system adapts various arm units to arm base EPA-B500,,This model differs from previous universal tonearm designs by its ability to adapt various types of arm units to the arm base (EPA-B500).,parsed,0.85,Original Technics manual description of EPA-500 system concept.,Technics EPA-500 operating instructions,https://manualmachine.com/technics/epa500/2353407-owners-manual/
343,Technics,EPA-101L/101T/102L/102T/121L/121T,effective_length_mm,242.0,,mm,242,parsed,0.6,,BIGLOBE Arm Data,https://www7a.biglobe.ne.jp/~yosh/armdata.htm
1507,Technics,EPA-101L/101T/102L/102T/121L/121T,null_alignment_type,,Stevenson,,60.000 / 118.000 mm,derived,0.85,Backfilled from null-point pair proximity to reference alignments; nearest-reference distance 0.665 mm.,BIGLOBE Arm Data,https://www7a.biglobe.ne.jp/~yosh/armdata.htm
347,Technics,EPA-101L/101T/102L/102T/121L/121T,null_point_inner_mm,60.0,,mm,60/118,parsed,0.6,,BIGLOBE Arm Data,https://www7a.biglobe.ne.jp/~yosh/armdata.htm
348,Technics,EPA-101L/101T/102L/102T/121L/121T,null_point_outer_mm,118.0,,mm,60/118,parsed,0.6,,BIGLOBE Arm Data,https://www7a.biglobe.ne.jp/~yosh/armdata.htm
346,Technics,EPA-101L/101T/102L/102T/121L/121T,null_points,,60/118,,60/118,parsed,0.6,,BIGLOBE Arm Data,https://www7a.biglobe.ne.jp/~yosh/armdata.htm
345,Technics,EPA-101L/101T/102L/102T/121L/121T,offset_angle_deg,21.5,,deg,21.5,parsed,0.6,,BIGLOBE Arm Data,https://www7a.biglobe.ne.jp/~yosh/armdata.htm
344,Technics,EPA-101L/101T/102L/102T/121L/121T,overhang_mm,15.0,,mm,15,parsed,0.6,,BIGLOBE Arm Data,https://www7a.biglobe.ne.jp/~yosh/armdata.htm
2484,Technics,EPA-101L/101T/102L/102T/121L/121T,product_family,,Technics tone arm and plus arm lineup includes EPA-102L EPA-121L Plusarm 101T Plusarm 102T and Plusarm 121T,,"EPA-100, EPA-101S, EPA-102L, EPA-121L, EPA-121S, Plusarm 101T, Plusarm 102T, Plusarm 121T",parsed,0.75,Original Technics component lineup scan documents the later EPA/Plusarm family variants covered by this grouped legacy row.,Technics Component Line Up,https://www.hifiengine.com/manual_library/technics/component-line-up.shtml
2485,Technics,EPA-101L/101T/102L/102T/121L/121T,product_lineage,,Tone arm lineup includes EPA-101L EPA-102L EPA-121L and Plusarm 101T 102T 121T,,Tone arm EPA-99 EPA-100 EPA-100mk2 EPA-101S EPA-101L EPA-102L EPA-121S EPA-121L / Plus arm PLUSARM 101T PLUSARM 102T PLUSARM 121T,parsed,0.7,Secondary index fills in the EPA-101L member omitted from the official snippet surfaced during this pass.,Technics/Panasonic tonearm index,https://audio-database.com/TechnicsPanasonic/etc/index3.html
337,Technics,EPA-101S & EPA-121S,effective_length_mm,220.0,,mm,220,parsed,0.6,,BIGLOBE Arm Data,https://www7a.biglobe.ne.jp/~yosh/armdata.htm
1506,Technics,EPA-101S & EPA-121S,null_alignment_type,,Other,,54.000 / 111.000 mm,derived,0.75,Backfilled from null-point pair proximity to reference alignments; nearest-reference distance 9.012 mm.,BIGLOBE Arm Data,https://www7a.biglobe.ne.jp/~yosh/armdata.htm
341,Technics,EPA-101S & EPA-121S,null_point_inner_mm,54.0,,mm,54/111,parsed,0.6,,BIGLOBE Arm Data,https://www7a.biglobe.ne.jp/~yosh/armdata.htm
342,Technics,EPA-101S & EPA-121S,null_point_outer_mm,111.0,,mm,54/111,parsed,0.6,,BIGLOBE Arm Data,https://www7a.biglobe.ne.jp/~yosh/armdata.htm
340,Technics,EPA-101S & EPA-121S,null_points,,54/111,,54/111,parsed,0.6,,BIGLOBE Arm Data,https://www7a.biglobe.ne.jp/~yosh/armdata.htm
339,Technics,EPA-101S & EPA-121S,offset_angle_deg,22.0,,deg,22,parsed,0.6,,BIGLOBE Arm Data,https://www7a.biglobe.ne.jp/~yosh/armdata.htm
338,Technics,EPA-101S & EPA-121S,overhang_mm,14.0,,mm,14,parsed,0.6,,BIGLOBE Arm Data,https://www7a.biglobe.ne.jp/~yosh/armdata.htm
2483,Technics,EPA-101S & EPA-121S,product_family,,Technics tone arm lineup includes EPA-101S and EPA-121S,,"EPA-100, EPA-101S, EPA-102L, EPA-121L, EPA-121S, Plusarm 101T, Plusarm 102T, Plusarm 121T",parsed,0.8,Original Technics component lineup scan lists the EPA-101S and EPA-121S models.,Technics Component Line Up,https://www.hifiengine.com/manual_library/technics/component-line-up.shtml
349,Technics,EPA-99 & EPA-110,effective_length_mm,235.0,,mm,235,parsed,0.6,,BIGLOBE Arm Data,https://www7a.biglobe.ne.jp/~yosh/armdata.htm
1508,Technics,EPA-99 & EPA-110,null_alignment_type,,Other,,58.000 / 111.000 mm,derived,0.75,Backfilled from null-point pair proximity to reference alignments; nearest-reference distance 6.828 mm.,BIGLOBE Arm Data,https://www7a.biglobe.ne.jp/~yosh/armdata.htm
353,Technics,EPA-99 & EPA-110,null_point_inner_mm,58.0,,mm,58/111,parsed,0.6,,BIGLOBE Arm Data,https://www7a.biglobe.ne.jp/~yosh/armdata.htm
354,Technics,EPA-99 & EPA-110,null_point_outer_mm,111.0,,mm,58/111,parsed,0.6,,BIGLOBE Arm Data,https://www7a.biglobe.ne.jp/~yosh/armdata.htm
352,Technics,EPA-99 & EPA-110,null_points,,58/111,,58/111,parsed,0.6,,BIGLOBE Arm Data,https://www7a.biglobe.ne.jp/~yosh/armdata.htm
351,Technics,EPA-99 & EPA-110,offset_angle_deg,21.0,,deg,21,parsed,0.6,,BIGLOBE Arm Data,https://www7a.biglobe.ne.jp/~yosh/armdata.htm
350,Technics,EPA-99 & EPA-110,overhang_mm,14.0,,mm,14,parsed,0.6,,BIGLOBE Arm Data,https://www7a.biglobe.ne.jp/~yosh/armdata.htm
2482,Technics,EPA-99 & EPA-110,product_configuration,,High quality universal tonearm designed especially for direct drive player system,,High quality universal tonearm is designed especially for direct drive player system,parsed,0.85,Original Technics manual description of the EPA-110 tonearm section.,Technics SL-1100A operating instructions,https://tile.loc.gov/storage-services/master/mbrs/recording_preservation/manuals/Technics%20by%20Panasonic%20LS-1100A%20Direct%20Drive%20Player%20System.pdf
2481,Technics,EPA-99 & EPA-110,product_family,,EPA-110 directly reading stylus pressure adjustment static-balance universal headshell tonearm,,"Type EPA-110 Directly reading stylus pressure adjustment, static-balance type, universal head shell, anti-skating force device",parsed,0.9,Original Technics manual technical data for the EPA-110 member of the grouped row.,Technics SL-1100A operating instructions,https://tile.loc.gov/storage-services/master/mbrs/recording_preservation/manuals/Technics%20by%20Panasonic%20LS-1100A%20Direct%20Drive%20Player%20System.pdf
1067,Thales,Simplicity II,arm_mount,,EMT / Ortofon standard,,Base-ring EMT / Ortofon standard,parsed,0.9,,Flyer Simplicity II,https://exaudio.pt/wp-content/uploads/2022/02/Flyer-Simplicity-II.pdf
1065,Thales,Simplicity II,cartridge_range_high_g,23.0,,g,7 to 23 g,parsed,0.95,,Thales Simplicity II official page,https://www.thales.swiss/thales-simplicity.html
1064,Thales,Simplicity II,cartridge_range_low_g,7.0,,g,7 to 23 g,parsed,0.95,,Thales Simplicity II official page,https://www.thales.swiss/thales-simplicity.html
1066,Thales,Simplicity II,effective_length_mm,,9 inches nominal,mm,effective length: 9 inches,raw_only,0.85,Flyer gives inch designation only.,Flyer Simplicity II,https://exaudio.pt/wp-content/uploads/2022/02/Flyer-Simplicity-II.pdf
1063,Thales,Simplicity II,effective_mass_g,18.0,,g,18 g,parsed,0.95,,Thales Simplicity II official page,https://www.thales.swiss/thales-simplicity.html
1061,Thales,Simplicity II,mounting_distance_mm,230.0,,mm,230 mm,parsed,0.95,,Thales Simplicity II official page,https://www.thales.swiss/thales-simplicity.html
1626,Thales,Simplicity II,null_alignment_type,,Unknown,,Unknown,derived,0.4,Defaulted because the current source set does not explicitly specify a null alignment family.,Thales Simplicity II official page,https://www.thales.swiss/thales-simplicity.html
1062,Thales,Simplicity II,offset_angle_deg,,variable,deg,variable,raw_only,0.95,Thales tetragon geometry uses variable offset rather than a single fixed angle.,Thales Simplicity II official page,https://www.thales.swiss/thales-simplicity.html
1072,Thales,Statement,cartridge_range_high_g,20.0,,g,7 to 20 g,parsed,0.95,,Thales Statement official page,https://www.thales.swiss/thales-statement1.html
1071,Thales,Statement,cartridge_range_low_g,7.0,,g,7 to 20 g,parsed,0.95,,Thales Statement official page,https://www.thales.swiss/thales-statement1.html
1070,Thales,Statement,effective_mass_g,25.0,,g,25 g,parsed,0.95,,Thales Statement official page,https://www.thales.swiss/thales-statement1.html
1068,Thales,Statement,mounting_distance_mm,230.0,,mm,230 mm,parsed,0.95,,Thales Statement official page,https://www.thales.swiss/thales-statement1.html
1627,Thales,Statement,null_alignment_type,,Unknown,,Unknown,derived,0.4,Defaulted because the current source set does not explicitly specify a null alignment family.,Thales Statement official page,https://www.thales.swiss/thales-statement1.html
1069,Thales,Statement,offset_angle_deg,,variable,deg,variable,raw_only,0.95,Thales tetragon geometry uses variable offset rather than a single fixed angle.,Thales Statement official page,https://www.thales.swiss/thales-statement1.html
721,Thorens,BTD-12S,effective_length_mm,207.5,,mm,207.5,parsed,0.6,,BIGLOBE Arm Data,https://www7a.biglobe.ne.jp/~yosh/armdata.htm
2477,Thorens,BTD-12S,headshell_type,,removable tonearm head,,Aufstecken des Tonabnehmerkopfes ... Der Stecker des Tonkopfes wird in das Gegenstück im Tonarm eingeführt...,parsed,0.8,Original manual describes detachable tonearm head connection.,Thorens TD 135 operating manual,https://www.manualslib.de/manual/1236085/Thorens-Td-135.html?page=8#manual
1570,Thorens,BTD-12S,null_alignment_type,,Stevenson,,59.000 / 118.000 mm,derived,0.85,Backfilled from null-point pair proximity to reference alignments; nearest-reference distance 1.446 mm.,BIGLOBE Arm Data,https://www7a.biglobe.ne.jp/~yosh/armdata.htm
725,Thorens,BTD-12S,null_point_inner_mm,59.0,,mm,59/118,parsed,0.6,,BIGLOBE Arm Data,https://www7a.biglobe.ne.jp/~yosh/armdata.htm
726,Thorens,BTD-12S,null_point_outer_mm,118.0,,mm,59/118,parsed,0.6,,BIGLOBE Arm Data,https://www7a.biglobe.ne.jp/~yosh/armdata.htm
724,Thorens,BTD-12S,null_points,,59/118,,59/118,parsed,0.6,,BIGLOBE Arm Data,https://www7a.biglobe.ne.jp/~yosh/armdata.htm
723,Thorens,BTD-12S,offset_angle_deg,25.25,,deg,25.25,parsed,0.6,,BIGLOBE Arm Data,https://www7a.biglobe.ne.jp/~yosh/armdata.htm
722,Thorens,BTD-12S,overhang_mm,17.5,,mm,17.5,parsed,0.6,,BIGLOBE Arm Data,https://www7a.biglobe.ne.jp/~yosh/armdata.htm
2475,Thorens,BTD-12S,product_configuration,,BTD-12S arm supplied with matching mounting hardware,,BTO-12 $ ... das dem Arm BTD = 12 $ beige...,parsed,0.7,OCR is noisy but directly references the BTD-12S arm in the original Thorens manual.,Thorens TD 135 operating manual,https://www.manualslib.de/manual/1236085/Thorens-Td-135.html?page=6#manual
2476,Thorens,BTD-12S,product_family,,Studio tonearm,,6. TONARM Sofern der Studio-Tonarm mit der für ein Präzisionsinstrument erforderlichen Sorgfalt behandelt wird...,parsed,0.8,Original Thorens manual refers to the arm as a studio tonearm.,Thorens TD 135 operating manual,https://www.manualslib.de/manual/1236085/Thorens-Td-135.html?page=10#manual
2468,Thorens,TP16II with TP-62,cartridge_mount,,12.5 mm standard cartridge mounting distance,,The TP62 head offers sufficient room to suit any standard pick-up cartridge (12.5 mm hole distance).,parsed,0.8,Official English manual text for TP62 cartridge mounting.,Thorens TD 160 Mk II instruction manual,https://www.manualslib.com/manual/4048393/Thorens-Td-160-Mkii.html?page=12#manual
727,Thorens,TP16II with TP-62,effective_length_mm,230.0,,mm,230,parsed,0.6,,BIGLOBE Arm Data,https://www7a.biglobe.ne.jp/~yosh/armdata.htm
2467,Thorens,TP16II with TP-62,mount_connection,,TP62 head attached to tonearm and secured by knurled collar,,Attach the TP62 head to the tonearm ... knurled collar,parsed,0.8,Official English manual text ties the TP62 head to the tonearm assembly.,Thorens TD 160 Mk II instruction manual,https://www.manualslib.com/manual/4048393/Thorens-Td-160-Mkii.html?page=10#manual
1571,Thorens,TP16II with TP-62,null_alignment_type,,Other,,54.000 / 118.000 mm,derived,0.75,Backfilled from null-point pair proximity to reference alignments; nearest-reference distance 6.352 mm.,BIGLOBE Arm Data,https://www7a.biglobe.ne.jp/~yosh/armdata.htm
731,Thorens,TP16II with TP-62,null_point_inner_mm,54.0,,mm,54/118,parsed,0.6,,BIGLOBE Arm Data,https://www7a.biglobe.ne.jp/~yosh/armdata.htm
732,Thorens,TP16II with TP-62,null_point_outer_mm,118.0,,mm,54/118,parsed,0.6,,BIGLOBE Arm Data,https://www7a.biglobe.ne.jp/~yosh/armdata.htm
730,Thorens,TP16II with TP-62,null_points,,54/118,,54/118,parsed,0.6,,BIGLOBE Arm Data,https://www7a.biglobe.ne.jp/~yosh/armdata.htm
729,Thorens,TP16II with TP-62,offset_angle_deg,22.0,,deg,22,parsed,0.6,,BIGLOBE Arm Data,https://www7a.biglobe.ne.jp/~yosh/armdata.htm
728,Thorens,TP16II with TP-62,overhang_mm,14.4,,mm,14.4,parsed,0.6,,BIGLOBE Arm Data,https://www7a.biglobe.ne.jp/~yosh/armdata.htm
2466,Thorens,TP16II with TP-62,product_configuration,,TP62 end tube supplied in fitting gauge with mounting accessories,,"Endrohr TP62, verpackt in seiner Montagelehre und ein Beutel mit Befestigungsteilen...",parsed,0.8,Official manual names the TP62 component supplied with the TD160 MkII.,Thorens TD 160 Mk II instruction manual,https://www.manualslib.com/manual/4048393/Thorens-Td-160-Mkii.html?page=7#manual
2474,Thorens,TP16III with TP-63,cartridge_mount,,1/2 inch standard,,"Tonabnehmer-Systeme 1/2\ Standard""",parsed,0.9,,Thorens TD 147 owner's manual,https://www.manualslib.de/manual/51450/Thorens-Td-147.html?page=12#manual
733,Thorens,TP16III with TP-63,effective_length_mm,232.0,,mm,232,parsed,0.6,,BIGLOBE Arm Data,https://www7a.biglobe.ne.jp/~yosh/armdata.htm
2470,Thorens,TP16III with TP-63,effective_length_mm,232.0,,mm,232 mm,parsed,0.9,,Thorens TD 147 owner's manual,https://www.manualslib.de/manual/51450/Thorens-Td-147.html?page=12#manual
2471,Thorens,TP16III with TP-63,effective_mass_g,7.5,,g,"7,5 g",parsed,0.9,,Thorens TD 147 owner's manual,https://www.manualslib.de/manual/51450/Thorens-Td-147.html?page=12#manual
1572,Thorens,TP16III with TP-63,null_alignment_type,,Other,,61.040 / 120.259 mm,derived,0.65,"Backfilled from derived null points using effective length, mounting distance/overhang, and offset angle; nearest-reference distance 2.928 mm.",Thorens TD 147 owner's manual,https://www.manualslib.de/manual/51450/Thorens-Td-147.html?page=12#manual
737,Thorens,TP16III with TP-63,null_point_inner_mm,61.0,,mm,61/120,parsed,0.6,,BIGLOBE Arm Data,https://www7a.biglobe.ne.jp/~yosh/armdata.htm
738,Thorens,TP16III with TP-63,null_point_outer_mm,120.0,,mm,61/120,parsed,0.6,,BIGLOBE Arm Data,https://www7a.biglobe.ne.jp/~yosh/armdata.htm
736,Thorens,TP16III with TP-63,null_points,,61/120,,61/120,parsed,0.6,,BIGLOBE Arm Data,https://www7a.biglobe.ne.jp/~yosh/armdata.htm
735,Thorens,TP16III with TP-63,offset_angle_deg,23.0,,deg,23,parsed,0.6,,BIGLOBE Arm Data,https://www7a.biglobe.ne.jp/~yosh/armdata.htm
2473,Thorens,TP16III with TP-63,offset_angle_deg,23.0,,deg,Kröpfungswinkel 23o,parsed,0.9,,Thorens TD 147 owner's manual,https://www.manualslib.de/manual/51450/Thorens-Td-147.html?page=12#manual
734,Thorens,TP16III with TP-63,overhang_mm,16.4,,mm,16.4,parsed,0.6,,BIGLOBE Arm Data,https://www7a.biglobe.ne.jp/~yosh/armdata.htm
2472,Thorens,TP16III with TP-63,overhang_mm,16.4,,mm,"16,4 mm, einstellbar",parsed,0.9,,Thorens TD 147 owner's manual,https://www.manualslib.de/manual/51450/Thorens-Td-147.html?page=12#manual
2469,Thorens,TP16III with TP-63,product_configuration,,Endrohr TP 63,,Tonarm TP 16 MKIII / Endrohr TP 63,parsed,0.9,Official manual technical data section.,Thorens TD 147 owner's manual,https://www.manualslib.de/manual/51450/Thorens-Td-147.html?page=12#manual
1376,Tri-Planar,Mk VII,arm_mount,,3-screw installation / no large VTA hole,,"Easy 3-screw installation, with no large VTA hole",parsed,0.9,,Tri-Planar Mk VII official page,https://www.triplanar.com/mk-vii/
847,Tri-Planar,Mk VII,effective_length_mm,250.0,,mm,250 mm,parsed,0.95,,Tri-Planar official Mk VII page,https://www.triplanar.com/mk-vii/
851,Tri-Planar,Mk VII,effective_mass_g,11.0,,g,11 g,parsed,0.95,,Tri-Planar official Mk VII page,https://www.triplanar.com/mk-vii/
848,Tri-Planar,Mk VII,mounting_distance_mm,233.5,,mm,233.5 mm pivot-to-spindle,parsed,0.95,,Tri-Planar official Mk VII page,https://www.triplanar.com/mk-vii/
1589,Tri-Planar,Mk VII,null_alignment_type,,Baewald,,65.494 / 121.810 mm,derived,0.85,"Backfilled from derived null points using effective length, mounting distance/overhang, and offset angle; nearest-reference distance 1.041 mm.",Tri-Planar official Mk VII page,https://www.triplanar.com/mk-vii/
850,Tri-Planar,Mk VII,offset_angle_deg,22.0,,deg,22 degrees,parsed,0.95,,Tri-Planar official Mk VII page,https://www.triplanar.com/mk-vii/
849,Tri-Planar,Mk VII,overhang_mm,16.5,,mm,16.5 mm,parsed,0.95,,Tri-Planar official Mk VII page,https://www.triplanar.com/mk-vii/
739,Tri-Planar,Tri-Planar MKIV Ultimate,effective_length_mm,250.0,,mm,250,parsed,0.6,,BIGLOBE Arm Data,https://www7a.biglobe.ne.jp/~yosh/armdata.htm
1573,Tri-Planar,Tri-Planar MKIV Ultimate,null_alignment_type,,Baewald,,65.000 / 122.000 mm,derived,0.85,Backfilled from null-point pair proximity to reference alignments; nearest-reference distance 1.487 mm.,BIGLOBE Arm Data,https://www7a.biglobe.ne.jp/~yosh/armdata.htm
743,Tri-Planar,Tri-Planar MKIV Ultimate,null_point_inner_mm,65.0,,mm,65/122,parsed,0.6,,BIGLOBE Arm Data,https://www7a.biglobe.ne.jp/~yosh/armdata.htm
744,Tri-Planar,Tri-Planar MKIV Ultimate,null_point_outer_mm,122.0,,mm,65/122,parsed,0.6,,BIGLOBE Arm Data,https://www7a.biglobe.ne.jp/~yosh/armdata.htm
742,Tri-Planar,Tri-Planar MKIV Ultimate,null_points,,65/122,,65/122,parsed,0.6,,BIGLOBE Arm Data,https://www7a.biglobe.ne.jp/~yosh/armdata.htm
741,Tri-Planar,Tri-Planar MKIV Ultimate,offset_angle_deg,22.0,,deg,22,parsed,0.6,,BIGLOBE Arm Data,https://www7a.biglobe.ne.jp/~yosh/armdata.htm
740,Tri-Planar,Tri-Planar MKIV Ultimate,overhang_mm,16.5,,mm,16.5,parsed,0.6,,BIGLOBE Arm Data,https://www7a.biglobe.ne.jp/~yosh/armdata.htm
2661,Tri-Planar,Tri-Planar MKIV Ultimate,product_lineage,,"The official Tri-Planar site documents the long-running precision tonearm family developed over more than 55 years, providing official lineage support for the earlier Tri-Planar MKIV Ultimate model.",,Tri-Planar official family page,parsed,0.65,Official family-lineage support for historic exact model.,Tri-Planar Precision Tonearm,https://www.triplanar.com/
1383,Tri-Planar,U12,arm_mount,,3-screw installation / no large VTA hole,,"Easy 3-screw installation, with no large VTA hole",parsed,0.9,,Tri-Planar U12 official page,https://www.triplanar.com/u-12/
1378,Tri-Planar,U12,effective_length_mm,308.8,,mm,308.80 mm,parsed,0.95,,Tri-Planar U12 official page,https://www.triplanar.com/u-12/
1382,Tri-Planar,U12,effective_mass_g,15.0,,g,15 g,parsed,0.95,,Tri-Planar U12 official page,https://www.triplanar.com/u-12/
1379,Tri-Planar,U12,mounting_distance_mm,295.6,,mm,295.6 mm pivot-to-spindle,parsed,0.95,,Tri-Planar U12 official page,https://www.triplanar.com/u-12/
1672,Tri-Planar,U12,null_alignment_type,,Baewald,,66.165 / 120.579 mm,derived,0.85,"Backfilled from derived null points using effective length, mounting distance/overhang, and offset angle; nearest-reference distance 0.361 mm.",Tri-Planar U12 official page,https://www.triplanar.com/u-12/
1381,Tri-Planar,U12,offset_angle_deg,17.6,,deg,17.6 degrees,parsed,0.95,,Tri-Planar U12 official page,https://www.triplanar.com/u-12/
1380,Tri-Planar,U12,overhang_mm,13.2,,mm,13.2 mm,parsed,0.95,,Tri-Planar U12 official page,https://www.triplanar.com/u-12/
1377,Tri-Planar,U2 SE,arm_mount,,3-screw installation / no large VTA hole,,"Easy 3-screw installation, with no large VTA hole",parsed,0.9,,Tri-Planar U2 SE official page,https://www.triplanar.com/u2-se/
852,Tri-Planar,U2 SE,effective_length_mm,250.0,,mm,250 mm,parsed,0.95,,Tri-Planar official U2 SE page,https://www.triplanar.com/u2-se/
856,Tri-Planar,U2 SE,effective_mass_g,11.0,,g,11 g,parsed,0.95,,Tri-Planar official U2 SE page,https://www.triplanar.com/u2-se/
853,Tri-Planar,U2 SE,mounting_distance_mm,233.5,,mm,233.5 mm pivot-to-spindle,parsed,0.95,,Tri-Planar official U2 SE page,https://www.triplanar.com/u2-se/
1590,Tri-Planar,U2 SE,null_alignment_type,,Baewald,,65.494 / 121.810 mm,derived,0.85,"Backfilled from derived null points using effective length, mounting distance/overhang, and offset angle; nearest-reference distance 1.041 mm.",Tri-Planar official U2 SE page,https://www.triplanar.com/u2-se/
855,Tri-Planar,U2 SE,offset_angle_deg,22.0,,deg,22 degrees,parsed,0.95,,Tri-Planar official U2 SE page,https://www.triplanar.com/u2-se/
854,Tri-Planar,U2 SE,overhang_mm,16.5,,mm,16.5 mm,parsed,0.95,,Tri-Planar official U2 SE page,https://www.triplanar.com/u2-se/
2702,VPI,12-inch FatBoy gimbaled,bearing_system,,Full gimbal bearing,,Bearing Type: Full Gimbal Bearing,parsed,0.9,Official page construction note.,Gimbal | VPI Industries,https://www.vpiindustries.com/gimbal
2698,VPI,12-inch FatBoy gimbaled,effective_length_mm,313.0,,mm,Effective length: 313.0 mm,parsed,0.95,Official page geometry spec.,Gimbal | VPI Industries,https://www.vpiindustries.com/gimbal
2701,VPI,12-inch FatBoy gimbaled,effective_mass_g,12.5,,g,Effective mass: 12.5 g,parsed,0.95,Official page geometry spec.,Gimbal | VPI Industries,https://www.vpiindustries.com/gimbal
2703,VPI,12-inch FatBoy gimbaled,internal_wiring,,Nordost Reference Wire,,Internal Wire: Nordost Reference Wire,parsed,0.9,Official page wiring note.,Gimbal | VPI Industries,https://www.vpiindustries.com/gimbal
2697,VPI,12-inch FatBoy gimbaled,mounting_distance_mm,300.0,,mm,Pivot to spindle: 300 mm,parsed,0.95,Official page geometry spec.,Gimbal | VPI Industries,https://www.vpiindustries.com/gimbal
2705,VPI,12-inch FatBoy gimbaled,null_alignment_type,,Baewald,,65.827 / 121.060 mm,derived,0.85,"Backfilled from derived null points using effective length, mounting distance/overhang, and offset angle; nearest-reference distance 0.235 mm.",Gimbal | VPI Industries,https://www.vpiindustries.com/gimbal
2700,VPI,12-inch FatBoy gimbaled,offset_angle_deg,17.37,,deg,Offset angle: 17.37 degrees,parsed,0.95,Official page geometry spec.,Gimbal | VPI Industries,https://www.vpiindustries.com/gimbal
2699,VPI,12-inch FatBoy gimbaled,overhang_mm,13.0,,mm,Overhang: 13 mm,parsed,0.95,Official page geometry spec.,Gimbal | VPI Industries,https://www.vpiindustries.com/gimbal
2696,VPI,12-inch FatBoy gimbaled,product_lineage,,Official VPI page lists the Fatboy Gimbal 12-3D Tonearm as the 12-inch gimbaled FatBoy model.,,VPI Fatboy Gimbal 12-3D Tonearm,parsed,0.92,Use target queue naming while preserving official product-page label.,Gimbal | VPI Industries,https://www.vpiindustries.com/gimbal
1028,VPI,Fatboy JMW 9 3D,effective_length_mm,240.7,,mm,240.7 mm,parsed,0.95,,VPI official unipivot tonearms page,https://www.vpiindustries.com/unipivot
1032,VPI,Fatboy JMW 9 3D,effective_mass_g,10.2,,g,10.2 g,parsed,0.95,,VPI official unipivot tonearms page,https://www.vpiindustries.com/unipivot
1029,VPI,Fatboy JMW 9 3D,mounting_distance_mm,223.0,,mm,223 mm pivot to spindle,parsed,0.95,,VPI official unipivot tonearms page,https://www.vpiindustries.com/unipivot
1621,VPI,Fatboy JMW 9 3D,null_alignment_type,,Loefgren,,70.471 / 116.466 mm,derived,0.85,"Backfilled from derived null points using effective length, mounting distance/overhang, and offset angle; nearest-reference distance 0.232 mm.",VPI official unipivot tonearms page,https://www.vpiindustries.com/unipivot
1031,VPI,Fatboy JMW 9 3D,offset_angle_deg,22.85,,deg,22.85 degrees,parsed,0.95,,VPI official unipivot tonearms page,https://www.vpiindustries.com/unipivot
1030,VPI,Fatboy JMW 9 3D,overhang_mm,17.7,,mm,17.7 mm,parsed,0.95,,VPI official unipivot tonearms page,https://www.vpiindustries.com/unipivot
938,VPI,JMW-10,effective_length_mm,273.42,,mm,273.42 mm,parsed,0.95,,VPI official unipivot tonearms page,https://www.vpiindustries.com/unipivot
942,VPI,JMW-10,effective_mass_g,11.0,,g,11 g,parsed,0.95,,VPI official unipivot tonearms page,https://www.vpiindustries.com/unipivot
939,VPI,JMW-10,mounting_distance_mm,258.0,,mm,258 mm pivot to spindle,parsed,0.95,,VPI official unipivot tonearms page,https://www.vpiindustries.com/unipivot
1605,VPI,JMW-10,null_alignment_type,,Loefgren,,70.321 / 116.530 mm,derived,0.85,"Backfilled from derived null points using effective length, mounting distance/overhang, and offset angle; nearest-reference distance 0.083 mm.",VPI official unipivot tonearms page,https://www.vpiindustries.com/unipivot
941,VPI,JMW-10,offset_angle_deg,19.98,,deg,19.98 degrees,parsed,0.95,,VPI official unipivot tonearms page,https://www.vpiindustries.com/unipivot
940,VPI,JMW-10,overhang_mm,15.42,,mm,15.42 mm,parsed,0.95,,VPI official unipivot tonearms page,https://www.vpiindustries.com/unipivot
1023,VPI,JMW-10 3D,effective_length_mm,273.4,,mm,273.4 mm,parsed,0.95,,VPI official unipivot tonearms page,https://www.vpiindustries.com/unipivot
1027,VPI,JMW-10 3D,effective_mass_g,9.0,,g,9 g,parsed,0.95,,VPI official unipivot tonearms page,https://www.vpiindustries.com/unipivot
1024,VPI,JMW-10 3D,mounting_distance_mm,258.0,,mm,258 mm pivot to spindle,parsed,0.95,,VPI official unipivot tonearms page,https://www.vpiindustries.com/unipivot
1620,VPI,JMW-10 3D,null_alignment_type,,Loefgren,,70.106 / 116.731 mm,derived,0.85,"Backfilled from derived null points using effective length, mounting distance/overhang, and offset angle; nearest-reference distance 0.219 mm.",VPI official unipivot tonearms page,https://www.vpiindustries.com/unipivot
1026,VPI,JMW-10 3D,offset_angle_deg,19.98,,deg,19.98 degrees,parsed,0.95,,VPI official unipivot tonearms page,https://www.vpiindustries.com/unipivot
1025,VPI,JMW-10 3D,overhang_mm,15.4,,mm,15.4 mm,parsed,0.95,,VPI official unipivot tonearms page,https://www.vpiindustries.com/unipivot
1311,VPI,JMW-10.5,effective_length_mm,265.0,,mm,Derived from 250 mm spindle to pivot and 15 mm overhang,derived,0.65,Secondary source; use cautiously until official geometry sheet surfaces.,VPI tonearm geometry analysis,https://www.vinylengine.com/vpi-tonearm-geometry.shtml
1441,VPI,JMW-10.5,effective_length_mm,273.42,,mm,Effective length: 273.42mm,parsed,0.9,Official current VPI product page uses JMW 10 naming for the 10-inch unipivot arm family.,VPI JMW unipivot tonearm page,https://www.vpiindustries.com/unipivot
1444,VPI,JMW-10.5,effective_mass_g,11.0,,g,Effective mass: 11g,parsed,0.9,,VPI JMW unipivot tonearm page,https://www.vpiindustries.com/unipivot
1310,VPI,JMW-10.5,mounting_distance_mm,250.0,,mm,250 mm spindle to pivot,parsed,0.65,Secondary source; use cautiously until official geometry sheet surfaces.,VPI tonearm geometry analysis,https://www.vinylengine.com/vpi-tonearm-geometry.shtml
1440,VPI,JMW-10.5,mounting_distance_mm,258.0,,mm,Pivot to spindle distance: 258mm,parsed,0.9,Official current VPI product page uses JMW 10 naming for the 10-inch unipivot arm family.,VPI JMW unipivot tonearm page,https://www.vpiindustries.com/unipivot
1666,VPI,JMW-10.5,null_alignment_type,,Loefgren,,70.321 / 116.530 mm,derived,0.85,"Backfilled from derived null points using effective length, mounting distance/overhang, and offset angle; nearest-reference distance 0.083 mm.",VPI JMW unipivot tonearm page,https://www.vpiindustries.com/unipivot
1315,VPI,JMW-10.5,null_point_inner_mm,53.0,,mm,53 mm,parsed,0.55,Secondary geometry-analysis result.,VPI tonearm geometry analysis,https://www.vinylengine.com/vpi-tonearm-geometry.shtml
1316,VPI,JMW-10.5,null_point_outer_mm,145.4,,mm,145.4 mm,parsed,0.55,Secondary geometry-analysis result.,VPI tonearm geometry analysis,https://www.vinylengine.com/vpi-tonearm-geometry.shtml
1314,VPI,JMW-10.5,null_points,,53 / 145.4,,53 mm and 145.4 mm,parsed,0.55,Secondary geometry-analysis result.,VPI tonearm geometry analysis,https://www.vinylengine.com/vpi-tonearm-geometry.shtml
1313,VPI,JMW-10.5,offset_angle_deg,22.0,,deg,22 degrees,parsed,0.65,Secondary source.,VPI tonearm geometry analysis,https://www.vinylengine.com/vpi-tonearm-geometry.shtml
1443,VPI,JMW-10.5,offset_angle_deg,19.98,,deg,Offset angle: 19.98 degrees,parsed,0.9,,VPI JMW unipivot tonearm page,https://www.vpiindustries.com/unipivot
1312,VPI,JMW-10.5,overhang_mm,15.0,,mm,15 mm,parsed,0.65,Secondary source.,VPI tonearm geometry analysis,https://www.vinylengine.com/vpi-tonearm-geometry.shtml
1442,VPI,JMW-10.5,overhang_mm,15.42,,mm,Overhang: 15.42mm,parsed,0.9,,VPI JMW unipivot tonearm page,https://www.vpiindustries.com/unipivot
1445,VPI,JMW-10.5,setup_manual_reference,,JMW Tonearm 10.5 and 12.5 setup manual,,Setup manual for JMW Tonearm 10.5 and 12.5 version,parsed,0.95,Official VPI manual link listed on VPI manuals page under Turntable Parts.,VPI JMW 10.5 setup manual,https://www.vpiindustries.com/_files/ugd/5e0564_04492ebfa26747d9bef8842aebc33384.pdf
1448,VPI,JMW-10.5i,anti_skate,,standard,,"Tonearm anti-skate - For those that require the fine adjustment of anti-skate, it is standard on the JMW-10.5i SE.",parsed,0.9,,VPI Classic 1 product page,https://www.vpiindustries.com/classic1
1447,VPI,JMW-10.5i,arm_type,,unipivot,,The VPI “Classic Turntable” comes standard with the unipivot JMW-10.5i tonearm Special Edition in rigid mount mode.,parsed,0.95,,VPI Classic 1 product page,https://www.vpiindustries.com/classic1
1318,VPI,JMW-10.5i,effective_length_mm,277.0,,mm,Derived from 262 mm spindle to pivot and 15 mm overhang,derived,0.7,Secondary geometry source with official model-existence corroboration.,VPI tonearm geometry analysis,https://www.vinylengine.com/vpi-tonearm-geometry.shtml
1317,VPI,JMW-10.5i,mounting_distance_mm,262.0,,mm,262 mm spindle to pivot,parsed,0.7,Secondary geometry source with official model-existence corroboration.,VPI tonearm geometry analysis,https://www.vinylengine.com/vpi-tonearm-geometry.shtml
1667,VPI,JMW-10.5i,null_alignment_type,,Other,,52.000 / 155.500 mm,derived,0.75,Backfilled from null-point pair proximity to reference alignments; nearest-reference distance 37.325 mm.,VPI tonearm geometry analysis,https://www.vinylengine.com/vpi-tonearm-geometry.shtml
1322,VPI,JMW-10.5i,null_point_inner_mm,52.0,,mm,52 mm,parsed,0.6,Secondary geometry-analysis result.,VPI tonearm geometry analysis,https://www.vinylengine.com/vpi-tonearm-geometry.shtml
1323,VPI,JMW-10.5i,null_point_outer_mm,155.5,,mm,155.5 mm,parsed,0.6,Secondary geometry-analysis result.,VPI tonearm geometry analysis,https://www.vinylengine.com/vpi-tonearm-geometry.shtml
1321,VPI,JMW-10.5i,null_points,,52 / 155.5,,52 mm and 155.5 mm,parsed,0.6,Secondary geometry-analysis result.,VPI tonearm geometry analysis,https://www.vinylengine.com/vpi-tonearm-geometry.shtml
1320,VPI,JMW-10.5i,offset_angle_deg,22.0,,deg,22 degrees,parsed,0.7,Secondary source.,VPI tonearm geometry analysis,https://www.vinylengine.com/vpi-tonearm-geometry.shtml
1319,VPI,JMW-10.5i,overhang_mm,15.0,,mm,15 mm,parsed,0.7,Secondary source.,VPI tonearm geometry analysis,https://www.vinylengine.com/vpi-tonearm-geometry.shtml
1446,VPI,JMW-10.5i,product_configuration,,Standard on Classic Turntable in rigid mount mode,,The VPI “Classic Turntable” comes standard with the unipivot JMW-10.5i tonearm Special Edition in rigid mount mode.,parsed,0.95,,VPI Classic 1 product page,https://www.vpiindustries.com/classic1
1449,VPI,JMW-10.5i,variant_notes,,SE version gives up VTA on the fly adjustments,,"Special Edition JMW-10.5i SE tonearm - By giving up ""VTA on the fly"" adjustments, you get most of the sound of the highly reviewed JMW-10.5i tonearm.",parsed,0.9,,VPI Classic 1 product page,https://www.vpiindustries.com/classic1
943,VPI,JMW-12 3D,effective_length_mm,313.0,,mm,313.0 mm,parsed,0.95,,VPI official unipivot tonearms page,https://www.vpiindustries.com/unipivot
1174,VPI,JMW-12 3D,effective_length_mm,313.0,,mm,313.0 mm,parsed,0.95,,VPI Unipivot Tonearms official page,https://www.vpiindustries.com/unipivot
947,VPI,JMW-12 3D,effective_mass_g,10.5,,g,10.5 g,parsed,0.95,,VPI official unipivot tonearms page,https://www.vpiindustries.com/unipivot
1178,VPI,JMW-12 3D,effective_mass_g,10.5,,g,10.5 g,parsed,0.95,,VPI Unipivot Tonearms official page,https://www.vpiindustries.com/unipivot
944,VPI,JMW-12 3D,mounting_distance_mm,300.0,,mm,300 mm pivot to spindle,parsed,0.95,,VPI official unipivot tonearms page,https://www.vpiindustries.com/unipivot
1175,VPI,JMW-12 3D,mounting_distance_mm,300.0,,mm,300 mm,parsed,0.95,,VPI Unipivot Tonearms official page,https://www.vpiindustries.com/unipivot
1606,VPI,JMW-12 3D,null_alignment_type,,Baewald,,65.827 / 121.060 mm,derived,0.85,"Backfilled from derived null points using effective length, mounting distance/overhang, and offset angle; nearest-reference distance 0.235 mm.",VPI Unipivot Tonearms official page,https://www.vpiindustries.com/unipivot
946,VPI,JMW-12 3D,offset_angle_deg,17.37,,deg,17.37 degrees,parsed,0.95,,VPI official unipivot tonearms page,https://www.vpiindustries.com/unipivot
1177,VPI,JMW-12 3D,offset_angle_deg,17.37,,deg,17.37 degrees,parsed,0.95,,VPI Unipivot Tonearms official page,https://www.vpiindustries.com/unipivot
945,VPI,JMW-12 3D,overhang_mm,13.0,,mm,13 mm,parsed,0.95,,VPI official unipivot tonearms page,https://www.vpiindustries.com/unipivot
1176,VPI,JMW-12 3D,overhang_mm,13.0,,mm,13 mm,parsed,0.95,,VPI Unipivot Tonearms official page,https://www.vpiindustries.com/unipivot
933,VPI,JMW-9,effective_length_mm,240.7,,mm,240.7 mm,parsed,0.95,,VPI official unipivot tonearms page,https://www.vpiindustries.com/unipivot
937,VPI,JMW-9,effective_mass_g,10.2,,g,10.2 g,parsed,0.95,,VPI official unipivot tonearms page,https://www.vpiindustries.com/unipivot
934,VPI,JMW-9,mounting_distance_mm,223.0,,mm,223 mm pivot to spindle,parsed,0.95,,VPI official unipivot tonearms page,https://www.vpiindustries.com/unipivot
1604,VPI,JMW-9,null_alignment_type,,Loefgren,,70.471 / 116.466 mm,derived,0.85,"Backfilled from derived null points using effective length, mounting distance/overhang, and offset angle; nearest-reference distance 0.232 mm.",VPI official unipivot tonearms page,https://www.vpiindustries.com/unipivot
936,VPI,JMW-9,offset_angle_deg,22.85,,deg,22.85 degrees,parsed,0.95,,VPI official unipivot tonearms page,https://www.vpiindustries.com/unipivot
935,VPI,JMW-9,overhang_mm,17.7,,mm,17.7 mm,parsed,0.95,,VPI official unipivot tonearms page,https://www.vpiindustries.com/unipivot
1797,Vertere Acoustics,Reference Tonearm (Gen III),arm_tube_material,,Titanium Arm Tube & Head-Shell,,Titanium Arm Tube & Head-Shell,parsed,0.9,,Vertere official tonearm page,https://www.vertereacoustics.com/reference-tonearm
1796,Vertere Acoustics,Reference Tonearm (Gen III),bearing_system,,Unique Kevlar Fibre Bearing System,,Unique Kevlar Fibre Bearing System,parsed,0.9,,Vertere official tonearm page,https://www.vertereacoustics.com/reference-tonearm
1809,Vertere Acoustics,Reference Tonearm (Gen III),null_alignment_type,,Unknown,,Unknown,derived,0.4,Defaulted because the current source set does not explicitly specify a null alignment family.,Vertere official tonearm page,https://www.vertereacoustics.com/reference-tonearm
1798,Vertere Acoustics,Reference Tonearm (Gen III),setup_features,,"Fully articulated counterweight, fine azimuth and VTA adjustments",,"Fully articulated counterweight, fine azimuth and VTA adjustments",parsed,0.9,,Vertere official tonearm page,https://www.vertereacoustics.com/reference-tonearm
1794,Vertere Acoustics,Super Groove II Pathfinder Tonearm,arm_tube_material,,Carbon Fibre Arm Tube with Titanium Headshell,,Carbon Fibre Arm Tube with Titanium Headshell,parsed,0.9,,Vertere official tonearm page,https://www.vertereacoustics.com/super-groove-ii-pathfinder-tonearm
1793,Vertere Acoustics,Super Groove II Pathfinder Tonearm,bearing_system,,Tri-Pivot Bearing System,,Tri-Pivot Bearing System,parsed,0.9,,Vertere official tonearm page,https://www.vertereacoustics.com/super-groove-ii-pathfinder-tonearm
1808,Vertere Acoustics,Super Groove II Pathfinder Tonearm,null_alignment_type,,Unknown,,Unknown,derived,0.4,Defaulted because the current source set does not explicitly specify a null alignment family.,Vertere official tonearm page,https://www.vertereacoustics.com/super-groove-ii-pathfinder-tonearm
1795,Vertere Acoustics,Super Groove II Pathfinder Tonearm,setup_features,,Bias-Curve Adjustable Anti-Skate,,Bias-Curve Adjustable Anti-Skate,parsed,0.9,,Vertere official tonearm page,https://www.vertereacoustics.com/super-groove-ii-pathfinder-tonearm
1791,Vertere Acoustics,Super Groove Precision Tonearm,arm_tube_material,,Carbon Fibre Arm Tube with Aluminium Alloy Headshell,,Carbon Fibre Arm Tube with Aluminium Alloy Headshell,parsed,0.9,,Vertere official tonearm page,https://www.vertereacoustics.com/super-groove-precision-tonearm
1790,Vertere Acoustics,Super Groove Precision Tonearm,bearing_system,,Tri-Point Articulated Bearing (TPA),,Tri-Point Articulated Bearing (TPA),parsed,0.9,,Vertere official tonearm page,https://www.vertereacoustics.com/super-groove-precision-tonearm
1807,Vertere Acoustics,Super Groove Precision Tonearm,null_alignment_type,,Unknown,,Unknown,derived,0.4,Defaulted because the current source set does not explicitly specify a null alignment family.,Vertere official tonearm page,https://www.vertereacoustics.com/super-groove-precision-tonearm
1792,Vertere Acoustics,Super Groove Precision Tonearm,setup_features,,Bias-curve adjustable anti-skate not explicitly stated on product page; page mentions fine tracking weight ring and anti-skate adjustment,,fine tracking weight ring and bias-curve adjustable anti-skate allow precise cartridge optimisation,parsed,0.9,,Vertere official tonearm page,https://www.vertereacoustics.com/super-groove-precision-tonearm
2420,ViV Laboratory,Rigid Float HA9,arm_tube_material,,coated aluminum,,Ha9 arm pipe material: Coated Aluminum,parsed,0.84,,DS Exports Rigid Float tonearm series,https://ds-exports.biz/rigid-float-tone-arm/
2414,ViV Laboratory,Rigid Float HA9,arm_type,,straight underhung tonearm,,Offset angle 0 degrees (all models),parsed,0.84,,Sierra Sound ViV Lab tech info,https://www.sierrasound.net/vivtech
2423,ViV Laboratory,Rigid Float HA9,azimuth_adjustment,,Yes,,Azimuth adjustment function,parsed,0.82,,DS Exports Rigid Float tonearm series,https://ds-exports.biz/rigid-float-tone-arm/
2419,ViV Laboratory,Rigid Float HA9,bearing_type,,oil floated pivot,,ViV laboratory’s original OIL FLOATED PIVOT,parsed,0.84,,DS Exports Rigid Float tonearm series,https://ds-exports.biz/rigid-float-tone-arm/
2424,ViV Laboratory,Rigid Float HA9,cartridge_range_high_g,50.0,,g,Can be install heavy cartridge up to 50g,parsed,0.82,,DS Exports Rigid Float tonearm series,https://ds-exports.biz/rigid-float-tone-arm/
2416,ViV Laboratory,Rigid Float HA9,effective_length_mm,259.0,,mm,Effective length 259mm (9” version),parsed,0.86,,Sierra Sound ViV Lab tech info,https://www.sierrasound.net/vivtech
2421,ViV Laboratory,Rigid Float HA9,headshell_type,,exchangeable universal headshell; Nelson Hold bundled,,Head-shell exchangeable (Universal type) ... ViV Laboratory original head shell “Nelson Hold” bundled,parsed,0.82,,DS Exports Rigid Float tonearm series,https://ds-exports.biz/rigid-float-tone-arm/
2415,ViV Laboratory,Rigid Float HA9,mounting_distance_mm,274.0,,mm,Pivot to Spindle distance 274mm (9” version),parsed,0.86,,Sierra Sound ViV Lab tech info,https://www.sierrasound.net/vivtech
2438,ViV Laboratory,Rigid Float HA9,null_alignment_type,,Other,,-89.415 / 89.415 mm,derived,0.65,"Backfilled from derived null points using effective length, mounting distance/overhang, and offset angle; nearest-reference distance 152.336 mm.",Sierra Sound ViV Lab tech info,https://www.sierrasound.net/vivtech
2418,ViV Laboratory,Rigid Float HA9,offset_angle_deg,0.0,,deg,Offset angle 0 degrees (all models),parsed,0.86,,Sierra Sound ViV Lab tech info,https://www.sierrasound.net/vivtech
2422,ViV Laboratory,Rigid Float HA9,output_connector,,RCA output with independent ground pin for balance output,,RCA OUTPUT with independent Ground pin for Balance output,parsed,0.82,,DS Exports Rigid Float tonearm series,https://ds-exports.biz/rigid-float-tone-arm/
2417,ViV Laboratory,Rigid Float HA9,overhang_mm,-15.0,,mm,Overhang -15mm (9” version),parsed,0.86,,Sierra Sound ViV Lab tech info,https://www.sierrasound.net/vivtech
2671,ViV Laboratory,Rigid Float HA9,product_lineage,,Authorized distributor specifications list the ViV Laboratory Rigid Float HA9 as the 9-inch member of the Rigid Float Ha tonearm series.,,DS Exports lists Rigid Float Ha9 specifications,parsed,0.8,Official distributor support for exact model.,Rigid Float Tonearm Series - DS Exports,https://ds-exports.biz/rigid-float-tone-arm/
355,Victor (JVC),UA-7045,effective_length_mm,245.0,,mm,245,parsed,0.6,,BIGLOBE Arm Data,https://www7a.biglobe.ne.jp/~yosh/armdata.htm
1509,Victor (JVC),UA-7045,null_alignment_type,,Other,,58.000 / 123.000 mm,derived,0.75,Backfilled from null-point pair proximity to reference alignments; nearest-reference distance 6.045 mm.,BIGLOBE Arm Data,https://www7a.biglobe.ne.jp/~yosh/armdata.htm
359,Victor (JVC),UA-7045,null_point_inner_mm,58.0,,mm,58/123,parsed,0.6,,BIGLOBE Arm Data,https://www7a.biglobe.ne.jp/~yosh/armdata.htm
360,Victor (JVC),UA-7045,null_point_outer_mm,123.0,,mm,58/123,parsed,0.6,,BIGLOBE Arm Data,https://www7a.biglobe.ne.jp/~yosh/armdata.htm
358,Victor (JVC),UA-7045,null_points,,58/123,,58/123,parsed,0.6,,BIGLOBE Arm Data,https://www7a.biglobe.ne.jp/~yosh/armdata.htm
357,Victor (JVC),UA-7045,offset_angle_deg,21.667,,deg,21.667 (21°40'),parsed,0.6,,BIGLOBE Arm Data,https://www7a.biglobe.ne.jp/~yosh/armdata.htm
356,Victor (JVC),UA-7045,overhang_mm,15.0,,mm,15,parsed,0.6,,BIGLOBE Arm Data,https://www7a.biglobe.ne.jp/~yosh/armdata.htm
2614,Victor (JVC),UA-7045,product_lineage,,Victor UA-7045 is documented by official historical specifications as the 245 mm effective length TH static-balance new gimbal support tonearm.,,UA-7045 official historical page,parsed,0.8,Official historical support for exact model.,VICTOR UA-7082/UA-7045の仕様 ビクター,https://audio-heritage.jp/VICTOR/etc/ua-7082.html
2615,Victor (JVC),UA-7045,product_lineage,,Victor/JVC UA-7045 is documented by mirrored original-manual support as a high-sensitivity gimbal support tonearm.,,UA-7045 manual page,parsed,0.75,Manual-mirror support for exact model.,JVC UA-7045 Gimbal Support Tonearm Manual,https://www.vinylengine.com/library/jvc/ua-7045.shtml
361,Victor (JVC),UA-7082,effective_length_mm,282.0,,mm,282,parsed,0.6,,BIGLOBE Arm Data,https://www7a.biglobe.ne.jp/~yosh/armdata.htm
1510,Victor (JVC),UA-7082,null_alignment_type,,Other,,61.000 / 109.000 mm,derived,0.75,Backfilled from null-point pair proximity to reference alignments; nearest-reference distance 8.447 mm.,BIGLOBE Arm Data,https://www7a.biglobe.ne.jp/~yosh/armdata.htm
365,Victor (JVC),UA-7082,null_point_inner_mm,61.0,,mm,61/109,parsed,0.6,,BIGLOBE Arm Data,https://www7a.biglobe.ne.jp/~yosh/armdata.htm
366,Victor (JVC),UA-7082,null_point_outer_mm,109.0,,mm,61/109,parsed,0.6,,BIGLOBE Arm Data,https://www7a.biglobe.ne.jp/~yosh/armdata.htm
364,Victor (JVC),UA-7082,null_points,,61/109,,61/109,parsed,0.6,,BIGLOBE Arm Data,https://www7a.biglobe.ne.jp/~yosh/armdata.htm
363,Victor (JVC),UA-7082,offset_angle_deg,17.5,,deg,17.5,parsed,0.6,,BIGLOBE Arm Data,https://www7a.biglobe.ne.jp/~yosh/armdata.htm
362,Victor (JVC),UA-7082,overhang_mm,12.0,,mm,12,parsed,0.6,,BIGLOBE Arm Data,https://www7a.biglobe.ne.jp/~yosh/armdata.htm
2616,Victor (JVC),UA-7082,product_lineage,,Victor UA-7082 is documented by official historical specifications as the 282 mm effective length TH static-balance new gimbal support tonearm.,,UA-7082 official historical page,parsed,0.8,Official historical support for exact model.,VICTOR UA-7082/UA-7045の仕様 ビクター,https://audio-heritage.jp/VICTOR/etc/ua-7082.html
2617,Victor (JVC),UA-7082,product_lineage,,Mirrored JVC turntables catalogue provides original company product-documentation support for the Victor/JVC turntable and tonearm range that includes long-arm high-end systems around UA-7082.,,JVC turntables catalogue,parsed,0.55,Supplemental catalogue support.,JVC Turntables Product Catalogue,https://www.vinylengine.com/library/jvc/turntables.shtml
2967,Wand,10.3in,null_alignment_type,,Unknown,,Unknown,derived,0.4,Defaulted because the current source set does not explicitly specify a null alignment family.,Design Build Listen Wand homepage,https://designbuildlisten.com/
2963,Wand,10.3in,product_family,,The Wand Tonearm,,"The Wand Tonearm® represents a step change in tonearm design. It is available as in 9.5*, 10.3"" and 12"" lengths and in three specification levels The Wand Plus, The Wand Master and Master S (Lite) Series.",parsed,0.8,Official family support for current Wand lineup.,Design Build Listen Wand homepage,https://designbuildlisten.com/
2962,Wand,10.3in,product_lineage,,Official The Wand tonearm lineup includes a 10.3in length option.,,"The Wand Tonearm® represents a step change in tonearm design. It is available as in 9.5*, 10.3"" and 12"" lengths and in three specification levels The Wand Plus, The Wand Master and Master S (Lite) Series.",parsed,0.86,Exact length-option support from official homepage.,Design Build Listen Wand homepage,https://designbuildlisten.com/
2968,Wand,12in,null_alignment_type,,Unknown,,Unknown,derived,0.4,Defaulted because the current source set does not explicitly specify a null alignment family.,Design Build Listen Wand homepage,https://designbuildlisten.com/
2965,Wand,12in,product_family,,The Wand Tonearm,,"The Wand Tonearm® represents a step change in tonearm design. It is available as in 9.5*, 10.3"" and 12"" lengths and in three specification levels The Wand Plus, The Wand Master and Master S (Lite) Series.",parsed,0.8,Official family support for current Wand lineup.,Design Build Listen Wand homepage,https://designbuildlisten.com/
2964,Wand,12in,product_lineage,,Official The Wand tonearm lineup includes a 12in length option.,,"The Wand Tonearm® represents a step change in tonearm design. It is available as in 9.5*, 10.3"" and 12"" lengths and in three specification levels The Wand Plus, The Wand Master and Master S (Lite) Series.",parsed,0.86,Exact length-option support from official homepage.,Design Build Listen Wand homepage,https://designbuildlisten.com/
2966,Wand,9.5in,null_alignment_type,,Unknown,,Unknown,derived,0.4,Defaulted because the current source set does not explicitly specify a null alignment family.,Design Build Listen Wand homepage,https://designbuildlisten.com/
2961,Wand,9.5in,product_family,,The Wand Tonearm,,"The Wand Tonearm® represents a step change in tonearm design. It is available as in 9.5*, 10.3"" and 12"" lengths and in three specification levels The Wand Plus, The Wand Master and Master S (Lite) Series.",parsed,0.8,Official family support for current Wand lineup.,Design Build Listen Wand homepage,https://designbuildlisten.com/
2960,Wand,9.5in,product_lineage,,Official The Wand tonearm lineup includes a 9.5in length option.,,"The Wand Tonearm® represents a step change in tonearm design. It is available as in 9.5*, 10.3"" and 12"" lengths and in three specification levels The Wand Plus, The Wand Master and Master S (Lite) Series.",parsed,0.86,Exact length-option support from official homepage.,Design Build Listen Wand homepage,https://designbuildlisten.com/
2425,Wand,Master 12-inch,arm_size,,12-inch,,Available lengths ... 12in,parsed,0.9,,The Wand Series B data sheet,https://cdn.shopify.com/s/files/1/0600/1121/files/Wand_Data_Sheet_Series_B_ROW_v1.pdf?v=1710891405
2433,Wand,Master 12-inch,arm_tube_material,,22 mm matt black carbon fibre,,Armtube (22mm carbon fibre. 4x stiffer than a normal diameter arm.) Matt Black Carbon Fibre,parsed,0.9,,The Wand Series B data sheet,https://cdn.shopify.com/s/files/1/0600/1121/files/Wand_Data_Sheet_Series_B_ROW_v1.pdf?v=1710891405
2430,Wand,Master 12-inch,bearing_type,,zirconium oxide (diamond) / tungsten carbide cup,,Bearing ... Zirconium Oxide (Diamond) / Tungsten Carbide Cup,parsed,0.9,,The Wand Series B data sheet,https://cdn.shopify.com/s/files/1/0600/1121/files/Wand_Data_Sheet_Series_B_ROW_v1.pdf?v=1710891405
2436,Wand,Master 12-inch,cartridge_range_high_g,13.0,,g,Std Cart. Weight 5-13g,parsed,0.9,,The Wand Series B data sheet,https://cdn.shopify.com/s/files/1/0600/1121/files/Wand_Data_Sheet_Series_B_ROW_v1.pdf?v=1710891405
2435,Wand,Master 12-inch,cartridge_range_low_g,5.0,,g,Std Cart. Weight 5-13g,parsed,0.9,,The Wand Series B data sheet,https://cdn.shopify.com/s/files/1/0600/1121/files/Wand_Data_Sheet_Series_B_ROW_v1.pdf?v=1710891405
2427,Wand,Master 12-inch,effective_mass_g,16.0,,g,Effective Mass /g ... 16,parsed,0.9,,The Wand Series B data sheet,https://cdn.shopify.com/s/files/1/0600/1121/files/Wand_Data_Sheet_Series_B_ROW_v1.pdf?v=1710891405
2432,Wand,Master 12-inch,internal_wiring,,Master spec wire / Mundorf solder,,Internal wire/ Solder Master spec wire / Mundorf solder,parsed,0.9,,The Wand Series B data sheet,https://cdn.shopify.com/s/files/1/0600/1121/files/Wand_Data_Sheet_Series_B_ROW_v1.pdf?v=1710891405
2426,Wand,Master 12-inch,mounting_distance_mm,295.0,,mm,Mounting Distance from spindle ... 295mm,parsed,0.9,,The Wand Series B data sheet,https://cdn.shopify.com/s/files/1/0600/1121/files/Wand_Data_Sheet_Series_B_ROW_v1.pdf?v=1710891405
2429,Wand,Master 12-inch,mounting_hole_diameter_mm,,nominal 25 mm; usable 23-32 mm; up to 48 mm with adapter,,Mounting hole Nominal 25mm/1” (23-32mm) Up to 48mm with adapter,parsed,0.9,,The Wand Series B data sheet,https://cdn.shopify.com/s/files/1/0600/1121/files/Wand_Data_Sheet_Series_B_ROW_v1.pdf?v=1710891405
2439,Wand,Master 12-inch,null_alignment_type,,Unknown,,Unknown,derived,0.4,Defaulted because the current source set does not explicitly specify a null alignment family.,The Wand Series B data sheet,https://cdn.shopify.com/s/files/1/0600/1121/files/Wand_Data_Sheet_Series_B_ROW_v1.pdf?v=1710891405
2431,Wand,Master 12-inch,output_connector,,gold female RCA / phono,,Plugs Gold Female RCA / Phono,parsed,0.9,,The Wand Series B data sheet,https://cdn.shopify.com/s/files/1/0600/1121/files/Wand_Data_Sheet_Series_B_ROW_v1.pdf?v=1710891405
2437,Wand,Master 12-inch,product_line,,current official lineup: Plus and Master,,"The arms are available in four lengths: 9.5"", 10.3"", 12"" & 14"" and two specification levels, The Wand Plus and The Wand Master.",parsed,0.9,,The Wand tonearm models page,https://designbuildlisten.com/pages/shop-where-to-buy
2428,Wand,Master 12-inch,total_weight_g,850.0,,g,Weight (mounted) ... 850g,parsed,0.9,,The Wand Series B data sheet,https://cdn.shopify.com/s/files/1/0600/1121/files/Wand_Data_Sheet_Series_B_ROW_v1.pdf?v=1710891405
2434,Wand,Master 12-inch,vta_adjustment,,dial with graduated scale,,VTA Adjust Y (Dial with graduated scale),parsed,0.9,,The Wand Series B data sheet,https://cdn.shopify.com/s/files/1/0600/1121/files/Wand_Data_Sheet_Series_B_ROW_v1.pdf?v=1710891405
1075,Well Tempered Lab,LTD 10.5-inch,arm_mount,,22 mm hole / fixed geometry,,22 mm hole; no further adjustment is provided or required,parsed,0.9,,WTL LTD manual,https://www.welltemperedlab.net/assets/Uploads/WTL-LTD-Manual-Rev.-March-2014.pdf
1073,Well Tempered Lab,LTD 10.5-inch,effective_length_mm,267.0,,mm,10.5 inch (267 mm),parsed,0.95,,WTL LTD manual,https://www.welltemperedlab.net/assets/Uploads/WTL-LTD-Manual-Rev.-March-2014.pdf
1074,Well Tempered Lab,LTD 10.5-inch,effective_mass_g,10.0,,g,10 g,parsed,0.95,,WTL LTD manual,https://www.welltemperedlab.net/assets/Uploads/WTL-LTD-Manual-Rev.-March-2014.pdf
1628,Well Tempered Lab,LTD 10.5-inch,null_alignment_type,,Unknown,,Unknown,derived,0.4,Defaulted because the current source set does not explicitly specify a null alignment family.,WTL LTD manual,https://www.welltemperedlab.net/assets/Uploads/WTL-LTD-Manual-Rev.-March-2014.pdf
1076,Well Tempered Lab,LTD 10.5-inch,overhang_mm,,fixed at factory,,There is no provision for overhang adjustment,raw_only,0.8,Manual states overhang is fixed ex-factory and not user adjustable.,WTL LTD manual,https://www.welltemperedlab.net/assets/Uploads/WTL-LTD-Manual-Rev.-March-2014.pdf
1077,Well Tempered Lab,LTD 16-inch,effective_length_mm,400.0,,mm,16 inches or about 400 mm,parsed,0.85,,Royale 400 brochure,https://www.welltemperedlab.net/assets/Uploads/Royale-Brochure.pdf
1629,Well Tempered Lab,LTD 16-inch,null_alignment_type,,Other,,48.295 / 104.352 mm,derived,0.65,"Backfilled from derived null points using effective length, mounting distance/overhang, and offset angle; nearest-reference distance 17.762 mm.",Royale 400 brochure,https://www.welltemperedlab.net/assets/Uploads/Royale-Brochure.pdf
1079,Well Tempered Lab,LTD 16-inch,offset_angle_deg,11.0,,deg,11 degrees,parsed,0.85,,Royale 400 brochure,https://www.welltemperedlab.net/assets/Uploads/Royale-Brochure.pdf
1078,Well Tempered Lab,LTD 16-inch,overhang_mm,6.35,,mm,0.25 inches,derived,0.8,Converted from 0.25 inch brochure value.,Royale 400 brochure,https://www.welltemperedlab.net/assets/Uploads/Royale-Brochure.pdf
1038,Wilson Benesch,A.C.T. 0.5,cartridge_range_high_g,16.0,,g,5-16 g,parsed,0.9,,Wilson Benesch analogue owner manual,https://www.decibel.ch/upfiles/documents/wilson-beneschanaloguemanual-52281.pdf
1037,Wilson Benesch,A.C.T. 0.5,cartridge_range_low_g,5.0,,g,5-16 g,parsed,0.9,,Wilson Benesch analogue owner manual,https://www.decibel.ch/upfiles/documents/wilson-beneschanaloguemanual-52281.pdf
1033,Wilson Benesch,A.C.T. 0.5,effective_length_mm,235.0,,mm,235 mm,parsed,0.95,,Wilson Benesch analogue owner manual,https://www.decibel.ch/upfiles/documents/wilson-beneschanaloguemanual-52281.pdf
1036,Wilson Benesch,A.C.T. 0.5,effective_mass_g,9.0,,g,9 g,parsed,0.95,,Wilson Benesch analogue owner manual,https://www.decibel.ch/upfiles/documents/wilson-beneschanaloguemanual-52281.pdf
1034,Wilson Benesch,A.C.T. 0.5,mounting_distance_mm,217.0,,mm,217 mm spindle to pillar,parsed,0.95,,Wilson Benesch analogue owner manual,https://www.decibel.ch/upfiles/documents/wilson-beneschanaloguemanual-52281.pdf
1622,Wilson Benesch,A.C.T. 0.5,null_alignment_type,,Unknown,,Unknown,derived,0.4,Defaulted because the current source set does not explicitly specify a null alignment family.,Wilson Benesch analogue owner manual,https://www.decibel.ch/upfiles/documents/wilson-beneschanaloguemanual-52281.pdf
1035,Wilson Benesch,A.C.T. 0.5,overhang_mm,18.0,,mm,18 mm,parsed,0.95,,Wilson Benesch analogue owner manual,https://www.decibel.ch/upfiles/documents/wilson-beneschanaloguemanual-52281.pdf
926,Wilson Benesch,A.C.T. 25,cartridge_range_high_g,22.0,,g,Heavy counterweight option 13.5-22 g,parsed,0.75,Stored combined maximum across supplied counterweight options.,Wilson Benesch analogue brochure,https://nirvanasound.com/wp-content/uploads/brochures/Wilson-Benesch-Analogue-brochure-web-LR.pdf
925,Wilson Benesch,A.C.T. 25,cartridge_range_low_g,7.5,,g,Light counterweight option 7.5-12.5 g,parsed,0.9,,Wilson Benesch analogue brochure,https://nirvanasound.com/wp-content/uploads/brochures/Wilson-Benesch-Analogue-brochure-web-LR.pdf
921,Wilson Benesch,A.C.T. 25,effective_length_mm,235.0,,mm,235 mm,parsed,0.95,,Wilson Benesch analogue brochure,https://nirvanasound.com/wp-content/uploads/brochures/Wilson-Benesch-Analogue-brochure-web-LR.pdf
924,Wilson Benesch,A.C.T. 25,effective_mass_g,9.0,,g,9 g,parsed,0.95,,Wilson Benesch analogue brochure,https://nirvanasound.com/wp-content/uploads/brochures/Wilson-Benesch-Analogue-brochure-web-LR.pdf
922,Wilson Benesch,A.C.T. 25,mounting_distance_mm,217.0,,mm,217 mm spindle to pillar,parsed,0.95,,Wilson Benesch analogue brochure,https://nirvanasound.com/wp-content/uploads/brochures/Wilson-Benesch-Analogue-brochure-web-LR.pdf
1602,Wilson Benesch,A.C.T. 25,null_alignment_type,,Unknown,,Unknown,derived,0.4,Defaulted because the current source set does not explicitly specify a null alignment family.,Wilson Benesch analogue brochure,https://nirvanasound.com/wp-content/uploads/brochures/Wilson-Benesch-Analogue-brochure-web-LR.pdf
923,Wilson Benesch,A.C.T. 25,overhang_mm,18.0,,mm,18 mm,parsed,0.95,,Wilson Benesch analogue brochure,https://nirvanasound.com/wp-content/uploads/brochures/Wilson-Benesch-Analogue-brochure-web-LR.pdf
1044,Wilson Benesch,A.C.T. Two,cartridge_range_high_g,16.0,,g,5-16 g,parsed,0.8,,Wilson Benesch analogue owner manual,https://www.decibel.ch/upfiles/documents/wilson-beneschanaloguemanual-52281.pdf
1043,Wilson Benesch,A.C.T. Two,cartridge_range_low_g,5.0,,g,5-16 g,parsed,0.8,,Wilson Benesch analogue owner manual,https://www.decibel.ch/upfiles/documents/wilson-beneschanaloguemanual-52281.pdf
1039,Wilson Benesch,A.C.T. Two,effective_length_mm,235.0,,mm,235 mm,parsed,0.9,,Wilson Benesch analogue owner manual,https://www.decibel.ch/upfiles/documents/wilson-beneschanaloguemanual-52281.pdf
1042,Wilson Benesch,A.C.T. Two,effective_mass_g,9.0,,g,Manual reuses ACT 0.5 / ACT Two technical block,parsed,0.7,Manual technical block is shared between ACT 0.5 and ACT Two.,Wilson Benesch analogue owner manual,https://www.decibel.ch/upfiles/documents/wilson-beneschanaloguemanual-52281.pdf
1040,Wilson Benesch,A.C.T. Two,mounting_distance_mm,217.0,,mm,217 mm spindle to pillar,parsed,0.9,,Wilson Benesch analogue owner manual,https://www.decibel.ch/upfiles/documents/wilson-beneschanaloguemanual-52281.pdf
1623,Wilson Benesch,A.C.T. Two,null_alignment_type,,Unknown,,Unknown,derived,0.4,Defaulted because the current source set does not explicitly specify a null alignment family.,Wilson Benesch analogue owner manual,https://www.decibel.ch/upfiles/documents/wilson-beneschanaloguemanual-52281.pdf
1041,Wilson Benesch,A.C.T. Two,overhang_mm,18.0,,mm,18 mm,parsed,0.9,,Wilson Benesch analogue owner manual,https://www.decibel.ch/upfiles/documents/wilson-beneschanaloguemanual-52281.pdf
745,Wilson Benesch,ACT2& ACT 0.5,effective_length_mm,237.0,,mm,237,parsed,0.6,,BIGLOBE Arm Data,https://www7a.biglobe.ne.jp/~yosh/armdata.htm
1574,Wilson Benesch,ACT2& ACT 0.5,null_alignment_type,,Baewald,,66.000 / 121.000 mm,derived,0.85,Backfilled from null-point pair proximity to reference alignments; nearest-reference distance 0.100 mm.,BIGLOBE Arm Data,https://www7a.biglobe.ne.jp/~yosh/armdata.htm
749,Wilson Benesch,ACT2& ACT 0.5,null_point_inner_mm,66.0,,mm,66/121,parsed,0.6,,BIGLOBE Arm Data,https://www7a.biglobe.ne.jp/~yosh/armdata.htm
750,Wilson Benesch,ACT2& ACT 0.5,null_point_outer_mm,121.0,,mm,66/121,parsed,0.6,,BIGLOBE Arm Data,https://www7a.biglobe.ne.jp/~yosh/armdata.htm
748,Wilson Benesch,ACT2& ACT 0.5,null_points,,66/121,,66/121,parsed,0.6,,BIGLOBE Arm Data,https://www7a.biglobe.ne.jp/~yosh/armdata.htm
747,Wilson Benesch,ACT2& ACT 0.5,offset_angle_deg,23.22,,deg,23.22,parsed,0.6,,BIGLOBE Arm Data,https://www7a.biglobe.ne.jp/~yosh/armdata.htm
746,Wilson Benesch,ACT2& ACT 0.5,overhang_mm,17.5,,mm,17.5,parsed,0.6,,BIGLOBE Arm Data,https://www7a.biglobe.ne.jp/~yosh/armdata.htm
2672,Wilson Benesch,ACT2& ACT 0.5,product_lineage,,"The mirrored Wilson Benesch analogue manual explicitly provides tonearm geometry for ACT 0.5 and ACT Two, supporting the grouped historic Wilson Benesch row.",,Wilson Benesch analogue manual geometry for ACT 0.5 and ACT Two,parsed,0.85,Manual-mirror support for grouped row.,Microsoft Word - Analogue Manual 09 PDF.doc,https://www.decibel.ch/upfiles/documents/wilson-beneschanaloguemanual-52281.pdf
932,Wilson Benesch,Nanotube One,cartridge_range_high_g,13.5,,g,9-13.5 g,parsed,0.9,,Wilson Benesch analogue brochure,https://nirvanasound.com/wp-content/uploads/brochures/Wilson-Benesch-Analogue-brochure-web-LR.pdf
931,Wilson Benesch,Nanotube One,cartridge_range_low_g,9.0,,g,9-13.5 g,parsed,0.9,,Wilson Benesch analogue brochure,https://nirvanasound.com/wp-content/uploads/brochures/Wilson-Benesch-Analogue-brochure-web-LR.pdf
927,Wilson Benesch,Nanotube One,effective_length_mm,235.0,,mm,235 mm,parsed,0.95,,Wilson Benesch analogue brochure,https://nirvanasound.com/wp-content/uploads/brochures/Wilson-Benesch-Analogue-brochure-web-LR.pdf
930,Wilson Benesch,Nanotube One,effective_mass_g,8.0,,g,8 g,parsed,0.95,,Wilson Benesch analogue brochure,https://nirvanasound.com/wp-content/uploads/brochures/Wilson-Benesch-Analogue-brochure-web-LR.pdf
928,Wilson Benesch,Nanotube One,mounting_distance_mm,217.0,,mm,217 mm spindle to pillar,parsed,0.95,,Wilson Benesch analogue brochure,https://nirvanasound.com/wp-content/uploads/brochures/Wilson-Benesch-Analogue-brochure-web-LR.pdf
1603,Wilson Benesch,Nanotube One,null_alignment_type,,Unknown,,Unknown,derived,0.4,Defaulted because the current source set does not explicitly specify a null alignment family.,Wilson Benesch analogue brochure,https://nirvanasound.com/wp-content/uploads/brochures/Wilson-Benesch-Analogue-brochure-web-LR.pdf
929,Wilson Benesch,Nanotube One,overhang_mm,18.0,,mm,18 mm,parsed,0.95,,Wilson Benesch analogue brochure,https://nirvanasound.com/wp-content/uploads/brochures/Wilson-Benesch-Analogue-brochure-web-LR.pdf
367,Yamaha,YSA-1,effective_length_mm,262.0,,mm,262,parsed,0.6,,BIGLOBE Arm Data,https://www7a.biglobe.ne.jp/~yosh/armdata.htm
1511,Yamaha,YSA-1,null_alignment_type,,Other,,60.000 / 119.000 mm,derived,0.75,Backfilled from null-point pair proximity to reference alignments; nearest-reference distance 1.613 mm.,BIGLOBE Arm Data,https://www7a.biglobe.ne.jp/~yosh/armdata.htm
371,Yamaha,YSA-1,null_point_inner_mm,60.0,,mm,60/119,parsed,0.6,,BIGLOBE Arm Data,https://www7a.biglobe.ne.jp/~yosh/armdata.htm
372,Yamaha,YSA-1,null_point_outer_mm,119.0,,mm,60/119,parsed,0.6,,BIGLOBE Arm Data,https://www7a.biglobe.ne.jp/~yosh/armdata.htm
370,Yamaha,YSA-1,null_points,,60/119,,60/119,parsed,0.6,,BIGLOBE Arm Data,https://www7a.biglobe.ne.jp/~yosh/armdata.htm
369,Yamaha,YSA-1,offset_angle_deg,20.0,,deg,20,parsed,0.6,,BIGLOBE Arm Data,https://www7a.biglobe.ne.jp/~yosh/armdata.htm
368,Yamaha,YSA-1,overhang_mm,14.0,,mm,14,parsed,0.6,,BIGLOBE Arm Data,https://www7a.biglobe.ne.jp/~yosh/armdata.htm
2621,Yamaha,YSA-1,product_lineage,,Yamaha YSA-1 is documented by official historical specifications as the full-integrated straight arm supplied for the GT-series ecosystem.,,YSA-1 official historical page,parsed,0.8,Official historical support for exact model.,YAMAHA YSA-1の仕様 ヤマハ,https://audio-heritage.jp/YAMAHA/etc/ysa-1.html
2622,Yamaha,YSA-1,product_lineage,,Official Yamaha GT-2000X product page documents the system as fitted with the YSA-1 straight arm.,,GT-2000X fitted with YSA-1,parsed,0.7,Official system-level support for exact model.,YAMAHA GT-2000Xの仕様 ヤマハ,https://audio-heritage.jp/YAMAHA/player/gt-2000x.html
373,Yamaha,YSA-2 pure straight arm,effective_length_mm,228.0,,mm,228,parsed,0.6,,BIGLOBE Arm Data,https://www7a.biglobe.ne.jp/~yosh/armdata.htm
1512,Yamaha,YSA-2 pure straight arm,null_alignment_type,,Other,,-97.570 / 97.570 mm,derived,0.65,"Backfilled from derived null points using effective length, mounting distance/overhang, and offset angle; nearest-reference distance 159.138 mm.",BIGLOBE Arm Data,https://www7a.biglobe.ne.jp/~yosh/armdata.htm
377,Yamaha,YSA-2 pure straight arm,null_point_inner_mm,97.6,,mm,97.6,parsed,0.6,,BIGLOBE Arm Data,https://www7a.biglobe.ne.jp/~yosh/armdata.htm
378,Yamaha,YSA-2 pure straight arm,null_point_outer_mm,,,mm,97.6,raw_only,0.6,,BIGLOBE Arm Data,https://www7a.biglobe.ne.jp/~yosh/armdata.htm
376,Yamaha,YSA-2 pure straight arm,null_points,,97.6,,97.6,parsed,0.6,,BIGLOBE Arm Data,https://www7a.biglobe.ne.jp/~yosh/armdata.htm
375,Yamaha,YSA-2 pure straight arm,offset_angle_deg,0.0,,deg,0,parsed,0.6,,BIGLOBE Arm Data,https://www7a.biglobe.ne.jp/~yosh/armdata.htm
374,Yamaha,YSA-2 pure straight arm,overhang_mm,-20.0,,mm,-20,parsed,0.6,,BIGLOBE Arm Data,https://www7a.biglobe.ne.jp/~yosh/armdata.htm
2623,Yamaha,YSA-2 pure straight arm,product_lineage,,Yamaha YSA-2 is documented by official historical specifications as the limited-production pure straight arm with zero offset-angle structure for the GT-series ecosystem.,,YSA-2 official historical page,parsed,0.8,Official historical support for exact model.,YAMAHA YSA-2の仕様 ヤマハ,https://audio-heritage.jp/YAMAHA/etc/ysa-2.html
2624,Yamaha,YSA-2 pure straight arm,product_lineage,,Official Yamaha GT-2000/GT-2000L product page documents YSA-2 as an optional straight arm for the GT-series platform.,,GT-2000 optional YSA-2,parsed,0.7,Official system-level support for exact model.,YAMAHA GT-2000/GT-2000Lの仕様 ヤマハ,https://audio-heritage.jp/YAMAHA/player/gt-2000.html
751,Zeta,Zeta,effective_length_mm,228.6,,mm,228.6,parsed,0.6,,BIGLOBE Arm Data,https://www7a.biglobe.ne.jp/~yosh/armdata.htm
1575,Zeta,Zeta,null_alignment_type,,Other,,68.000 / 116.000 mm,derived,0.75,Backfilled from null-point pair proximity to reference alignments; nearest-reference distance 2.364 mm.,BIGLOBE Arm Data,https://www7a.biglobe.ne.jp/~yosh/armdata.htm
755,Zeta,Zeta,null_point_inner_mm,68.0,,mm,68/116,parsed,0.6,,BIGLOBE Arm Data,https://www7a.biglobe.ne.jp/~yosh/armdata.htm
756,Zeta,Zeta,null_point_outer_mm,116.0,,mm,68/116,parsed,0.6,,BIGLOBE Arm Data,https://www7a.biglobe.ne.jp/~yosh/armdata.htm
754,Zeta,Zeta,null_points,,68/116,,68/116,parsed,0.6,,BIGLOBE Arm Data,https://www7a.biglobe.ne.jp/~yosh/armdata.htm
753,Zeta,Zeta,offset_angle_deg,23.75,,deg,23.75,parsed,0.6,,BIGLOBE Arm Data,https://www7a.biglobe.ne.jp/~yosh/armdata.htm
752,Zeta,Zeta,overhang_mm,18.0,,mm,18,parsed,0.6,,BIGLOBE Arm Data,https://www7a.biglobe.ne.jp/~yosh/armdata.htm
2659,Zeta,Zeta,product_lineage,,Zeta Arm is documented by mirrored original-manual support as the handmade gimbal-bearing Zeta tonearm.,,Zeta Arm manual page,parsed,0.8,Manual-mirror support for exact model.,Zeta Arm HandMade Gimbal Bearing Tonearm Manual,https://www.vinylengine.com/library/zeta/arm.shtml
